date,open,high,low,close,volume,amount,outstanding_share,turnover
2025-04-10,15.88,16.9,15.85,16.62,62073400.0,1029114655.0,400060000.0,0.1551602259661051
2025-04-11,16.25,17.2,16.25,16.83,47068607.0,794259829.0,400060000.0,0.117653869419587
2025-04-14,17.14,17.29,16.83,16.93,31753927.0,542424680.0,400060000.0,0.0793729115632655
2025-04-15,16.92,17.76,16.74,17.51,42393596.0,733496054.0,400060000.0,0.1059680947857821
2025-04-16,17.14,18.13,16.97,17.16,44510436.0,779661698.0,400060000.0,0.1112594010898365
2025-04-17,16.78,17.33,16.58,16.6,35131288.0,594959134.0,400060000.0,0.0878150477428385
2025-04-18,16.6,16.79,16.33,16.53,20999700.0,348285257.0,400060000.0,0.0524913762935559
2025-04-21,16.32,17.18,16.28,17.07,29223300.0,490480140.0,400060000.0,0.073047292906064
2025-04-22,16.94,17.1,16.56,16.56,20113100.0,337234739.0,400060000.0,0.0502752087186922
2025-04-23,16.65,18.21,16.65,18.21,37409921.0,668117606.0,400060000.0,0.0935107758836174
2025-04-24,18.68,19.44,18.27,18.48,80533900.0,1520938771.0,400060000.0,0.2013045543168524
2025-04-25,18.48,19.22,17.97,18.96,57362700.0,1073983301.0,400060000.0,0.1433852422136679
2025-04-28,18.94,18.94,18.2,18.26,33780500.0,623986727.0,400060000.0,0.0844385842123681
2025-04-29,17.94,19.44,17.83,19.44,55489306.0,1053099316.0,400060000.0,0.1387024596310553
2025-04-30,19.34,21.38,19.15,20.02,67713200.0,1349732424.0,400060000.0,0.1692576113582962
2025-05-06,20.02,20.92,19.85,20.2,58034599.0,1178030766.0,400060000.0,0.1450647377893316
2025-05-07,20.25,21.5,19.83,21.21,68047790.0,1407856631.0,400060000.0,0.1700939609058641
2025-05-08,20.73,21.33,20.54,20.8,43628597.0,915008194.0,400060000.0,0.1090551342298655
2025-05-09,20.58,20.59,19.64,19.94,36323200.0,730929292.0,400060000.0,0.0907943808428735
2025-05-12,20.19,20.72,20.12,20.21,30094331.0,614601385.0,400060000.0,0.0752245438184272
2025-05-13,20.38,20.74,19.93,20.21,33370200.0,680401177.0,400060000.0,0.0834129880517922
2025-05-14,19.93,20.29,19.64,19.82,29716801.0,593599716.0,400060000.0,0.0742808603709443
2025-05-15,19.64,19.89,19.18,19.2,25619646.0,498365736.0,400060000.0,0.0640395090736389
2025-05-16,19.14,20.88,18.99,20.17,57504406.0,1173066243.0,400060000.0,0.1437394540818877
2025-05-19,19.9,20.26,19.2,19.75,35535000.0,697947320.0,400060000.0,0.0888241763735439
2025-05-20,19.75,19.8,19.32,19.43,22812600.0,446239282.0,400060000.0,0.0570229465580163
2025-05-21,19.25,19.29,18.72,18.8,26357100.0,499070934.0,400060000.0,0.0658828675698645
2025-05-22,18.73,18.99,18.44,18.47,17185301.0,322236790.0,400060000.0,0.0429568089786532
2025-05-23,18.57,18.82,18.04,18.09,22916900.0,423387768.0,400060000.0,0.0572836574513822
2025-05-26,18.09,18.3,17.86,18.3,17242800.0,312297735.0,400060000.0,0.043100534919762
2025-05-27,18.21,18.21,17.84,17.94,15586935.0,281166670.0,400060000.0,0.0389614932760086
2025-05-28,17.92,18.24,17.74,17.77,16225200.0,291697284.0,400060000.0,0.0405569164625306
2025-05-29,17.65,18.08,17.65,17.86,15004600.0,269300655.0,400060000.0,0.0375058741188821
2025-05-30,17.85,17.85,17.09,17.17,15955700.0,276969280.0,400060000.0,0.0398832675098735
2025-06-03,16.95,17.5,16.89,17.27,12386800.0,214737930.0,400060000.0,0.030962355646653
2025-06-04,17.35,17.48,17.22,17.33,10351275.0,179945662.0,400060000.0,0.0258743063540468
2025-06-05,17.44,17.78,17.16,17.61,20279600.0,356669569.0,400060000.0,0.0506913962905564
2025-06-06,17.55,17.78,17.26,17.38,12410500.0,216769813.0,400060000.0,0.0310215967604859
2025-06-09,17.42,17.72,17.39,17.44,11499100.0,202237216.0,400060000.0,0.0287434384842273
2025-06-10,17.44,17.53,16.66,17.11,18968500.0,324378082.0,400060000.0,0.0474141378793181
2025-06-11,17.15,17.61,17.05,17.27,17567400.0,305129836.0,400060000.0,0.043911913213018
2025-06-12,17.1,17.21,16.97,17.02,11624000.0,199202869.0,400060000.0,0.0290556416537519
2025-06-13,16.97,16.99,16.56,16.62,12196400.0,204319645.0,400060000.0,0.0304864270359446
2025-06-16,16.4,16.77,16.4,16.68,7875397.0,131675156.0,400060000.0,0.0196855396690496
2025-06-17,16.64,16.84,16.57,16.67,7838800.0,131246687.0,400060000.0,0.0195940608908663
2025-06-18,16.68,16.79,16.43,16.67,9733300.0,161978496.0,400060000.0,0.024329600559916
2025-06-19,16.67,16.98,16.35,16.41,17033800.0,285364868.0,400060000.0,0.0425781132830075
2025-06-20,16.5,16.55,15.94,15.97,12650700.0,204555211.0,400060000.0,0.0316220066989951
2025-06-23,15.71,16.1,15.71,16.02,8864400.0,142080119.0,400060000.0,0.0221576763485477
2025-06-24,16.22,17.62,16.13,17.62,28915200.0,497513627.0,400060000.0,0.072277158426236
2025-06-25,18.54,19.33,18.15,19.0,76555579.0,1443868714.0,400060000.0,0.1913602434634805
2025-06-26,18.69,19.44,18.58,18.62,54925600.0,1041583720.0,400060000.0,0.1372934059891016
2025-06-27,18.72,18.78,18.29,18.62,31122270.0,579597146.0,400060000.0,0.0777940058991151
2025-06-30,18.74,18.74,18.52,18.67,26067258.0,487145766.0,400060000.0,0.0651583712443133
2025-07-01,18.67,18.68,18.37,18.48,17808201.0,330422845.0,400060000.0,0.044513825426186
2025-07-02,18.54,18.54,17.72,17.86,21732700.0,393117915.0,400060000.0,0.054323601459781
2025-07-03,17.91,18.21,17.64,17.79,14371901.0,257115533.0,400060000.0,0.0359243638454231
2025-07-04,17.74,17.93,17.59,17.63,14248800.0,253496307.0,400060000.0,0.0356166575013747
2025-07-07,17.52,17.75,17.44,17.72,11656700.0,205914415.0,400060000.0,0.029137379393091
2025-07-08,17.62,18.0,17.5,17.87,17127010.0,305926695.0,400060000.0,0.0428111033344998
2025-07-09,18.23,19.43,17.97,18.13,45319352.0,847363745.0,400060000.0,0.1132813877918312
2025-07-10,17.85,17.91,17.21,17.29,28187593.0,491231400.0,400060000.0,0.0704584137379393
2025-07-11,17.27,17.98,17.12,17.78,25310843.0,443983554.0,400060000.0,0.0632676173573963
2025-07-14,18.1,18.82,17.76,18.68,39533835.0,727003932.0,400060000.0,0.0988197645353197
2025-07-15,18.69,18.76,18.25,18.48,26052341.0,480612697.0,400060000.0,0.0651210843373494
2025-07-16,18.6,18.97,18.23,18.46,26806900.0,498653752.0,400060000.0,0.0670071989201619
2025-07-17,18.3,18.86,18.1,18.66,27088900.0,503075635.0,400060000.0,0.0677120931860221
2025-07-18,18.58,18.78,18.36,18.49,18303900.0,339020864.0,400060000.0,0.0457528870669399
2025-07-21,18.8,19.14,18.51,19.02,38541976.0,726279001.0,400060000.0,0.096340488926661
2025-07-22,19.0,19.0,18.42,18.46,27876276.0,519067401.0,400060000.0,0.0696802379643053
2025-07-23,18.37,18.38,17.89,17.93,20836613.0,376284445.0,400060000.0,0.0520837199420087
2025-07-24,17.89,19.31,17.89,18.55,37503808.0,703374891.0,400060000.0,0.0937454581812728
2025-07-25,18.31,18.39,18.01,18.25,20429641.0,370778468.0,400060000.0,0.0510664425336199
2025-07-28,18.26,18.48,18.19,18.28,13638884.0,249383936.0,400060000.0,0.0340920961855721
2025-07-29,18.23,18.23,17.94,18.12,11915876.0,214952110.0,400060000.0,0.0297852222166675
2025-07-30,17.98,18.05,17.6,17.81,13722131.0,244984275.0,400060000.0,0.0343001824726291
2025-07-31,17.8,17.96,17.59,17.67,10748730.0,191250748.0,400060000.0,0.0268677948307753
2025-08-01,17.66,17.73,17.42,17.56,9294630.0,162934151.0,400060000.0,0.0232330900364945
2025-08-04,17.45,17.99,17.38,17.99,11656500.0,207695036.0,400060000.0,0.0291368794680797
2025-08-05,18.03,18.15,17.8,17.99,12015811.0,215798719.0,400060000.0,0.030035022246663
2025-08-06,17.97,19.79,17.86,19.79,69183599.0,1324763621.0,400060000.0,0.1729330575413687
2025-08-07,20.38,20.97,20.01,20.14,93169814.0,1895248559.0,400060000.0,0.232889601559766
2025-08-08,19.99,20.17,19.45,19.48,45801200.0,902726126.0,400060000.0,0.1144858271259311
2025-08-11,19.48,19.7,19.41,19.59,30825512.0,602743492.0,400060000.0,0.077052222166675
2025-08-12,19.92,20.45,19.6,19.67,51445476.0,1029035307.0,400060000.0,0.128594400839874
2025-08-13,19.3,20.1,19.21,19.91,46811322.0,921497178.0,400060000.0,0.1170107533869919
2025-08-14,19.78,20.0,19.13,19.54,39582551.0,775174761.0,400060000.0,0.0989415362695595
2025-08-15,19.47,20.42,19.44,20.19,44738292.0,897500705.0,400060000.0,0.1118289556566515
2025-08-18,20.42,20.59,19.9,20.26,45822893.0,926424616.0,400060000.0,0.1145400514922761
2025-08-19,20.12,20.85,19.69,20.46,47109301.0,956586333.0,400060000.0,0.1177555891616257
2025-08-20,20.3,21.49,20.15,21.23,55841649.0,1166647094.0,400060000.0,0.1395831850222466
2025-08-21,22.06,22.5,20.36,20.42,56073133.0,1190159414.0,400060000.0,0.1401618082287656
2025-08-22,20.18,20.47,20.03,20.37,32036138.0,647904772.0,400060000.0,0.0800783332500125
2025-08-25,20.52,20.74,20.2,20.39,32845764.0,671605104.0,400060000.0,0.0821020946857971
2025-08-26,20.12,20.22,19.87,19.88,28181009.0,563131071.0,400060000.0,0.070441956206569
2025-08-27,19.74,20.1,19.62,19.62,23595497.0,470068210.0,400060000.0,0.0589798955156726
2025-08-28,19.51,19.71,18.72,19.57,26438995.0,509338277.0,400060000.0,0.0660875743638454
2025-08-29,19.44,19.78,19.22,19.61,18434657.0,359910104.0,400060000.0,0.0460797305404189
2025-09-01,19.77,19.78,19.3,19.38,13856839.0,269126501.0,400060000.0,0.0346369019647052
2025-09-02,19.5,20.3,18.7,20.09,37797150.0,741519490.0,400060000.0,0.0944787031945208
2025-09-03,20.12,20.22,18.88,18.9,23100005.0,448775106.0,400060000.0,0.0577413512973054
2025-09-04,19.15,19.17,17.81,18.2,18563149.0,344699551.0,400060000.0,0.0464009123631455
2025-09-05,18.35,18.57,18.0,18.55,12415574.0,228458352.0,400060000.0,0.0310342798580212
2025-09-08,18.57,19.5,18.55,19.44,23871246.0,456806976.0,400060000.0,0.0596691646253062
2025-09-09,19.44,19.44,18.93,19.05,14495841.0,277286310.0,400060000.0,0.0362341673748937
2025-09-10,18.96,19.19,18.88,18.99,9609000.0,182769045.0,400060000.0,0.0240188971654251
2025-09-11,19.1,19.35,18.93,19.34,14295388.0,274254967.0,400060000.0,0.0357331100334949
2025-09-12,19.51,19.7,19.26,19.36,19430575.0,378420604.0,400060000.0,0.0485691521271809
2025-09-15,19.29,19.57,19.12,19.15,11946371.0,230426186.0,400060000.0,0.0298614482827575
2025-09-16,19.1,19.8,19.04,19.76,24964860.0,487363012.0,400060000.0,0.0624027895815627
2025-09-17,19.69,20.19,19.61,19.9,28489992.0,568927340.0,400060000.0,0.0712142978553217
2025-09-18,19.95,20.23,19.21,19.51,34464594.0,685888593.0,400060000.0,0.0861485627155926
2025-09-19,19.49,19.49,18.8,18.94,20100400.0,381599870.0,400060000.0,0.0502434634804779
2025-09-22,18.8,19.1,18.72,19.0,10500937.0,198141427.0,400060000.0,0.0262484052392141
2025-09-23,18.84,18.97,18.2,18.6,13827050.0,255471521.0,400060000.0,0.0345624406339049
2025-09-24,18.31,19.05,18.22,18.92,13467116.0,251610982.0,400060000.0,0.0336627405889116
2025-09-25,18.79,19.2,18.73,18.76,11359156.0,215466579.0,400060000.0,0.0283936309553566
2025-09-26,18.71,18.73,18.3,18.3,8760835.0,161774957.0,400060000.0,0.021898802679598
2025-09-29,18.17,18.42,18.1,18.33,7060214.0,129106806.0,400060000.0,0.0176478878168274
2025-09-30,18.34,18.44,18.31,18.35,7095101.0,130167546.0,400060000.0,0.0177350922361645
2025-10-09,18.35,18.65,18.2,18.54,8534273.0,157659413.0,400060000.0,0.0213324826276058
2025-10-10,18.48,18.64,18.31,18.35,7444200.0,137458698.0,400060000.0,0.0186077088436734
2025-10-13,17.48,17.95,17.3,17.9,9635697.0,170153052.0,400060000.0,0.0240856296555516
2025-10-14,18.26,18.27,17.67,17.68,8343771.0,149541514.0,400060000.0,0.0208562990551417
2025-10-15,17.75,18.11,17.42,17.99,7502370.0,133442127.0,400060000.0,0.018753112033195
2025-10-16,17.81,17.94,17.51,17.55,6728341.0,118806754.0,400060000.0,0.0168183297505374
2025-10-17,17.51,17.68,17.05,17.05,7379401.0,127666244.0,400060000.0,0.018445735639654
2025-10-20,17.09,17.36,17.09,17.29,4915018.0,84745565.0,400060000.0,0.0122857021446782
2025-10-21,17.34,17.42,17.1,17.41,5242806.0,90666072.0,400060000.0,0.0131050492426136
2025-10-22,17.3,17.51,17.22,17.3,4772304.0,82783350.0,400060000.0,0.0119289706544018
2025-10-23,17.25,17.36,17.01,17.36,5016091.0,85961218.0,400060000.0,0.0125383467479878
2025-10-24,17.41,17.54,17.33,17.54,5981093.0,104621997.0,400060000.0,0.014950489926511
2025-10-27,17.61,17.69,17.5,17.59,5545265.0,97510915.0,400060000.0,0.0138610833374993
2025-10-28,17.6,17.7,17.46,17.69,5915752.0,104265892.0,400060000.0,0.0147871619257111
2025-10-29,17.69,17.75,17.58,17.73,6346837.0,112136914.0,400060000.0,0.015864712793081
2025-10-30,17.74,18.53,17.66,18.16,16341997.0,296393353.0,400060000.0,0.0408488651702244
2025-10-31,18.09,18.31,17.9,18.16,7702563.0,139836659.0,400060000.0,0.0192535194720791
2025-11-03,18.24,18.24,17.94,18.05,6012299.0,108331749.0,400060000.0,0.015028493226016
2025-11-04,18.07,18.08,17.54,17.62,6739299.0,119445313.0,400060000.0,0.0168457206419037
2025-11-05,17.49,17.65,17.39,17.5,5536821.0,97098115.0,400060000.0,0.0138399765035244
2025-11-06,17.5,17.92,17.43,17.79,6700176.0,118865275.0,400060000.0,0.0167479278108283
2025-11-07,17.69,17.74,17.46,17.46,5602125.0,98206160.0,400060000.0,0.0140032120181972
2025-11-10,17.56,17.56,17.35,17.4,4391541.0,76410796.0,400060000.0,0.0109772059191121
2025-11-11,17.4,17.55,17.4,17.43,3880700.0,67793438.0,400060000.0,0.0097002949557566
2025-11-12,17.43,17.45,17.06,17.11,5031030.0,86404479.0,400060000.0,0.0125756886467029
2025-11-13,17.19,17.2,17.03,17.14,3602652.0,61709709.0,400060000.0,0.0090052792081187
2025-11-14,17.13,17.18,17.0,17.01,4773132.0,81497462.0,400060000.0,0.0119310403439484
2025-11-17,17.02,17.1,16.78,16.96,5361867.0,90630210.0,400060000.0,0.0134026571014347
2025-11-18,16.93,16.99,16.8,16.81,3777001.0,63636247.0,400060000.0,0.0094410863370494
2025-11-19,16.81,16.87,16.51,16.61,4631273.0,77065942.0,400060000.0,0.011576446033095
2025-11-20,16.72,16.76,16.33,16.38,4551321.0,74937242.0,400060000.0,0.0113765960105984
2025-11-21,16.36,17.07,16.2,16.66,11697307.0,194640235.0,400060000.0,0.0292388816677498
2025-11-24,16.72,16.88,16.36,16.83,6688086.0,111334543.0,400060000.0,0.0167177073438984
2025-11-25,16.7,16.92,16.68,16.85,6607905.0,111164470.0,400060000.0,0.0165172849072639
2025-11-26,16.85,16.86,16.6,16.6,5104178.0,85409829.0,400060000.0,0.0127585312203169
2025-11-27,16.6,16.73,16.59,16.6,3806762.0,63416665.0,400060000.0,0.0095154776783482
2025-11-28,16.56,17.56,16.42,17.13,12101320.0,207324862.0,400060000.0,0.0302487626855971
2025-12-01,16.95,17.19,16.88,17.12,5824100.0,99391293.0,400060000.0,0.0145580662900564
2025-12-02,17.17,17.17,16.8,16.87,4584928.0,77507266.0,400060000.0,0.0114606009098635
2025-12-03,16.98,17.0,16.72,16.88,3571110.0,60133474.0,400060000.0,0.0089264360345948
2025-12-04,17.04,17.57,17.04,17.42,16578023.0,288163477.0,400060000.0,0.0414388416737489
2025-12-05,17.2,17.35,17.05,17.33,8767821.0,150859877.0,400060000.0,0.0219162650602409
2025-12-08,17.22,17.4,17.22,17.31,6889978.0,119191682.0,400060000.0,0.0172223616457531
2025-12-09,17.35,17.37,17.08,17.13,5733500.0,98629744.0,400060000.0,0.014331600259961
2025-12-10,17.04,17.15,16.95,17.11,3702792.0,63117526.0,400060000.0,0.0092555916612508
2025-12-11,17.11,17.14,16.65,16.65,6085634.0,102456920.0,400060000.0,0.0152118032295155
2025-12-12,16.6,16.82,16.6,16.74,3304100.0,55259109.0,400060000.0,0.0082590111483277
2025-12-15,16.61,16.79,16.5,16.58,3354602.0,55804480.0,400060000.0,0.008385247212918
2025-12-16,16.69,16.69,16.12,16.14,6010500.0,97569339.0,400060000.0,0.0150239964005399
2025-12-17,16.15,16.27,15.79,16.18,5780051.0,92255232.0,400060000.0,0.0144479603059541
2025-12-18,16.03,16.28,16.0,16.04,3093110.0,49928202.0,400060000.0,0.0077316152577113
2025-12-19,16.05,16.31,16.05,16.25,4134901.0,67248354.0,400060000.0,0.0103357021446782
2025-12-22,16.45,16.62,16.34,16.53,4730700.0,78104733.0,400060000.0,0.0118249762535619
2025-12-23,16.5,16.52,16.21,16.26,3415000.0,55736240.0,400060000.0,0.0085362195670649
2025-12-24,16.24,16.45,16.2,16.42,2844900.0,46579693.0,400060000.0,0.0071111833225016
2025-12-25,16.48,16.89,16.38,16.88,8617700.0,144588337.0,400060000.0,0.0215410188471729
2025-12-26,16.9,17.05,16.72,16.89,7001917.0,118317981.0,400060000.0,0.0175021671749237
2025-12-29,16.78,17.17,16.76,16.99,9173010.0,155993742.0,400060000.0,0.0229290856371544
2025-12-30,16.89,17.62,16.83,17.58,16668110.0,289489465.0,400060000.0,0.0416640253961905
2025-12-31,17.67,17.68,17.25,17.35,10501269.0,182282128.0,400060000.0,0.0262492351147327
2026-01-05,17.26,17.39,17.03,17.36,8107907.0,140220360.0,400060000.0,0.0202667274908763
2026-01-06,17.34,17.43,17.23,17.3,7571714.0,131076623.0,400060000.0,0.018926446033095
2026-01-07,17.21,17.35,17.11,17.17,6847929.0,117838281.0,400060000.0,0.0171172549117632
2026-01-08,17.21,17.5,17.18,17.39,8865541.0,154212200.0,400060000.0,0.0221605284207368
2026-01-09,17.31,17.64,17.29,17.49,8996205.0,157512397.0,400060000.0,0.0224871394290856
2026-01-12,17.51,17.74,17.45,17.73,11070366.0,195101355.0,400060000.0,0.0276717642353646
2026-01-13,17.88,17.89,17.37,17.41,9411899.0,165156551.0,400060000.0,0.0235262185672149
2026-01-14,17.41,17.59,17.11,17.3,11332048.0,197017178.0,400060000.0,0.0283258711193321
2026-01-15,17.19,17.44,17.15,17.27,6003000.0,103618811.0,400060000.0,0.0150052492126181
2026-01-16,17.4,17.58,17.22,17.46,8380262.0,146180267.0,400060000.0,0.020947512873069
2026-01-19,17.48,17.87,17.48,17.84,10880900.0,192718259.0,400060000.0,0.0271981702744588
2026-01-20,17.81,17.91,17.59,17.68,7831703.0,138657014.0,400060000.0,0.0195763210518422
2026-01-21,17.56,17.89,17.51,17.68,6247613.0,110631801.0,400060000.0,0.0156166899965005
2026-01-22,17.71,17.98,17.65,17.8,9796300.0,174554177.0,400060000.0,0.0244870769384592
2026-01-23,17.89,18.03,17.76,17.87,8612900.0,153791814.0,400060000.0,0.0215290206469029
2026-01-26,17.88,17.97,17.31,17.43,9260400.0,162662451.0,400060000.0,0.0231475278708193
2026-01-27,17.43,17.48,16.94,17.32,7087500.0,121808625.0,400060000.0,0.017716092586112
2026-01-28,17.33,17.34,16.82,16.88,8321300.0,141179001.0,400060000.0,0.0208001299805029
2026-01-29,16.88,16.96,16.54,16.6,6397000.0,106958940.0,400060000.0,0.0159901014847772
2026-01-30,16.71,16.73,16.37,16.57,6672106.0,110589438.0,400060000.0,0.0166777633354996
2026-02-02,16.5,16.74,16.34,16.34,5458400.0,90409025.0,400060000.0,0.0136439534069889
2026-02-03,16.54,16.72,16.37,16.72,5350952.0,88763104.0,400060000.0,0.0133753736939459
2026-02-04,16.73,16.8,16.6,16.72,3937500.0,65753135.0,400060000.0,0.0098422736589511
2026-02-05,16.67,16.69,16.53,16.57,4205400.0,69841275.0,400060000.0,0.0105119232115182
2026-02-06,16.52,16.8,16.5,16.66,4323500.0,72060812.0,400060000.0,0.0108071289306604
2026-02-09,16.76,16.85,16.63,16.71,4576759.0,76445923.0,400060000.0,0.011440181472779
2026-02-10,16.71,17.01,16.68,16.9,6232400.0,105055594.0,400060000.0,0.0155786632005199
2026-02-11,16.9,16.91,16.78,16.86,3455900.0,58265876.0,400060000.0,0.0086384542318652
2026-02-12,16.86,17.46,16.86,17.21,9557552.0,164515249.0,400060000.0,0.0238902964555316
2026-02-13,17.09,17.3,17.07,17.2,4881000.0,84064511.0,400060000.0,0.012200669899515
2026-02-24,17.55,17.55,16.93,16.96,7551500.0,129058658.0,400060000.0,0.0188759186122081
2026-02-25,17.02,17.06,16.89,16.98,4183514.0,71029965.0,400060000.0,0.0104572164175373
2026-02-26,16.97,17.1,16.92,17.08,4196701.0,71461193.0,400060000.0,0.010490178973154
2026-02-27,17.07,17.11,16.96,17.0,4487808.0,76305827.0,400060000.0,0.0112178373244013
2026-03-02,16.79,16.97,16.59,16.61,6953707.0,116208609.0,400060000.0,0.0173816602509623
2026-03-03,16.61,16.72,15.88,15.88,8527538.0,138303809.0,400060000.0,0.021315647652852
2026-03-04,15.88,16.35,15.66,15.93,8031566.0,128088590.0,400060000.0,0.0200759036144578
2026-03-05,16.15,16.24,16.03,16.07,5188974.0,83607173.0,400060000.0,0.012970489426586
2026-03-06,16.05,16.18,15.98,16.13,3183400.0,51313543.0,400060000.0,0.0079573064040393
2026-03-09,15.96,16.06,15.65,16.0,5121400.0,81148166.0,400060000.0,0.0128015797630355
2026-03-10,16.1,16.3,16.08,16.24,3828400.0,62021273.0,400060000.0,0.0095695645653152
2026-03-11,16.24,16.29,16.1,16.13,3940700.0,63699729.0,400060000.0,0.0098502724591311
2026-03-12,16.14,16.16,15.93,15.95,3774027.0,60416759.0,400060000.0,0.0094336524521321
2026-03-13,15.82,16.04,15.8,15.88,3562000.0,56726810.0,400060000.0,0.0089036644503324
2026-03-16,16.02,16.08,15.7,15.87,3308400.0,52295443.0,400060000.0,0.0082697595360695
2026-03-17,15.91,15.95,15.57,15.59,3998000.0,62904617.0,400060000.0,0.0099935009748537
2026-03-18,15.46,15.69,15.37,15.62,3610200.0,56001877.0,400060000.0,0.0090241463780432
2026-03-19,15.53,15.55,15.12,15.16,5111701.0,78103019.0,400060000.0,0.012777335899615
2026-03-20,15.19,15.3,14.73,14.74,4956800.0,74079059.0,400060000.0,0.0123901414787781
2026-03-23,14.55,14.67,13.89,13.98,7425983.0,106097493.0,400060000.0,0.0185621731740238
2026-03-24,14.54,14.58,14.01,14.33,4150741.0,58915245.0,400060000.0,0.0103752962055691
2026-03-25,14.37,14.65,14.34,14.59,4264600.0,61949848.0,400060000.0,0.0106599010148477
2026-03-26,14.64,14.8,14.28,14.3,3452100.0,50144393.0,400060000.0,0.0086289556566515
2026-03-27,14.3,14.39,14.16,14.35,2655500.0,37991801.0,400060000.0,0.0066377543368494
2026-03-30,14.11,14.38,14.06,14.36,2315800.0,33070993.0,400060000.0,0.0057886317052442
2026-03-31,14.46,14.6,14.33,14.4,3848259.0,55694657.0,400060000.0,0.0096192046193071
2026-04-01,14.56,14.59,14.41,14.5,3209400.0,46520788.0,400060000.0,0.0080222966555016
2026-04-02,14.46,14.46,14.25,14.3,3193275.0,45844432.0,400060000.0,0.0079819902014697
2026-04-03,14.31,14.36,13.91,13.95,2910200.0,40892786.0,400060000.0,0.0072744088386741
2026-04-07,13.78,14.14,13.78,14.03,2020700.0,28296584.0,400060000.0,0.0050509923511473
2026-04-08,14.25,14.52,14.25,14.51,5179260.0,74815805.0,400060000.0,0.0129462080687896
2026-04-09,14.43,14.43,14.18,14.32,3910000.0,55881832.0,400060000.0,0.0097735339699045
2026-04-10,14.35,14.67,14.35,14.57,5040900.0,73443011.0,400060000.0,0.012600359946008
2026-04-13,14.5,14.8,14.4,14.72,4813628.0,70470485.0,400060000.0,0.0120322651602259
2026-04-14,14.81,14.84,14.6,14.72,3204841.0,47046421.0,400060000.0,0.0080109008648702
2026-04-15,14.78,14.81,14.54,14.6,3151800.0,46270017.0,400060000.0,0.0078783182522621
2026-04-16,14.59,14.75,14.55,14.72,3411201.0,49989302.0,400060000.0,0.0085267234914762
2026-04-17,14.75,14.81,14.59,14.76,3989502.0,58622093.0,400060000.0,0.0099722591611258
2026-04-20,14.77,14.91,14.7,14.9,3864437.0,57334698.0,400060000.0,0.0096596435534669
2026-04-21,14.9,14.92,14.65,14.78,3100800.0,45712289.0,400060000.0,0.0077508373743938
2026-04-22,14.79,14.83,14.71,14.82,2996553.0,44307103.0,400060000.0,0.0074902589611558
2026-04-23,14.82,14.85,14.51,14.59,3961129.0,57992758.0,400060000.0,0.009901337299405
2026-04-24,14.55,14.59,14.3,14.49,3307908.0,47727229.0,400060000.0,0.0082685297205419
2026-04-27,14.46,14.79,14.3,14.77,4825660.0,70584006.0,400060000.0,0.0120623406489026
2026-04-28,14.99,16.25,14.9,16.25,22651066.0,357152712.0,400060000.0,0.0566191721241813
2026-04-29,16.22,16.33,15.89,15.94,23665550.0,379228655.0,400060000.0,0.0591550017497375
2026-04-30,15.9,16.28,15.71,15.93,16668887.0,266866592.0,400060000.0,0.0416659676048592
2026-05-06,16.0,16.99,15.73,16.73,25341723.0,414642214.0,400060000.0,0.0633448057791331
2026-05-07,16.49,17.04,16.42,16.71,18275298.0,306096761.0,400060000.0,0.0456813927910813
2026-05-08,16.56,17.9,16.39,16.79,27120905.0,464143913.0,400060000.0,0.0677920936859471
2026-05-11,16.62,17.44,16.46,17.11,22216592.0,377336156.0,400060000.0,0.0555331500274958
2026-05-12,17.11,17.13,16.58,16.65,13881500.0,233034234.0,400060000.0,0.0346985452182172
2026-05-13,16.52,16.84,16.37,16.67,10608924.0,176578710.0,400060000.0,0.0265183322501624
2026-05-14,16.69,16.96,16.08,16.08,12956000.0,213431777.0,400060000.0,0.0323851422286657
2026-05-15,15.98,17.17,15.97,16.97,24185026.0,406368943.0,400060000.0,0.0604534969754536
2026-05-18,17.16,17.35,16.74,16.83,19158996.0,325338245.0,400060000.0,0.0478903064540318
2026-05-19,16.83,17.09,16.65,16.93,13452521.0,227849402.0,400060000.0,0.0336262585612158
2026-05-20,16.72,16.72,16.28,16.29,12104361.0,198395219.0,400060000.0,0.0302563640453931
2026-05-21,16.36,17.8,16.21,17.06,31473923.0,538903174.0,400060000.0,0.0786730065490176
2026-05-22,17.11,17.23,16.79,16.98,18731133.0,317884469.0,400060000.0,0.0468208093785932
2026-05-25,16.99,17.07,16.57,16.84,12879169.0,216350971.0,400060000.0,0.0321930935359696
2026-05-26,16.7,17.48,16.64,17.3,23710386.0,407441471.0,400060000.0,0.0592670749387591
2026-05-27,17.09,17.6,16.8,17.6,23370697.0,401833571.0,400060000.0,0.0584179798030295
2026-05-28,17.43,18.68,17.27,18.57,41669930.0,752312825.0,400060000.0,0.104159201119832
2026-05-29,18.3,18.48,17.66,17.81,24992967.0,449379835.0,400060000.0,0.0624730465430185
2026-06-01,17.46,18.0,17.3,17.76,17093206.0,302182534.0,400060000.0,0.0427266060090986
2026-06-02,17.57,18.2,17.32,17.62,17636625.0,313393468.0,400060000.0,0.0440849497575363
2026-06-03,17.32,17.4,15.86,15.86,28500598.0,457677410.0,400060000.0,0.0712408088786682
2026-06-04,15.25,15.47,14.44,14.5,25343241.0,377098191.0,400060000.0,0.0633486002099685
2026-06-05,,,,14.83,,,,
2026-06-08,,,,14.66,,,,
2026-06-09,,,,14.4,,,,
2026-06-10,,,,13.51,,,,
2026-06-11,,,,13.22,,,,
2026-06-12,,,,13.48,,,,
2026-06-15,,,,13.85,,,,
2026-06-16,,,,13.96,,,,
2026-06-17,,,,13.7,,,,
2026-06-18,,,,13.64,,,,
2026-06-19,,,,13.64,,,,
2026-06-22,,,,13.4,,,,
2026-06-23,,,,13.53,,,,
2026-06-24,,,,13.12,,,,
2026-06-25,,,,12.63,,,,
2026-06-26,,,,12.43,,,,
2026-06-29,,,,12.2,,,,
2026-06-30,,,,12.41,,,,
2026-07-01,,,,12.66,,,,
2026-07-02,,,,13.01,,,,
2026-07-03,,,,14.31,,,,
2026-07-06,,,,14.31,,,,
2026-07-07,,,,14.14,,,,
2026-07-08,,,,13.37,,,,
2026-07-09,,,,13.16,,,,
2026-07-10,,,,13.82,,,,
2026-07-13,,,,12.83,,,,
2026-07-14,,,,12.83,,,,
2026-07-15,,,,13.12,,,,
2026-07-16,,,,12.95,,,,
2026-07-17,,,,12.39,,,,
2026-07-20,,,,12.09,,,,
2026-07-21,,,,12.25,,,,
2026-07-22,,,,11.95,,,,
2026-07-23,,,,12.22,,,,
2026-07-24,,,,11.92,,,,
2026-07-27,,,,12.16,,,,
2026-07-28,,,,12.3,,,,
2026-07-29,,,,12.65,,,,
2026-07-30,,,,12.46,,,,
2026-07-31,,,,12.88,,,,
2026-08-03,,,,13.21,,,,
2026-08-04,,,,13.21,,,,
2026-08-05,,,,13.26,,,,
2026-08-07,,,,13.16,,,,
2026-08-10,,,,13.37,,,,
