日期,阶段,代码,名称,错误,建议重试
2026-07-24,估值字段,688031,星环科技,估值字段仍缺失：PE分位,否
2026-07-24,估值字段,688062,迈威生物,估值字段仍缺失：PE分位,否
2026-07-24,估值字段,688165,埃夫特,估值字段仍缺失：PE分位,否
2026-07-24,估值字段,688176,亚虹医药,估值字段仍缺失：PE分位,否
2026-07-24,估值字段,688180,君实生物,估值字段仍缺失：PE分位,否
2026-07-24,估值字段,688192,迪哲医药,估值字段仍缺失：PE分位,否
2026-07-24,估值字段,688197,首药控股,估值字段仍缺失：PE分位,否
2026-07-24,估值字段,688302,海创药业,估值字段仍缺失：PE分位,否
2026-07-24,估值字段,688316,青云科技,估值字段仍缺失：PE分位,否
2026-07-24,估值字段,688327,云从科技,估值字段仍缺失：PE分位,否
2026-07-24,估值字段,688343,云天励飞,估值字段仍缺失：PE分位,否
2026-07-24,估值字段,688373,盟科药业,估值字段仍缺失：PE分位,否
2026-07-24,估值字段,688382,益方生物,估值字段仍缺失：PE分位,否
2026-07-24,估值字段,688387,信科移动,估值字段仍缺失：PE分位,否
2026-07-24,估值字段,688443,智翔金泰,估值字段仍缺失：PE分位,否
2026-07-24,估值字段,688538,和辉光电,估值字段仍缺失：PE分位,否
2026-07-24,估值字段,688759,必贝特,估值字段仍缺失：PE分位,否
2026-07-24,估值字段,688765,禾元生物,估值字段仍缺失：PE分位,否
2026-07-24,估值字段,920047,诺思兰德,估值字段仍缺失：PE分位,否
2026-07-24,股息,300272,开能健康,股息率批量超时,是
2026-07-24,股息,300274,阳光电源,股息率批量超时,是
2026-07-24,股息,300275,梅安森,股息率批量超时,是
2026-07-24,股息,300276,三丰智能,股息率批量超时,是
2026-07-24,股息,300277,汽轮科技,股息率批量超时,是
2026-07-24,股息,300278,华昌达,股息率批量超时,是
2026-07-24,股息,300279,和晶科技,股息率批量超时,是
2026-07-24,股息,300281,金明精机,股息率批量超时,是
2026-07-24,股息,300284,苏交科,股息率批量超时,是
2026-07-24,股息,300286,安科瑞,股息率批量超时,是
2026-07-24,股息,300287,飞利信,股息率批量超时,是
2026-07-24,股息,300288,朗玛信息,股息率批量超时,是
2026-07-24,股息,300289,利德曼,股息率批量超时,是
2026-07-24,股息,300291,百纳千成,股息率批量超时,是
2026-07-24,股息,300292,吴通控股,股息率批量超时,是
2026-07-24,股息,300293,蓝英装备,股息率批量超时,是
2026-07-24,股息,300294,博雅生物,股息率批量超时,是
2026-07-24,股息,300296,利亚德,股息率批量超时,是
2026-07-24,股息,300299,富春股份,股息率批量超时,是
2026-07-24,股息,300300,海峡创新,股息率批量超时,是
2026-07-24,股息,300303,聚飞光电,股息率批量超时,是
2026-07-24,股息,300304,云意电气,股息率批量超时,是
2026-07-24,股息,300305,裕兴股份,股息率批量超时,是
2026-07-24,股息,300306,远方信息,股息率批量超时,是
2026-07-24,股息,300307,慈星股份,股息率批量超时,是
2026-07-24,股息,300310,宜通世纪,股息率批量超时,是
2026-07-24,股息,300314,戴维医疗,股息率批量超时,是
2026-07-24,股息,300315,掌趣科技,股息率批量超时,是
2026-07-24,股息,300316,晶盛机电,股息率批量超时,是
2026-07-24,股息,300317,珈伟新能,股息率批量超时,是
2026-07-24,股息,300318,博晖创新,股息率批量超时,是
2026-07-24,股息,300320,海达股份,股息率批量超时,是
2026-07-24,股息,300321,同大股份,股息率批量超时,是
2026-07-24,股息,300322,硕贝德,股息率批量超时,是
2026-07-24,股息,300324,旋极信息,股息率批量超时,是
2026-07-24,股息,300327,中颖电子,股息率批量超时,是
2026-07-24,股息,300328,宜安科技,股息率批量超时,是
2026-07-24,股息,300329,海伦钢琴,股息率批量超时,是
2026-07-24,股息,300332,天壕能源,股息率批量超时,是
2026-07-24,股息,300333,兆日科技,股息率批量超时,是
2026-07-24,股息,300335,迪森股份,股息率批量超时,是
2026-07-24,股息,300337,银邦股份,股息率批量超时,是
2026-07-24,股息,300339,润和软件,股息率批量超时,是
2026-07-24,股息,300340,科恒股份,股息率批量超时,是
2026-07-24,股息,300341,麦克奥迪,股息率批量超时,是
2026-07-24,股息,300342,天银机电,股息率批量超时,是
2026-07-24,股息,300343,联创股份,股息率批量超时,是
2026-07-24,股息,300345,华民股份,股息率批量超时,是
2026-07-24,股息,300348,长亮科技,股息率批量超时,是
2026-07-24,股息,300349,金卡智能,股息率批量超时,是
2026-07-24,股息,300350,华鹏飞,股息率批量超时,是
2026-07-24,股息,300351,永贵电器,股息率批量超时,是
2026-07-24,股息,300353,东土科技,股息率批量超时,是
2026-07-24,股息,300354,东华测试,股息率批量超时,是
2026-07-24,股息,300355,蒙草生态,股息率批量超时,是
2026-07-24,股息,300358,楚天科技,股息率批量超时,是
2026-07-24,股息,300359,全通教育,股息率批量超时,是
2026-07-24,股息,300360,炬华科技,股息率批量超时,是
2026-07-24,股息,300363,博腾股份,股息率批量超时,是
2026-07-24,股息,300364,中文在线,股息率批量超时,是
2026-07-24,股息,300365,恒华科技,股息率批量超时,是
2026-07-24,股息,300368,汇金股份,股息率批量超时,是
2026-07-24,股息,300369,绿盟科技,股息率批量超时,是
2026-07-24,股息,300370,安控科技,股息率批量超时,是
2026-07-24,股息,300371,汇中股份,股息率批量超时,是
2026-07-24,股息,300374,中铁装配,股息率批量超时,是
2026-07-24,股息,300375,鹏翎股份,股息率批量超时,是
2026-07-24,股息,300376,易事特,股息率批量超时,是
2026-07-24,股息,300377,赢时胜,股息率批量超时,是
2026-07-24,股息,300378,鼎捷数智,股息率批量超时,是
2026-07-24,股息,300380,安硕信息,股息率批量超时,是
2026-07-24,股息,300381,溢多利,股息率批量超时,是
2026-07-24,股息,300383,光环新网,股息率批量超时,是
2026-07-24,股息,300384,三联虹普,股息率批量超时,是
2026-07-24,股息,300386,飞天诚信,股息率批量超时,是
2026-07-24,股息,300387,富邦科技,股息率批量超时,是
2026-07-24,股息,300388,节能国祯,股息率批量超时,是
2026-07-24,股息,300389,艾比森,股息率批量超时,是
2026-07-24,股息,300393,中来股份,股息率批量超时,是
2026-07-24,股息,300394,天孚通信,股息率批量超时,是
2026-07-24,股息,300395,菲利华,股息率批量超时,是
2026-07-24,股息,300397,天和防务,股息率批量超时,是
2026-07-24,股息,300399,天利科技,股息率批量超时,是
2026-07-24,股息,300401,花园生物,股息率批量超时,是
2026-07-24,股息,300402,宝色股份,股息率批量超时,是
2026-07-24,股息,300403,汉宇集团,股息率批量超时,是
2026-07-24,股息,300405,科隆股份,股息率批量超时,是
2026-07-24,股息,300407,凯发电气,股息率批量超时,是
2026-07-24,股息,300409,道氏技术,股息率批量超时,是
2026-07-24,股息,300410,正业科技,股息率批量超时,是
2026-07-24,股息,300411,金盾股份,股息率批量超时,是
2026-07-24,股息,300412,迦南科技,股息率批量超时,是
2026-07-24,股息,300413,芒果超媒,股息率批量超时,是
2026-07-24,股息,300414,中光防雷,股息率批量超时,是
2026-07-24,股息,300415,伊之密,股息率批量超时,是
2026-07-24,股息,300416,苏试试验,股息率批量超时,是
2026-07-24,股息,300417,南华仪器,股息率批量超时,是
2026-07-24,股息,300418,昆仑万维,股息率批量超时,是
2026-07-24,股息,300421,力星股份,股息率批量超时,是
2026-07-24,股息,300422,博世科,股息率批量超时,是
2026-07-24,股息,300423,昇辉科技,股息率批量超时,是
2026-07-24,股息,300424,航新科技,股息率批量超时,是
2026-07-24,股息,300425,中建环能,股息率批量超时,是
2026-07-24,股息,300426,华智数媒,股息率批量超时,是
2026-07-24,股息,300427,红相股份,股息率批量超时,是
2026-07-24,股息,300428,立中集团,股息率批量超时,是
2026-07-24,股息,300429,强力新材,股息率批量超时,是
2026-07-24,股息,300432,富临精工,股息率批量超时,是
2026-07-24,股息,300435,中泰股份,股息率批量超时,是
2026-07-24,股息,300436,广生堂,股息率批量超时,是
2026-07-24,股息,300437,清水源,股息率批量超时,是
2026-07-24,股息,300439,美康生物,股息率批量超时,是
2026-07-24,股息,300441,鲍斯股份,股息率批量超时,是
2026-07-24,股息,300442,润泽科技,股息率批量超时,是
2026-07-24,股息,300443,金雷股份,股息率批量超时,是
2026-07-24,股息,300444,双杰电气,股息率批量超时,是
2026-07-24,股息,300445,康斯特,股息率批量超时,是
2026-07-24,股息,300446,航天智造,股息率批量超时,是
2026-07-24,股息,300447,全信股份,股息率批量超时,是
2026-07-24,股息,300448,浩云科技,股息率批量超时,是
2026-07-24,股息,300449,汉邦高科,股息率批量超时,是
2026-07-24,股息,300450,先导智能,股息率批量超时,是
2026-07-24,股息,300451,创业慧康,股息率批量超时,是
2026-07-24,股息,300452,山河药辅,股息率批量超时,是
2026-07-24,股息,300454,深信服,股息率批量超时,是
2026-07-24,股息,300455,航天智装,股息率批量超时,是
2026-07-24,股息,300456,赛微电子,股息率批量超时,是
2026-07-24,股息,300457,赢合科技,股息率批量超时,是
2026-07-24,股息,300459,汤姆猫,股息率批量超时,是
2026-07-24,股息,300461,田中精机,股息率批量超时,是
2026-07-24,股息,300463,迈克生物,股息率批量超时,是
2026-07-24,股息,300464,星徽股份,股息率批量超时,是
2026-07-24,股息,300465,高伟达,股息率批量超时,是
2026-07-24,股息,300466,赛摩智能,股息率批量超时,是
2026-07-24,股息,300468,四方精创,股息率批量超时,是
2026-07-24,股息,300469,信息发展,股息率批量超时,是
2026-07-24,股息,300470,中密控股,股息率批量超时,是
2026-07-24,股息,300471,厚普股份,股息率批量超时,是
2026-07-24,股息,300473,德尔股份,股息率批量超时,是
2026-07-24,股息,300474,景嘉微,股息率批量超时,是
2026-07-24,股息,300476,胜宏科技,股息率批量超时,是
2026-07-24,股息,300479,神思电子,股息率批量超时,是
2026-07-24,股息,300481,濮阳惠成,股息率批量超时,是
2026-07-24,股息,300482,万孚生物,股息率批量超时,是
2026-07-24,股息,300484,蓝海华腾,股息率批量超时,是
2026-07-24,股息,300485,赛升药业,股息率批量超时,是
2026-07-24,股息,300486,东杰智能,股息率批量超时,是
2026-07-24,股息,300490,华自科技,股息率批量超时,是
2026-07-24,股息,300491,通合科技,股息率批量超时,是
2026-07-24,股息,300492,华图山鼎,股息率批量超时,是
2026-07-24,股息,300493,润欣科技,股息率批量超时,是
2026-07-24,股息,300494,盛天网络,股息率批量超时,是
2026-07-24,股息,300496,中科创达,股息率批量超时,是
2026-07-24,股息,300499,高澜股份,股息率批量超时,是
2026-07-24,股息,300500,启迪设计,股息率批量超时,是
2026-07-24,股息,300501,海顺新材,股息率批量超时,是
2026-07-24,股息,300504,天邑股份,股息率批量超时,是
2026-07-24,股息,300505,川金诺,股息率批量超时,是
2026-07-24,股息,300507,苏奥传感,股息率批量超时,是
2026-07-24,股息,300508,维宏股份,股息率批量超时,是
2026-07-24,股息,300509,新美星,股息率批量超时,是
2026-07-24,股息,300510,金冠股份,股息率批量超时,是
2026-07-24,股息,300511,雪榕生物,股息率批量超时,是
2026-07-24,股息,300512,中亚股份,股息率批量超时,是
2026-07-24,股息,300513,恒实科技,股息率批量超时,是
2026-07-24,股息,300514,友讯达,股息率批量超时,是
2026-07-24,股息,300515,三德科技,股息率批量超时,是
2026-07-24,股息,300516,久之洋,股息率批量超时,是
2026-07-24,股息,300517,海波重科,股息率批量超时,是
2026-07-24,股息,300519,新光药业,股息率批量超时,是
2026-07-24,股息,300520,科大国创,股息率批量超时,是
2026-07-24,股息,300521,爱司凯,股息率批量超时,是
2026-07-24,股息,300522,世名科技,股息率批量超时,是
2026-07-24,股息,300523,辰安科技,股息率批量超时,是
2026-07-24,股息,300525,博思软件,股息率批量超时,是
2026-07-24,股息,300528,幸福蓝海,股息率批量超时,是
2026-07-24,股息,300530,领湃科技,股息率批量超时,是
2026-07-24,股息,300532,今天国际,股息率批量超时,是
2026-07-24,股息,300533,冰川网络,股息率批量超时,是
2026-07-24,股息,300535,达威股份,股息率批量超时,是
2026-07-24,股息,300536,农尚环境,股息率批量超时,是
2026-07-24,股息,300537,广信材料,股息率批量超时,是
2026-07-24,股息,300538,同益股份,股息率批量超时,是
2026-07-24,股息,300539,横河精密,股息率批量超时,是
2026-07-24,股息,300541,先进数通,股息率批量超时,是
2026-07-24,股息,300542,新晨科技,股息率批量超时,是
2026-07-24,股息,300543,朗科智能,股息率批量超时,是
2026-07-24,股息,300545,联得装备,股息率批量超时,是
2026-07-24,股息,300546,雄帝科技,股息率批量超时,是
2026-07-24,股息,300547,川环科技,股息率批量超时,是
2026-07-24,股息,300549,优德精密,股息率批量超时,是
2026-07-24,股息,300550,和仁科技,股息率批量超时,是
2026-07-24,股息,300551,古鳌科技,股息率批量超时,是
2026-07-24,股息,300552,万集科技,股息率批量超时,是
2026-07-24,股息,300554,三超新材,股息率批量超时,是
2026-07-24,股息,300556,丝路视觉,股息率批量超时,是
2026-07-24,股息,300557,理工光科,股息率批量超时,是
2026-07-24,股息,300559,佳发教育,股息率批量超时,是
2026-07-24,股息,300560,中富通,股息率批量超时,是
2026-07-24,股息,300563,神宇股份,股息率批量超时,是
2026-07-24,股息,300564,筑博设计,股息率批量超时,是
2026-07-24,股息,300565,科信技术,股息率批量超时,是
2026-07-24,股息,300568,星源材质,股息率批量超时,是
2026-07-24,股息,300569,天能重工,股息率批量超时,是
2026-07-24,股息,300572,安车检测,股息率批量超时,是
2026-07-24,股息,300573,兴齐眼药,股息率批量超时,是
2026-07-24,股息,300575,中旗股份,股息率批量超时,是
2026-07-24,股息,300576,容大感光,股息率批量超时,是
2026-07-24,股息,300577,开润股份,股息率批量超时,是
2026-07-24,股息,300578,会畅科技,股息率批量超时,是
2026-07-24,股息,300579,数字认证,股息率批量超时,是
2026-07-24,股息,300580,贝斯特,股息率批量超时,是
2026-07-24,股息,300581,晨曦航空,股息率批量超时,是
2026-07-24,股息,300582,英飞特,股息率批量超时,是
2026-07-24,股息,300583,赛托生物,股息率批量超时,是
2026-07-24,股息,300584,海辰药业,股息率批量超时,是
2026-07-24,股息,300585,奥联电子,股息率批量超时,是
2026-07-24,股息,300586,美联新材,股息率批量超时,是
2026-07-24,股息,300587,天铁科技,股息率批量超时,是
2026-07-24,股息,300588,熙菱信息,股息率批量超时,是
2026-07-24,股息,300589,江龙船艇,股息率批量超时,是
2026-07-24,股息,300590,移为通信,股息率批量超时,是
2026-07-24,股息,300591,万里马,股息率批量超时,是
2026-07-24,股息,300593,新雷能,股息率批量超时,是
2026-07-24,股息,300595,欧普康视,股息率批量超时,是
2026-07-24,股息,300596,利安隆,股息率批量超时,是
2026-07-24,股息,300597,吉大通信,股息率批量超时,是
2026-07-24,股息,300598,诚迈科技,股息率批量超时,是
2026-07-24,股息,300600,国瑞科技,股息率批量超时,是
2026-07-24,股息,300601,康泰生物,股息率批量超时,是
2026-07-24,股息,300603,立昂技术,股息率批量超时,是
2026-07-24,股息,300605,恒锋信息,股息率批量超时,是
2026-07-24,股息,300606,金太阳,股息率批量超时,是
2026-07-24,股息,300608,思特奇,股息率批量超时,是
2026-07-24,股息,300609,汇纳科技,股息率批量超时,是
2026-07-24,股息,300610,晨化股份,股息率批量超时,是
2026-07-24,股息,300611,美力科技,股息率批量超时,是
2026-07-24,股息,300612,宣亚国际,股息率批量超时,是
2026-07-24,股息,300614,百川畅银,股息率批量超时,是
2026-07-24,股息,300615,欣天科技,股息率批量超时,是
2026-07-24,股息,300616,尚品宅配,股息率批量超时,是
2026-07-24,股息,300617,安靠智电,股息率批量超时,是
2026-07-24,股息,300618,寒锐钴业,股息率批量超时,是
2026-07-24,股息,300619,金银河,股息率批量超时,是
2026-07-24,股息,300621,维业股份,股息率批量超时,是
2026-07-24,股息,300622,博士眼镜,股息率批量超时,是
2026-07-24,股息,300623,捷捷微电,股息率批量超时,是
2026-07-24,股息,300624,万兴科技,股息率批量超时,是
2026-07-24,股息,300625,三雄极光,股息率批量超时,是
2026-07-24,股息,300627,华测导航,股息率批量超时,是
2026-07-24,股息,300629,新劲刚,股息率批量超时,是
2026-07-24,股息,300631,久吾高科,股息率批量超时,是
2026-07-24,股息,300633,开立医疗,股息率批量超时,是
2026-07-24,股息,300634,彩讯股份,股息率批量超时,是
2026-07-24,股息,300635,中达安,股息率批量超时,是
2026-07-24,股息,300636,同和药业,股息率批量超时,是
2026-07-24,股息,300637,扬帆新材,股息率批量超时,是
2026-07-24,股息,300638,广和通,股息率批量超时,是
2026-07-24,股息,300639,凯普生物,股息率批量超时,是
2026-07-24,股息,300640,德艺文创,股息率批量超时,是
2026-07-24,股息,300641,正丹股份,股息率批量超时,是
2026-07-24,股息,300642,透景生命,股息率批量超时,是
2026-07-24,股息,300644,南京聚隆,股息率批量超时,是
2026-07-24,股息,300645,正元智慧,股息率批量超时,是
2026-07-24,股息,300647,超频三,股息率批量超时,是
2026-07-24,股息,300648,星云股份,股息率批量超时,是
2026-07-24,股息,300650,太龙股份,股息率批量超时,是
2026-07-24,股息,300651,金陵体育,股息率批量超时,是
2026-07-24,股息,300652,雷迪克,股息率批量超时,是
2026-07-24,股息,300653,正海生物,股息率批量超时,是
2026-07-24,股息,300655,晶瑞电材,股息率批量超时,是
2026-07-24,股息,300658,延江股份,股息率批量超时,是
2026-07-24,股息,300659,中孚信息,股息率批量超时,是
2026-07-24,股息,300660,江苏雷利,股息率批量超时,是
2026-07-24,股息,300662,科锐国际,股息率批量超时,是
2026-07-24,股息,300663,科蓝软件,股息率批量超时,是
2026-07-24,股息,300664,鹏鹞环保,股息率批量超时,是
2026-07-24,股息,300665,飞鹿股份,股息率批量超时,是
2026-07-24,股息,300667,必创科技,股息率批量超时,是
2026-07-24,股息,300669,沪宁股份,股息率批量超时,是
2026-07-24,股息,300670,大烨智能,股息率批量超时,是
2026-07-24,股息,300673,佩蒂股份,股息率批量超时,是
2026-07-24,股息,300674,宇信科技,股息率批量超时,是
2026-07-24,股息,300675,建科院,股息率批量超时,是
2026-07-24,股息,300676,华大基因,股息率批量超时,是
2026-07-24,股息,300678,中科信息,股息率批量超时,是
2026-07-24,股息,300679,电连技术,股息率批量超时,是
2026-07-24,股息,300680,隆盛科技,股息率批量超时,是
2026-07-24,股息,300681,英搏尔,股息率批量超时,是
2026-07-24,股息,300682,朗新科技,股息率批量超时,是
2026-07-24,股息,300683,海特生物,股息率批量超时,是
2026-07-24,股息,300685,艾德生物,股息率批量超时,是
2026-07-24,股息,300686,智动力,股息率批量超时,是
2026-07-24,股息,300687,赛意信息,股息率批量超时,是
2026-07-24,股息,300690,双一科技,股息率批量超时,是
2026-07-24,股息,300691,联合光电,股息率批量超时,是
2026-07-24,股息,300693,盛弘股份,股息率批量超时,是
2026-07-24,股息,300694,蠡湖股份,股息率批量超时,是
2026-07-24,股息,300695,兆丰股份,股息率批量超时,是
2026-07-24,股息,300696,爱乐达,股息率批量超时,是
2026-07-24,股息,300697,电工合金,股息率批量超时,是
2026-07-24,股息,300698,万马科技,股息率批量超时,是
2026-07-24,股息,300699,光威复材,股息率批量超时,是
2026-07-24,股息,300701,森霸传感,股息率批量超时,是
2026-07-24,股息,300703,创源股份,股息率批量超时,是
2026-07-24,股息,300705,九典制药,股息率批量超时,是
2026-07-24,股息,300707,威唐工业,股息率批量超时,是
2026-07-24,股息,300708,聚灿光电,股息率批量超时,是
2026-07-24,股息,300709,精研科技,股息率批量超时,是
2026-07-24,股息,300710,万隆光电,股息率批量超时,是
2026-07-24,股息,300711,广哈通信,股息率批量超时,是
2026-07-24,股息,300712,永福股份,股息率批量超时,是
2026-07-24,股息,300713,英可瑞,股息率批量超时,是
2026-07-24,股息,300717,华信新材,股息率批量超时,是
2026-07-24,股息,300718,长盛轴承,股息率批量超时,是
2026-07-24,股息,300719,安达维尔,股息率批量超时,是
2026-07-24,股息,300722,新余国科,股息率批量超时,是
2026-07-24,股息,300724,捷佳伟创,股息率批量超时,是
2026-07-24,股息,300727,润禾材料,股息率批量超时,是
2026-07-24,股息,300729,乐歌股份,股息率批量超时,是
2026-07-24,股息,300730,科创信息,股息率批量超时,是
2026-07-24,股息,300731,科创新源,股息率批量超时,是
2026-07-24,股息,300732,设研院,股息率批量超时,是
2026-07-24,股息,300735,光弘科技,股息率批量超时,是
2026-07-24,股息,300737,科顺股份,股息率批量超时,是
2026-07-24,股息,300739,明阳电路,股息率批量超时,是
2026-07-24,股息,300740,水羊股份,股息率批量超时,是
2026-07-24,股息,300741,华宝股份,股息率批量超时,是
2026-07-24,股息,300743,天地数码,股息率批量超时,是
2026-07-24,股息,300746,汉嘉数智,股息率批量超时,是
2026-07-24,股息,300748,金力永磁,股息率批量超时,是
2026-07-24,股息,300749,顶固集创,股息率批量超时,是
2026-07-24,股息,300751,迈为股份,股息率批量超时,是
2026-07-24,股息,300752,隆利科技,股息率批量超时,是
2026-07-24,股息,300753,爱朋医疗,股息率批量超时,是
2026-07-24,股息,300755,华致酒行,股息率批量超时,是
2026-07-24,股息,300756,金马游乐,股息率批量超时,是
2026-07-24,股息,300758,七彩化学,股息率批量超时,是
2026-07-24,股息,300762,上海瀚讯,股息率批量超时,是
2026-07-24,股息,300763,锦浪科技,股息率批量超时,是
2026-07-24,股息,300766,每日互动,股息率批量超时,是
2026-07-24,股息,300767,震安科技,股息率批量超时,是
2026-07-24,股息,300769,德方纳米,股息率批量超时,是
2026-07-24,股息,300770,新媒股份,股息率批量超时,是
2026-07-24,股息,300771,智莱科技,股息率批量超时,是
2026-07-24,股息,300772,运达股份,股息率批量超时,是
2026-07-24,股息,300773,拉卡拉,股息率批量超时,是
2026-07-24,股息,300774,倍杰特,股息率批量超时,是
2026-07-24,股息,300775,三角防务,股息率批量超时,是
2026-07-24,股息,300777,中简科技,股息率批量超时,是
2026-07-24,股息,300778,新城市,股息率批量超时,是
2026-07-24,股息,300780,德恩精工,股息率批量超时,是
2026-07-24,股息,300781,因赛集团,股息率批量超时,是
2026-07-24,股息,300782,卓胜微,股息率批量超时,是
2026-07-24,股息,300783,三只松鼠,股息率批量超时,是
2026-07-24,股息,300784,利安科技,股息率批量超时,是
2026-07-24,股息,300785,值得买,股息率批量超时,是
2026-07-24,股息,300786,国林科技,股息率批量超时,是
2026-07-24,股息,300787,海能实业,股息率批量超时,是
2026-07-24,股息,300788,中信出版,股息率批量超时,是
2026-07-24,股息,300789,唐源电气,股息率批量超时,是
2026-07-24,股息,300790,宇瞳光学,股息率批量超时,是
2026-07-24,股息,300791,仙乐健康,股息率批量超时,是
2026-07-24,股息,300792,壹网壹创,股息率批量超时,是
2026-07-24,股息,300793,佳禾智能,股息率批量超时,是
2026-07-24,股息,300796,贝斯美,股息率批量超时,是
2026-07-24,股息,300797,钢研纳克,股息率批量超时,是
2026-07-24,股息,300798,锦鸡股份,股息率批量超时,是
2026-07-24,股息,300800,力合科技,股息率批量超时,是
2026-07-24,股息,300801,泰和科技,股息率批量超时,是
2026-07-24,股息,300803,指南针,股息率批量超时,是
2026-07-24,股息,300804,广康生化,股息率批量超时,是
2026-07-24,股息,300805,电声股份,股息率批量超时,是
2026-07-24,股息,300807,天迈科技,股息率批量超时,是
2026-07-24,股息,300808,久量股份,股息率批量超时,是
2026-07-24,股息,300809,华辰装备,股息率批量超时,是
2026-07-24,股息,300810,中科海讯,股息率批量超时,是
2026-07-24,股息,300812,易天股份,股息率批量超时,是
2026-07-24,股息,300813,泰林生物,股息率批量超时,是
2026-07-24,股息,300815,玉禾田,股息率批量超时,是
2026-07-24,股息,300816,艾可蓝,股息率批量超时,是
2026-07-24,股息,300817,双飞集团,股息率批量超时,是
2026-07-24,股息,300818,耐普矿机,股息率批量超时,是
2026-07-24,股息,300822,贝仕达克,股息率批量超时,是
2026-07-24,股息,300823,建科智能,股息率批量超时,是
2026-07-24,股息,300824,北鼎股份,股息率批量超时,是
2026-07-24,股息,300825,阿尔特,股息率批量超时,是
2026-07-24,股息,300826,测绘股份,股息率批量超时,是
2026-07-24,股息,300827,上能电气,股息率批量超时,是
2026-07-24,股息,300828,锐新科技,股息率批量超时,是
2026-07-24,股息,300829,金丹科技,股息率批量超时,是
2026-07-24,股息,300830,金现代,股息率批量超时,是
2026-07-24,股息,300833,浩洋股份,股息率批量超时,是
2026-07-24,股息,300837,浙矿股份,股息率批量超时,是
2026-07-24,股息,300838,浙江力诺,股息率批量超时,是
2026-07-24,股息,300839,博汇股份,股息率批量超时,是
2026-07-24,股息,300840,酷特智能,股息率批量超时,是
2026-07-24,股息,300841,康华生物,股息率批量超时,是
2026-07-24,股息,300842,帝科股份,股息率批量超时,是
2026-07-24,股息,300844,山水比德,股息率批量超时,是
2026-07-24,股息,300845,捷安高科,股息率批量超时,是
2026-07-24,股息,300846,首都在线,股息率批量超时,是
2026-07-24,股息,300848,美瑞新材,股息率批量超时,是
2026-07-24,股息,300850,新强联,股息率批量超时,是
2026-07-24,股息,300851,交大思诺,股息率批量超时,是
2026-07-24,股息,300852,四会富仕,股息率批量超时,是
2026-07-24,股息,300854,中兰环保,股息率批量超时,是
2026-07-24,股息,300855,图南股份,股息率批量超时,是
2026-07-24,股息,300856,科思股份,股息率批量超时,是
2026-07-24,股息,300858,科拓生物,股息率批量超时,是
2026-07-24,股息,300859,西域旅游,股息率批量超时,是
2026-07-24,股息,300860,锋尚文化,股息率批量超时,是
2026-07-24,股息,300862,蓝盾光电,股息率批量超时,是
2026-07-24,股息,300863,卡倍亿,股息率批量超时,是
2026-07-24,股息,300864,南大环境,股息率批量超时,是
2026-07-24,股息,300865,大宏立,股息率批量超时,是
2026-07-24,股息,300867,圣元环保,股息率批量超时,是
2026-07-24,股息,300869,康泰医学,股息率批量超时,是
2026-07-24,股息,300870,欧陆通,股息率批量超时,是
2026-07-24,股息,300871,回盛生物,股息率批量超时,是
2026-07-24,股息,300872,天阳科技,股息率批量超时,是
2026-07-24,股息,300873,海晨股份,股息率批量超时,是
2026-07-24,股息,300875,捷强装备,股息率批量超时,是
2026-07-24,股息,300876,蒙泰高新,股息率批量超时,是
2026-07-24,股息,300877,金春股份,股息率批量超时,是
2026-07-24,股息,300879,大叶股份,股息率批量超时,是
2026-07-24,股息,300880,迦南智能,股息率批量超时,是
2026-07-24,股息,300881,盛德鑫泰,股息率批量超时,是
2026-07-24,股息,300882,万胜智能,股息率批量超时,是
2026-07-24,股息,300883,龙利得,股息率批量超时,是
2026-07-24,股息,300884,狄耐克,股息率批量超时,是
2026-07-24,股息,300885,海昌新材,股息率批量超时,是
2026-07-24,股息,300886,华业香料,股息率批量超时,是
2026-07-24,股息,300887,谱尼测试,股息率批量超时,是
2026-07-24,股息,300889,爱克股份,股息率批量超时,是
2026-07-24,股息,300890,翔丰华,股息率批量超时,是
2026-07-24,股息,300891,惠云钛业,股息率批量超时,是
2026-07-24,股息,300892,品渥食品,股息率批量超时,是
2026-07-24,股息,300893,松原安全,股息率批量超时,是
2026-07-24,股息,300894,火星人,股息率批量超时,是
2026-07-24,股息,300895,铜牛信息,股息率批量超时,是
2026-07-24,股息,300896,爱美客,股息率批量超时,是
2026-07-24,股息,300897,山科智能,股息率批量超时,是
2026-07-24,股息,300898,熊猫乳品,股息率批量超时,是
2026-07-24,股息,300899,上海凯鑫,股息率批量超时,是
2026-07-24,股息,300900,广联航空,股息率批量超时,是
2026-07-24,股息,300901,中胤时尚,股息率批量超时,是
2026-07-24,股息,300902,国安达,股息率批量超时,是
2026-07-24,股息,300904,威力传动,股息率批量超时,是
2026-07-24,股息,300906,日月明,股息率批量超时,是
2026-07-24,股息,300908,仲景食品,股息率批量超时,是
2026-07-24,股息,300909,汇创达,股息率批量超时,是
2026-07-24,股息,300910,瑞丰新材,股息率批量超时,是
2026-07-24,股息,300911,亿田智能,股息率批量超时,是
2026-07-24,股息,300913,兆龙互连,股息率批量超时,是
2026-07-24,股息,300915,海融科技,股息率批量超时,是
2026-07-24,股息,300916,朗特智能,股息率批量超时,是
2026-07-24,股息,300917,特发服务,股息率批量超时,是
2026-07-24,股息,300918,南山智尚,股息率批量超时,是
2026-07-24,股息,300919,中伟新材,股息率批量超时,是
2026-07-24,股息,300920,润阳科技,股息率批量超时,是
2026-07-24,股息,300921,南凌科技,股息率批量超时,是
2026-07-24,股息,300922,天秦装备,股息率批量超时,是
2026-07-24,股息,300923,研奥股份,股息率批量超时,是
2026-07-24,股息,300925,法本信息,股息率批量超时,是
2026-07-24,股息,300926,博俊科技,股息率批量超时,是
2026-07-24,股息,300927,江天化学,股息率批量超时,是
2026-07-24,股息,300928,华安鑫创,股息率批量超时,是
2026-07-24,股息,300930,屹通新材,股息率批量超时,是
2026-07-24,股息,300931,通用电梯,股息率批量超时,是
2026-07-24,股息,300932,三友联众,股息率批量超时,是
2026-07-24,股息,300933,中辰股份,股息率批量超时,是
2026-07-24,股息,300935,盈建科,股息率批量超时,是
2026-07-24,股息,300937,药易购,股息率批量超时,是
2026-07-24,股息,300938,信测标准,股息率批量超时,是
2026-07-24,股息,300940,南极光,股息率批量超时,是
2026-07-24,股息,300941,创识科技,股息率批量超时,是
2026-07-24,股息,300942,易瑞生物,股息率批量超时,是
2026-07-24,股息,300943,春晖智控,股息率批量超时,是
2026-07-24,股息,300945,曼卡龙,股息率批量超时,是
2026-07-24,股息,300946,恒而达,股息率批量超时,是
2026-07-24,股息,300947,德必集团,股息率批量超时,是
2026-07-24,股息,300948,冠中生态,股息率批量超时,是
2026-07-24,股息,300949,奥雅股份,股息率批量超时,是
2026-07-24,股息,300950,德固特,股息率批量超时,是
2026-07-24,股息,300952,恒辉安防,股息率批量超时,是
2026-07-24,股息,300953,震裕科技,股息率批量超时,是
2026-07-24,股息,300955,嘉亨家化,股息率批量超时,是
2026-07-24,股息,300956,英力股份,股息率批量超时,是
2026-07-24,股息,300957,贝泰妮,股息率批量超时,是
2026-07-24,股息,300958,建工修复,股息率批量超时,是
2026-07-24,股息,300959,线上线下,股息率批量超时,是
2026-07-24,股息,300960,通业科技,股息率批量超时,是
2026-07-24,股息,300961,深水海纳,股息率批量超时,是
2026-07-24,股息,300962,中金辐照,股息率批量超时,是
2026-07-24,股息,300963,中洲特材,股息率批量超时,是
2026-07-24,股息,300964,本川智能,股息率批量超时,是
2026-07-24,股息,300967,晓鸣股份,股息率批量超时,是
2026-07-24,股息,300968,格林精密,股息率批量超时,是
2026-07-24,股息,300969,恒帅股份,股息率批量超时,是
2026-07-24,股息,300970,华绿生物,股息率批量超时,是
2026-07-24,股息,300971,博亚精工,股息率批量超时,是
2026-07-24,股息,300973,立高食品,股息率批量超时,是
2026-07-24,股息,300977,深圳瑞捷,股息率批量超时,是
2026-07-24,股息,300978,东箭科技,股息率批量超时,是
2026-07-24,股息,300979,华利集团,股息率批量超时,是
2026-07-24,股息,300980,祥源新材,股息率批量超时,是
2026-07-24,股息,300981,中红医疗,股息率批量超时,是
2026-07-24,股息,300982,苏文电能,股息率批量超时,是
2026-07-24,股息,300984,金沃股份,股息率批量超时,是
2026-07-24,股息,300986,志特新材,股息率批量超时,是
2026-07-24,股息,300987,川网传媒,股息率批量超时,是
2026-07-24,股息,300988,津荣天宇,股息率批量超时,是
2026-07-24,股息,300989,蕾奥规划,股息率批量超时,是
2026-07-24,股息,300991,创益通,股息率批量超时,是
2026-07-24,股息,300992,泰福泵业,股息率批量超时,是
2026-07-24,股息,300993,玉马科技,股息率批量超时,是
2026-07-24,股息,300994,久祺股份,股息率批量超时,是
2026-07-24,股息,300995,奇德新材,股息率批量超时,是
2026-07-24,股息,300997,欢乐家,股息率批量超时,是
2026-07-24,股息,300998,宁波方正,股息率批量超时,是
2026-07-24,股息,301000,肇民科技,股息率批量超时,是
2026-07-24,股息,301001,凯淳股份,股息率批量超时,是
2026-07-24,股息,301002,崧盛股份,股息率批量超时,是
2026-07-24,股息,301004,嘉益股份,股息率批量超时,是
2026-07-24,股息,301005,超捷股份,股息率批量超时,是
2026-07-24,股息,301006,迈拓股份,股息率批量超时,是
2026-07-24,股息,301007,德迈仕,股息率批量超时,是
2026-07-24,股息,301009,可靠股份,股息率批量超时,是
2026-07-24,股息,301010,晶雪节能,股息率批量超时,是
2026-07-24,股息,301011,华立科技,股息率批量超时,是
2026-07-24,股息,301012,扬电科技,股息率批量超时,是
2026-07-24,股息,301016,雷尔伟,股息率批量超时,是
2026-07-24,股息,301017,漱玉平民,股息率批量超时,是
2026-07-24,股息,301019,宁波色母,股息率批量超时,是
2026-07-24,股息,301020,密封科技,股息率批量超时,是
2026-07-24,股息,301022,海泰科,股息率批量超时,是
2026-07-24,股息,301023,奕帆传动,股息率批量超时,是
2026-07-24,股息,301024,霍普股份,股息率批量超时,是
2026-07-24,股息,301025,读客文化,股息率批量超时,是
2026-07-24,股息,301026,浩通科技,股息率批量超时,是
2026-07-24,股息,301028,鼎熔岩,股息率批量超时,是
2026-07-24,股息,301029,怡合达,股息率批量超时,是
2026-07-24,股息,301031,中熔电气,股息率批量超时,是
2026-07-24,股息,301032,新柴股份,股息率批量超时,是
2026-07-24,股息,301036,双乐股份,股息率批量超时,是
2026-07-24,股息,301037,保立佳,股息率批量超时,是
2026-07-24,股息,301038,深水规院,股息率批量超时,是
2026-07-24,股息,301039,中集车辆,股息率批量超时,是
2026-07-24,股息,301040,中环海陆,股息率批量超时,是
2026-07-24,股息,301041,金百泽,股息率批量超时,是
2026-07-24,股息,301042,安联锐视,股息率批量超时,是
2026-07-24,股息,301043,绿岛风,股息率批量超时,是
2026-07-24,股息,301046,能辉科技,股息率批量超时,是
2026-07-24,股息,301048,金鹰重工,股息率批量超时,是
2026-07-24,股息,301049,超越科技,股息率批量超时,是
2026-07-24,股息,301050,雷电微力,股息率批量超时,是
2026-07-24,股息,301051,信濠光电,股息率批量超时,是
2026-07-24,股息,301052,果麦文化,股息率批量超时,是
2026-07-24,股息,301056,森赫股份,股息率批量超时,是
2026-07-24,股息,301057,汇隆新材,股息率批量超时,是
2026-07-24,股息,301058,中粮科工,股息率批量超时,是
2026-07-24,股息,301059,金三江,股息率批量超时,是
2026-07-24,股息,301060,兰卫医学,股息率批量超时,是
2026-07-24,股息,301061,匠心家居,股息率批量超时,是
2026-07-24,股息,301062,上海艾录,股息率批量超时,是
2026-07-24,股息,301063,海锅股份,股息率批量超时,是
2026-07-24,股息,301065,本立科技,股息率批量超时,是
2026-07-24,股息,301066,万事利,股息率批量超时,是
2026-07-24,股息,301067,显盈科技,股息率批量超时,是
2026-07-24,股息,301068,大地海洋,股息率批量超时,是
2026-07-24,股息,301069,凯盛新材,股息率批量超时,是
2026-07-24,股息,301073,君亭酒店,股息率批量超时,是
2026-07-24,股息,301075,多瑞医药,股息率批量超时,是
2026-07-24,股息,301076,新瀚新材,股息率批量超时,是
2026-07-24,股息,301077,星华新材,股息率批量超时,是
2026-07-24,股息,301078,孩子王,股息率批量超时,是
2026-07-24,股息,301079,邵阳液压,股息率批量超时,是
2026-07-24,股息,301081,严牌股份,股息率批量超时,是
2026-07-24,股息,301082,久盛电气,股息率批量超时,是
2026-07-24,股息,301083,百胜智能,股息率批量超时,是
2026-07-24,股息,301085,亚康股份,股息率批量超时,是
2026-07-24,股息,301086,鸿富瀚,股息率批量超时,是
2026-07-24,股息,301088,戎美股份,股息率批量超时,是
2026-07-24,股息,301089,拓新药业,股息率批量超时,是
2026-07-24,股息,301090,华润材料,股息率批量超时,是
2026-07-24,股息,301091,深城交,股息率批量超时,是
2026-07-24,股息,301093,华兰股份,股息率批量超时,是
2026-07-24,股息,301096,百诚医药,股息率批量超时,是
2026-07-24,股息,301097,天益医疗,股息率批量超时,是
2026-07-24,股息,301098,金埔园林,股息率批量超时,是
2026-07-24,股息,301100,风光股份,股息率批量超时,是
2026-07-24,股息,301101,明月镜片,股息率批量超时,是
2026-07-24,股息,301102,兆讯传媒,股息率批量超时,是
2026-07-24,股息,301103,何氏眼科,股息率批量超时,是
2026-07-24,股息,301105,鸿铭股份,股息率批量超时,是
2026-07-24,股息,301106,骏成科技,股息率批量超时,是
2026-07-24,股息,301107,瑜欣电子,股息率批量超时,是
2026-07-24,股息,301110,青木科技,股息率批量超时,是
2026-07-24,股息,301111,粤万年青,股息率批量超时,是
2026-07-24,股息,301112,信邦智能,股息率批量超时,是
2026-07-24,股息,301113,雅艺科技,股息率批量超时,是
2026-07-24,股息,301116,益客食品,股息率批量超时,是
2026-07-24,股息,301117,佳缘科技,股息率批量超时,是
2026-07-24,股息,301118,恒光股份,股息率批量超时,是
2026-07-24,股息,301119,正强股份,股息率批量超时,是
2026-07-24,股息,301120,新特电气,股息率批量超时,是
2026-07-24,股息,301121,紫建电子,股息率批量超时,是
2026-07-24,股息,301125,腾亚精工,股息率批量超时,是
2026-07-24,股息,301126,达嘉维康,股息率批量超时,是
2026-07-24,股息,301128,强瑞技术,股息率批量超时,是
2026-07-24,股息,301129,瑞纳智能,股息率批量超时,是
2026-07-24,股息,301130,西点药业,股息率批量超时,是
2026-07-24,股息,301131,聚赛龙,股息率批量超时,是
2026-07-24,股息,301132,满坤科技,股息率批量超时,是
2026-07-24,股息,301133,金钟股份,股息率批量超时,是
2026-07-24,股息,301135,瑞德智能,股息率批量超时,是
2026-07-24,股息,301136,招标股份,股息率批量超时,是
2026-07-24,股息,301137,哈焊华通,股息率批量超时,是
2026-07-24,股息,301138,华研精机,股息率批量超时,是
2026-07-24,股息,301141,中科磁业,股息率批量超时,是
2026-07-24,股息,301148,嘉戎技术,股息率批量超时,是
2026-07-24,股息,301149,隆华新材,股息率批量超时,是
2026-07-24,股息,301150,中一科技,股息率批量超时,是
2026-07-24,股息,301152,天力锂能,股息率批量超时,是
2026-07-24,股息,301153,中科江南,股息率批量超时,是
2026-07-24,股息,301155,海力风电,股息率批量超时,是
2026-07-24,股息,301156,美农生物,股息率批量超时,是
2026-07-24,股息,301157,华塑科技,股息率批量超时,是
2026-07-24,股息,301158,德石股份,股息率批量超时,是
2026-07-24,股息,301159,三维天地,股息率批量超时,是
2026-07-24,股息,301160,翔楼新材,股息率批量超时,是
2026-07-24,股息,301161,唯万密封,股息率批量超时,是
2026-07-24,股息,301162,国能日新,股息率批量超时,是
2026-07-24,股息,301163,宏德股份,股息率批量超时,是
2026-07-24,股息,301166,优宁维,股息率批量超时,是
2026-07-24,股息,301167,建研设计,股息率批量超时,是
2026-07-24,股息,301169,零点有数,股息率批量超时,是
2026-07-24,股息,301170,锡南科技,股息率批量超时,是
2026-07-24,股息,301171,易点天下,股息率批量超时,是
2026-07-24,股息,301172,君逸数码,股息率批量超时,是
2026-07-24,股息,301173,毓恬冠佳,股息率批量超时,是
2026-07-24,股息,301175,中科环保,股息率批量超时,是
2026-07-24,股息,301177,迪阿股份,股息率批量超时,是
2026-07-24,股息,301178,天亿马,股息率批量超时,是
2026-07-24,股息,301180,万祥科技,股息率批量超时,是
2026-07-24,股息,301181,标榜股份,股息率批量超时,是
2026-07-24,股息,301185,鸥玛软件,股息率批量超时,是
2026-07-24,股息,301186,超达装备,股息率批量超时,是
2026-07-24,股息,301187,欧圣电气,股息率批量超时,是
2026-07-24,股息,301189,奥尼电子,股息率批量超时,是
2026-07-24,股息,301190,善水科技,股息率批量超时,是
2026-07-24,股息,301192,泰祥股份,股息率批量超时,是
2026-07-24,股息,301193,家联科技,股息率批量超时,是
2026-07-24,股息,301195,北路智控,股息率批量超时,是
2026-07-24,股息,301196,唯科科技,股息率批量超时,是
2026-07-24,股息,301197,工大科雅,股息率批量超时,是
2026-07-24,股息,301198,喜悦智行,股息率批量超时,是
2026-07-24,股息,301199,迈赫股份,股息率批量超时,是
2026-07-24,股息,301201,诚达药业,股息率批量超时,是
2026-07-24,股息,301202,朗威股份,股息率批量超时,是
2026-07-24,股息,301203,国泰环保,股息率批量超时,是
2026-07-24,股息,301206,三元生物,股息率批量超时,是
2026-07-24,股息,301207,华兰疫苗,股息率批量超时,是
2026-07-24,股息,301208,中亦科技,股息率批量超时,是
2026-07-24,股息,301209,联合化学,股息率批量超时,是
2026-07-24,股息,301210,金杨精密,股息率批量超时,是
2026-07-24,股息,301211,亨迪药业,股息率批量超时,是
2026-07-24,股息,301212,联盛化学,股息率批量超时,是
2026-07-24,股息,301213,观想科技,股息率批量超时,是
2026-07-24,股息,301215,中汽股份,股息率批量超时,是
2026-07-24,股息,301216,万凯新材,股息率批量超时,是
2026-07-24,股息,301219,腾远钴业,股息率批量超时,是
2026-07-24,股息,301220,亚香股份,股息率批量超时,是
2026-07-24,股息,301221,光庭信息,股息率批量超时,是
2026-07-24,股息,301222,浙江恒威,股息率批量超时,是
2026-07-24,股息,301223,中荣股份,股息率批量超时,是
2026-07-24,股息,301225,恒勃股份,股息率批量超时,是
2026-07-24,股息,301226,祥明智能,股息率批量超时,是
2026-07-24,股息,301227,森鹰窗业,股息率批量超时,是
2026-07-24,股息,301229,纽泰格,股息率批量超时,是
2026-07-24,股息,301230,泓博医药,股息率批量超时,是
2026-07-24,股息,301231,荣信文化,股息率批量超时,是
2026-07-24,股息,301232,飞沃科技,股息率批量超时,是
2026-07-24,股息,301233,盛帮股份,股息率批量超时,是
2026-07-24,股息,301235,华康洁净,股息率批量超时,是
2026-07-24,股息,301236,软通动力,股息率批量超时,是
2026-07-24,股息,301237,和顺科技,股息率批量超时,是
2026-07-24,股息,301238,瑞泰新材,股息率批量超时,是
2026-07-24,股息,301239,普瑞眼科,股息率批量超时,是
2026-07-24,股息,301246,宏源药业,股息率批量超时,是
2026-07-24,股息,301251,威尔高,股息率批量超时,是
2026-07-24,股息,301252,同星科技,股息率批量超时,是
2026-07-24,股息,301255,通力科技,股息率批量超时,是
2026-07-24,股息,301256,华融化学,股息率批量超时,是
2026-07-24,股息,301257,普蕊斯,股息率批量超时,是
2026-07-24,股息,301258,富士莱,股息率批量超时,是
2026-07-24,股息,301259,艾布鲁,股息率批量超时,是
2026-07-24,股息,301260,格力博,股息率批量超时,是
2026-07-24,股息,301261,恒工精密,股息率批量超时,是
2026-07-24,股息,301262,海看股份,股息率批量超时,是
2026-07-24,股息,301263,泰恩康,股息率批量超时,是
2026-07-24,股息,301266,宇邦新材,股息率批量超时,是
2026-07-24,股息,301268,铭利达,股息率批量超时,是
2026-07-24,股息,301270,汉仪股份,股息率批量超时,是
2026-07-24,股息,301272,英华特,股息率批量超时,是
2026-07-24,股息,301275,汉朔科技,股息率批量超时,是
2026-07-24,股息,301276,嘉曼服饰,股息率批量超时,是
2026-07-24,股息,301277,新天地,股息率批量超时,是
2026-07-24,股息,301278,快可电子,股息率批量超时,是
2026-07-24,股息,301279,金道科技,股息率批量超时,是
2026-07-24,股息,301280,珠城科技,股息率批量超时,是
2026-07-24,股息,301282,金禄电子,股息率批量超时,是
2026-07-24,股息,301283,聚胶股份,股息率批量超时,是
2026-07-24,股息,301285,鸿日达,股息率批量超时,是
2026-07-24,股息,301286,侨源股份,股息率批量超时,是
2026-07-24,股息,301287,康力源,股息率批量超时,是
2026-07-24,股息,301288,清研环境,股息率批量超时,是
2026-07-24,股息,301289,国缆检测,股息率批量超时,是
2026-07-24,股息,301290,东星医疗,股息率批量超时,是
2026-07-24,股息,301291,明阳电气,股息率批量超时,是
2026-07-24,股息,301292,海科新源,股息率批量超时,是
2026-07-24,股息,301293,三博脑科,股息率批量超时,是
2026-07-24,股息,301296,新巨丰,股息率批量超时,是
2026-07-24,股息,301297,富乐德,股息率批量超时,是
2026-07-24,股息,301298,东利机械,股息率批量超时,是
2026-07-24,股息,301299,卓创资讯,股息率批量超时,是
2026-07-24,股息,301300,远翔新材,股息率批量超时,是
2026-07-24,股息,301301,川宁生物,股息率批量超时,是
2026-07-24,股息,301302,华如科技,股息率批量超时,是
2026-07-24,股息,301303,真兰仪表,股息率批量超时,是
2026-07-24,股息,301305,朗坤科技,股息率批量超时,是
2026-07-24,股息,301306,西测测试,股息率批量超时,是
2026-07-24,股息,301309,万得凯,股息率批量超时,是
2026-07-24,股息,301311,昆船智能,股息率批量超时,是
2026-07-24,股息,301312,智立方,股息率批量超时,是
2026-07-24,股息,301314,科瑞思,股息率批量超时,是
2026-07-24,股息,301315,威士顿,股息率批量超时,是
2026-07-24,股息,301316,慧博云通,股息率批量超时,是
2026-07-24,股息,301318,维海德,股息率批量超时,是
2026-07-24,股息,301320,豪江智能,股息率批量超时,是
2026-07-24,股息,301325,曼恩斯特,股息率批量超时,是
2026-07-24,股息,301326,捷邦科技,股息率批量超时,是
2026-07-24,股息,301327,华宝新能,股息率批量超时,是
2026-07-24,股息,301329,信音电子,股息率批量超时,是
2026-07-24,股息,301330,熵基科技,股息率批量超时,是
2026-07-24,股息,301331,恩威医药,股息率批量超时,是
2026-07-24,股息,301332,德尔玛,股息率批量超时,是
2026-07-24,股息,301333,诺思格,股息率批量超时,是
2026-07-24,股息,301335,天元宠物,股息率批量超时,是
2026-07-24,股息,301336,趣睡科技,股息率批量超时,是
2026-07-24,股息,301337,亚华电子,股息率批量超时,是
2026-07-24,股息,301338,凯格精机,股息率批量超时,是
2026-07-24,股息,301339,通行宝,股息率批量超时,是
2026-07-24,股息,301348,蓝箭电子,股息率批量超时,是
2026-07-24,股息,301349,信德新材,股息率批量超时,是
2026-07-24,股息,301353,普莱得,股息率批量超时,是
2026-07-24,股息,301355,南王科技,股息率批量超时,是
2026-07-24,股息,301356,天振股份,股息率批量超时,是
2026-07-24,股息,301357,北方长龙,股息率批量超时,是
2026-07-24,股息,301358,湖南裕能,股息率批量超时,是
2026-07-24,股息,301359,东南电子,股息率批量超时,是
2026-07-24,股息,301360,荣旗科技,股息率批量超时,是
2026-07-24,股息,301361,众智科技,股息率批量超时,是
2026-07-24,股息,301363,美好医疗,股息率批量超时,是
2026-07-24,股息,301367,瑞迈特,股息率批量超时,是
2026-07-24,股息,301368,丰立智能,股息率批量超时,是
2026-07-24,股息,301370,国科恒泰,股息率批量超时,是
2026-07-24,股息,301378,通达海,股息率批量超时,是
2026-07-24,股息,301380,挖金客,股息率批量超时,是
2026-07-24,股息,301383,天键股份,股息率批量超时,是
2026-07-24,股息,301386,未来电器,股息率批量超时,是
2026-07-24,股息,301388,欣灵电气,股息率批量超时,是
2026-07-24,股息,301389,隆扬电子,股息率批量超时,是
2026-07-24,股息,301390,经纬股份,股息率批量超时,是
2026-07-24,股息,301391,卡莱特,股息率批量超时,是
2026-07-24,股息,301395,仁信新材,股息率批量超时,是
2026-07-24,股息,301397,溯联股份,股息率批量超时,是
2026-07-24,股息,301398,星源卓镁,股息率批量超时,是
2026-07-24,股息,301399,英特科技,股息率批量超时,是
2026-07-24,股息,301408,华人健康,股息率批量超时,是
2026-07-24,股息,301413,安培龙,股息率批量超时,是
2026-07-24,股息,301418,协昌科技,股息率批量超时,是
2026-07-24,股息,301419,阿莱德,股息率批量超时,是
2026-07-24,股息,301421,波长光电,股息率批量超时,是
2026-07-24,股息,301428,世纪恒通,股息率批量超时,是
2026-07-24,股息,301429,森泰股份,股息率批量超时,是
2026-07-24,股息,301439,泓淋电力,股息率批量超时,是
2026-07-24,股息,301446,福事特,股息率批量超时,是
2026-07-24,股息,301456,盘古智能,股息率批量超时,是
2026-07-24,股息,301459,丰茂股份,股息率批量超时,是
2026-07-24,股息,301468,博盈特焊,股息率批量超时,是
2026-07-24,股息,301469,恒达新材,股息率批量超时,是
2026-07-24,股息,301479,弘景光电,股息率批量超时,是
2026-07-24,股息,301487,盟固利,股息率批量超时,是
2026-07-24,股息,301488,豪恩汽电,股息率批量超时,是
2026-07-24,股息,301489,思泉新材,股息率批量超时,是
2026-07-24,股息,301491,汉桑科技,股息率批量超时,是
2026-07-24,股息,301498,乖宝宠物,股息率批量超时,是
2026-07-24,股息,301499,维科精密,股息率批量超时,是
2026-07-24,股息,301501,恒鑫生活,股息率批量超时,是
2026-07-24,股息,301503,智迪科技,股息率批量超时,是
2026-07-24,股息,301505,苏州规划,股息率批量超时,是
2026-07-24,股息,301507,民生健康,股息率批量超时,是
2026-07-24,股息,301508,中机认检,股息率批量超时,是
2026-07-24,股息,301509,金凯生科,股息率批量超时,是
2026-07-24,股息,301510,固高科技,股息率批量超时,是
2026-07-24,股息,301512,智信精密,股息率批量超时,是
2026-07-24,股息,301515,港通医疗,股息率批量超时,是
2026-07-24,股息,301516,中远通,股息率批量超时,是
2026-07-24,股息,301517,陕西华达,股息率批量超时,是
2026-07-24,股息,301518,长华化学,股息率批量超时,是
2026-07-24,股息,301519,舜禹股份,股息率批量超时,是
2026-07-24,股息,301522,上大股份,股息率批量超时,是
2026-07-24,股息,301525,儒竞科技,股息率批量超时,是
2026-07-24,股息,301528,多浦乐,股息率批量超时,是
2026-07-24,股息,301529,福赛科技,股息率批量超时,是
2026-07-24,股息,301533,威马农机,股息率批量超时,是
2026-07-24,股息,301535,浙江华远,股息率批量超时,是
2026-07-24,股息,301538,骏鼎达,股息率批量超时,是
2026-07-24,股息,301539,宏鑫科技,股息率批量超时,是
2026-07-24,股息,301548,崇德科技,股息率批量超时,是
2026-07-24,股息,301550,斯菱智驱,股息率批量超时,是
2026-07-24,股息,301551,无线传媒,股息率批量超时,是
2026-07-24,股息,301552,科力装备,股息率批量超时,是
2026-07-24,股息,301555,惠柏新材,股息率批量超时,是
2026-07-24,股息,301556,托普云农,股息率批量超时,是
2026-07-24,股息,301558,三态股份,股息率批量超时,是
2026-07-24,股息,301559,中集环科,股息率批量超时,是
2026-07-24,股息,301560,众捷汽车,股息率批量超时,是
2026-07-24,股息,301563,云汉芯城,股息率批量超时,是
2026-07-24,股息,301565,中仑新材,股息率批量超时,是
2026-07-24,股息,301566,达利凯普,股息率批量超时,是
2026-07-24,股息,301567,贝隆精密,股息率批量超时,是
2026-07-24,股息,301575,艾芬达,股息率批量超时,是
2026-07-24,股息,301577,美信科技,股息率批量超时,是
2026-07-24,股息,301578,辰奕智能,股息率批量超时,是
2026-07-24,股息,301580,爱迪特,股息率批量超时,是
2026-07-24,股息,301581,黄山谷捷,股息率批量超时,是
2026-07-24,股息,301584,建发致新,股息率批量超时,是
2026-07-24,股息,301585,蓝宇股份,股息率批量超时,是
2026-07-24,股息,301586,佳力奇,股息率批量超时,是
2026-07-24,股息,301587,中瑞股份,股息率批量超时,是
2026-07-24,股息,301589,诺瓦星云,股息率批量超时,是
2026-07-24,股息,301590,优优绿能,股息率批量超时,是
2026-07-24,股息,301591,肯特股份,股息率批量超时,是
2026-07-24,股息,301592,六九一二,股息率批量超时,是
2026-07-24,股息,301595,太力科技,股息率批量超时,是
2026-07-24,股息,301596,瑞迪智驱,股息率批量超时,是
2026-07-24,股息,301598,博科测试,股息率批量超时,是
2026-07-24,股息,301600,慧翰股份,股息率批量超时,是
2026-07-24,股息,301601,惠通科技,股息率批量超时,是
2026-07-24,股息,301602,超研股份,股息率批量超时,是
2026-07-24,股息,301606,绿联科技,股息率批量超时,是
2026-07-24,股息,301608,博实结,股息率批量超时,是
2026-07-24,股息,301609,山大电力,股息率批量超时,是
2026-07-24,股息,301613,新铝时代,股息率批量超时,是
2026-07-24,股息,301616,浙江华业,股息率批量超时,是
2026-07-24,股息,301617,博苑新材,股息率批量超时,是
2026-07-24,股息,301618,长联科技,股息率批量超时,是
2026-07-24,股息,301622,英思特,股息率批量超时,是
2026-07-24,股息,301628,强达电路,股息率批量超时,是
2026-07-24,股息,301631,壹连科技,股息率批量超时,是
2026-07-24,股息,301632,广东建科,股息率批量超时,是
2026-07-24,股息,301636,泽润新能,股息率批量超时,是
2026-07-24,股息,301656,联合动力,股息率批量超时,是
2026-07-24,股息,301658,首航新能,股息率批量超时,是
2026-07-24,股息,301662,宏工科技,股息率批量超时,是
2026-07-24,股息,301665,泰禾股份,股息率批量超时,是
2026-07-24,股息,301668,昊创瑞通,股息率批量超时,是
2026-07-24,股息,301678,新恒汇,股息率批量超时,是
2026-07-24,股息,302132,中航成飞,股息率批量超时,是
2026-07-24,股息,600004,XD白云机,股息率批量超时,是
2026-07-24,股息,600006,东风股份,股息率批量超时,是
2026-07-24,股息,600009,上海机场,股息率批量超时,是
2026-07-24,股息,600010,包钢股份,股息率批量超时,是
2026-07-24,股息,600021,上海电力,股息率批量超时,是
2026-07-24,股息,600026,中远海能,股息率批量超时,是
2026-07-24,股息,600029,南方航空,股息率批量超时,是
2026-07-24,股息,600032,浙江新能,股息率批量超时,是
2026-07-24,股息,600037,歌华有线,股息率批量超时,是
2026-07-24,股息,600038,中直股份,股息率批量超时,是
2026-07-24,股息,600048,保利发展,股息率批量超时,是
2026-07-24,股息,600051,宁波联合,股息率批量超时,是
2026-07-24,股息,600052,东望时代,股息率批量超时,是
2026-07-24,股息,600055,万东医疗,股息率批量超时,是
2026-07-24,股息,600057,厦门象屿,股息率批量超时,是
2026-07-24,股息,600058,五矿发展,股息率批量超时,是
2026-07-24,股息,600059,古越龙山,股息率批量超时,是
2026-07-24,股息,600063,皖维高新,股息率批量超时,是
2026-07-24,股息,600067,冠城新材,股息率批量超时,是
2026-07-24,股息,600071,凤凰光学,股息率批量超时,是
2026-07-24,股息,600072,中船科技,股息率批量超时,是
2026-07-24,股息,600073,光明肉业,股息率批量超时,是
2026-07-24,股息,600075,新疆天业,股息率批量超时,是
2026-07-24,股息,600076,康欣新材,股息率批量超时,是
2026-07-24,股息,600078,澄星股份,股息率批量超时,是
2026-07-24,股息,600081,东风科技,股息率批量超时,是
2026-07-24,股息,600088,中视传媒,股息率批量超时,是
2026-07-24,股息,600089,特变电工,股息率批量超时,是
2026-07-24,股息,600094,大名城,股息率批量超时,是
2026-07-24,股息,600096,云天化,股息率批量超时,是
2026-07-24,股息,600097,开创国际,股息率批量超时,是
2026-07-24,股息,600099,林海股份,股息率批量超时,是
2026-07-24,股息,600100,同方股份,股息率批量超时,是
2026-07-24,股息,600101,明星电力,股息率批量超时,是
2026-07-24,股息,600103,青山纸业,股息率批量超时,是
2026-07-24,股息,600104,上汽集团,股息率批量超时,是
2026-07-24,股息,600106,重庆路桥,股息率批量超时,是
2026-07-24,股息,600108,亚盛集团,股息率批量超时,是
2026-07-24,股息,600111,北方稀土,股息率批量超时,是
2026-07-24,股息,600113,浙江东日,股息率批量超时,是
2026-07-24,股息,600114,东睦股份,股息率批量超时,是
2026-07-24,股息,600115,中国东航,股息率批量超时,是
2026-07-24,股息,600117,西宁特钢,股息率批量超时,是
2026-07-24,股息,600118,XD中国卫,股息率批量超时,是
2026-07-24,股息,600120,浙江东方,股息率批量超时,是
2026-07-24,股息,600121,郑州煤电,股息率批量超时,是
2026-07-24,股息,600125,铁龙物流,股息率批量超时,是
2026-07-24,股息,600126,杭钢股份,股息率批量超时,是
2026-07-24,股息,600127,金健米业,股息率批量超时,是
2026-07-24,股息,600128,苏豪弘业,股息率批量超时,是
2026-07-24,股息,600130,波导股份,股息率批量超时,是
2026-07-24,股息,600131,国网信通,股息率批量超时,是
2026-07-24,股息,600132,重庆啤酒,股息率批量超时,是
2026-07-24,股息,600133,东湖高新,股息率批量超时,是
2026-07-24,股息,600135,乐凯胶片,股息率批量超时,是
2026-07-24,股息,600137,浪莎股份,股息率批量超时,是
2026-07-24,股息,600138,中青旅,股息率批量超时,是
2026-07-24,股息,600141,兴发集团,股息率批量超时,是
2026-07-24,股息,600143,金发科技,股息率批量超时,是
2026-07-24,股息,600148,长春一东,股息率批量超时,是
2026-07-24,股息,600149,廊坊发展,股息率批量超时,是
2026-07-24,股息,600151,航天机电,股息率批量超时,是
2026-07-24,股息,600152,维科技术,股息率批量超时,是
2026-07-24,股息,600156,华升股份,股息率批量超时,是
2026-07-24,股息,600158,中体产业,股息率批量超时,是
2026-07-24,股息,600159,大龙地产,股息率批量超时,是
2026-07-24,股息,600161,XD天坛生,股息率批量超时,是
2026-07-24,股息,600163,中闽能源,股息率批量超时,是
2026-07-24,股息,600167,联美控股,股息率批量超时,是
2026-07-24,股息,600168,武汉控股,股息率批量超时,是
2026-07-24,股息,600170,上海建工,股息率批量超时,是
2026-07-24,股息,600171,上海贝岭,股息率批量超时,是
2026-07-24,股息,600173,卧龙新能,股息率批量超时,是
2026-07-24,股息,600178,东安动力,股息率批量超时,是
2026-07-24,股息,600182,S佳通,股息率批量超时,是
2026-07-24,股息,600184,光电股份,股息率批量超时,是
2026-07-24,股息,600185,珠免集团,股息率批量超时,是
2026-07-24,股息,600189,泉阳泉,股息率批量超时,是
2026-07-24,股息,600191,华资实业,股息率批量超时,是
2026-07-24,股息,600192,长城电工,股息率批量超时,是
2026-07-24,股息,600195,中牧股份,股息率批量超时,是
2026-07-24,股息,600197,伊力特,股息率批量超时,是
2026-07-24,股息,600198,大唐电信,股息率批量超时,是
2026-07-24,股息,600199,金种子酒,股息率批量超时,是
2026-07-24,股息,600201,生物股份,股息率批量超时,是
2026-07-24,股息,600202,哈空调,股息率批量超时,是
2026-07-24,股息,600203,福日电子,股息率批量超时,是
2026-07-24,股息,600207,安彩高科,股息率批量超时,是
2026-07-24,股息,600208,衢州发展,股息率批量超时,是
2026-07-24,股息,600210,紫江企业,股息率批量超时,是
2026-07-24,股息,600212,绿能慧充,股息率批量超时,是
2026-07-24,股息,600215,派斯林,股息率批量超时,是
2026-07-24,股息,600216,浙江医药,股息率批量超时,是
2026-07-24,股息,600217,中再资环,股息率批量超时,是
2026-07-24,股息,600218,全柴动力,股息率批量超时,是
2026-07-24,股息,600219,南山铝业,股息率批量超时,是
2026-07-24,股息,600221,海航控股,股息率批量超时,是
2026-07-24,股息,600223,福瑞达,股息率批量超时,是
2026-07-24,股息,600229,城市传媒,股息率批量超时,是
2026-07-24,股息,600230,沧州大化,股息率批量超时,是
2026-07-24,股息,600231,凌钢股份,股息率批量超时,是
2026-07-24,股息,600232,金鹰股份,股息率批量超时,是
2026-07-24,股息,600235,民丰特纸,股息率批量超时,是
2026-07-24,股息,600237,铜峰电子,股息率批量超时,是
2026-07-24,股息,600241,时代万恒,股息率批量超时,是
2026-07-24,股息,600248,陕建股份,股息率批量超时,是
2026-07-24,股息,600249,两面针,股息率批量超时,是
2026-07-24,股息,600250,南京商旅,股息率批量超时,是
2026-07-24,股息,600251,冠农股份,股息率批量超时,是
2026-07-24,股息,600252,中恒集团,股息率批量超时,是
2026-07-24,股息,600255,鑫科材料,股息率批量超时,是
2026-07-24,股息,600256,广汇能源,股息率批量超时,是
2026-07-24,股息,600257,大湖股份,股息率批量超时,是
2026-07-24,股息,600258,首旅酒店,股息率批量超时,是
2026-07-24,股息,600261,阳光照明,股息率批量超时,是
2026-07-24,股息,600262,北方股份,股息率批量超时,是
2026-07-24,股息,600266,城建发展,股息率批量超时,是
2026-07-24,股息,600268,国电南自,股息率批量超时,是
2026-07-24,股息,600269,赣粤高速,股息率批量超时,是
2026-07-24,股息,600271,航天信息,股息率批量超时,是
2026-07-24,股息,600272,开开实业,股息率批量超时,是
2026-07-24,股息,600273,嘉化能源,股息率批量超时,是
2026-07-24,股息,600278,东方创业,股息率批量超时,是
2026-07-24,股息,600279,重庆港,股息率批量超时,是
2026-07-24,股息,600280,中央商场,股息率批量超时,是
2026-07-24,股息,600281,华阳新材,股息率批量超时,是
2026-07-24,股息,600283,钱江水利,股息率批量超时,是
2026-07-24,股息,600284,浦东建设,股息率批量超时,是
2026-07-24,股息,600287,苏豪时尚,股息率批量超时,是
2026-07-24,股息,600288,大恒科技,股息率批量超时,是
2026-07-24,股息,600292,电投水电,股息率批量超时,是
2026-07-24,股息,600293,三峡新材,股息率批量超时,是
2026-07-24,股息,600299,安迪苏,股息率批量超时,是
2026-07-24,股息,600301,华锡有色,股息率批量超时,是
2026-07-24,股息,600303,曙光股份,股息率批量超时,是
2026-07-24,股息,600307,酒钢宏兴,股息率批量超时,是
2026-07-24,股息,600308,华泰股份,股息率批量超时,是
2026-07-24,股息,600310,广西能源,股息率批量超时,是
2026-07-24,股息,600313,农发种业,股息率批量超时,是
2026-07-24,股息,600315,XD上海家,股息率批量超时,是
2026-07-24,股息,600316,洪都航空,股息率批量超时,是
2026-07-24,股息,600318,新力金融,股息率批量超时,是
2026-07-24,股息,600319,亚星化学,股息率批量超时,是
2026-07-24,股息,600320,振华重工,股息率批量超时,是
2026-07-24,股息,600325,华发股份,股息率批量超时,是
2026-07-24,股息,600326,西藏天路,股息率批量超时,是
2026-07-24,股息,600327,大东方,股息率批量超时,是
2026-07-24,股息,600328,中盐化工,股息率批量超时,是
2026-07-24,股息,600329,达仁堂,股息率批量超时,是
2026-07-24,股息,600331,宏达股份,股息率批量超时,是
2026-07-24,股息,600335,国机汽车,股息率批量超时,是
2026-07-24,股息,600336,澳柯玛,股息率批量超时,是
2026-07-24,股息,600338,西藏珠峰,股息率批量超时,是
2026-07-24,股息,600339,中油工程,股息率批量超时,是
2026-07-24,股息,600343,航天动力,股息率批量超时,是
2026-07-24,股息,600346,恒力石化,股息率批量超时,是
2026-07-24,股息,600356,恒丰纸业,股息率批量超时,是
2026-07-24,股息,600358,国旅联合,股息率批量超时,是
2026-07-24,股息,600359,新农开发,股息率批量超时,是
2026-07-24,股息,600361,创新新材,股息率批量超时,是
2026-07-24,股息,600362,江西铜业,股息率批量超时,是
2026-07-24,股息,600363,联创光电,股息率批量超时,是
2026-07-24,股息,600366,宁波韵升,股息率批量超时,是
2026-07-24,股息,600371,万向德农,股息率批量超时,是
2026-07-24,股息,600372,中航机载,股息率批量超时,是
2026-07-24,股息,600373,中文传媒,股息率批量超时,是
2026-07-24,股息,600375,汉马科技,股息率批量超时,是
2026-07-24,股息,600376,首开股份,股息率批量超时,是
2026-07-24,股息,600379,宝光股份,股息率批量超时,是
2026-07-24,股息,600382,广东明珠,股息率批量超时,是
2026-07-24,股息,600383,金地集团,股息率批量超时,是
2026-07-24,股息,600386,北巴传媒,股息率批量超时,是
2026-07-24,股息,600389,江山股份,股息率批量超时,是
2026-07-24,股息,600391,航发科技,股息率批量超时,是
2026-07-24,股息,600392,盛和资源,股息率批量超时,是
2026-07-24,股息,600395,盘江股份,股息率批量超时,是
2026-07-24,股息,600399,抚顺特钢,股息率批量超时,是
2026-07-24,股息,600403,大有能源,股息率批量超时,是
2026-07-24,股息,600405,动力源,股息率批量超时,是
2026-07-24,股息,600408,安泰集团,股息率批量超时,是
2026-07-24,股息,600409,三友化工,股息率批量超时,是
2026-07-24,股息,600410,华胜天成,股息率批量超时,是
2026-07-24,股息,600415,小商品城,股息率批量超时,是
2026-07-24,股息,600416,湘电股份,股息率批量超时,是
2026-07-24,股息,600418,江淮汽车,股息率批量超时,是
2026-07-24,股息,600419,天润乳业,股息率批量超时,是
2026-07-24,股息,600420,国药现代,股息率批量超时,是
2026-07-24,股息,600422,昆药集团,股息率批量超时,是
2026-07-24,股息,600425,青松建化,股息率批量超时,是
2026-07-24,股息,600426,华鲁恒升,股息率批量超时,是
2026-07-24,股息,600429,三元股份,股息率批量超时,是
2026-07-24,股息,600433,冠豪高新,股息率批量超时,是
2026-07-24,股息,600435,北方导航,股息率批量超时,是
2026-07-24,股息,600438,通威股份,股息率批量超时,是
2026-07-24,股息,600439,瑞贝卡,股息率批量超时,是
2026-07-24,股息,600444,国机通用,股息率批量超时,是
2026-07-24,股息,600446,金证股份,股息率批量超时,是
2026-07-24,股息,600448,华纺股份,股息率批量超时,是
2026-07-24,股息,600452,涪陵电力,股息率批量超时,是
2026-07-24,股息,600455,博通股份,股息率批量超时,是
2026-07-24,股息,600456,宝钛股份,股息率批量超时,是
2026-07-24,股息,600458,时代新材,股息率批量超时,是
2026-07-24,股息,600459,贵研铂业,股息率批量超时,是
2026-07-24,股息,600463,空港股份,股息率批量超时,是
2026-07-24,股息,600467,好当家,股息率批量超时,是
2026-07-24,股息,600468,百利电气,股息率批量超时,是
2026-07-24,股息,600469,风神股份,股息率批量超时,是
2026-07-24,股息,600470,六国化工,股息率批量超时,是
2026-07-24,股息,600475,华光环能,股息率批量超时,是
2026-07-24,股息,600477,杭萧钢构,股息率批量超时,是
2026-07-24,股息,600478,科力远,股息率批量超时,是
2026-07-24,股息,600480,凌云股份,股息率批量超时,是
2026-07-24,股息,600481,双良节能,股息率批量超时,是
2026-07-24,股息,600486,扬农化工,股息率批量超时,是
2026-07-24,股息,600489,中金黄金,股息率批量超时,是
2026-07-24,股息,600490,鹏欣资源,股息率批量超时,是
2026-07-24,股息,600493,凤竹纺织,股息率批量超时,是
2026-07-24,股息,600495,晋西车轴,股息率批量超时,是
2026-07-24,股息,600496,精工钢构,股息率批量超时,是
2026-07-24,股息,600501,航天晨光,股息率批量超时,是
2026-07-24,股息,600503,华丽家族,股息率批量超时,是
2026-07-24,股息,600505,西昌电力,股息率批量超时,是
2026-07-24,股息,600506,统一股份,股息率批量超时,是
2026-07-24,股息,600507,方大特钢,股息率批量超时,是
2026-07-24,股息,600509,天富能源,股息率批量超时,是
2026-07-24,股息,600510,黑牡丹,股息率批量超时,是
2026-07-24,股息,600512,腾达建设,股息率批量超时,是
2026-07-24,股息,600513,联环药业,股息率批量超时,是
2026-07-24,股息,600515,海南机场,股息率批量超时,是
2026-07-24,股息,600516,方大炭素,股息率批量超时,是
2026-07-24,股息,600517,国网英大,股息率批量超时,是
2026-07-24,股息,600518,康美药业,股息率批量超时,是
2026-07-24,股息,600520,三佳科技,股息率批量超时,是
2026-07-24,股息,600523,贵航股份,股息率批量超时,是
2026-07-24,股息,600526,菲达环保,股息率批量超时,是
2026-07-24,股息,600527,江南高纤,股息率批量超时,是
2026-07-24,股息,600530,交大昂立,股息率批量超时,是
2026-07-24,股息,600531,豫光金铅,股息率批量超时,是
2026-07-24,股息,600533,栖霞建设,股息率批量超时,是
2026-07-24,股息,600536,中国软件,股息率批量超时,是
2026-07-24,股息,600538,国发股份,股息率批量超时,是
2026-07-24,股息,600540,新赛股份,股息率批量超时,是
2026-07-24,股息,600547,山东黄金,股息率批量超时,是
2026-07-24,股息,600550,保变电气,股息率批量超时,是
2026-07-24,股息,600551,时代出版,股息率批量超时,是
2026-07-24,股息,600556,天下秀,股息率批量超时,是
2026-07-24,股息,600558,大西洋,股息率批量超时,是
2026-07-24,股息,600559,老白干酒,股息率批量超时,是
2026-07-24,股息,600560,金自天正,股息率批量超时,是
2026-07-24,股息,600561,江西长运,股息率批量超时,是
2026-07-24,股息,600567,山鹰国际,股息率批量超时,是
2026-07-24,股息,600569,安阳钢铁,股息率批量超时,是
2026-07-24,股息,600570,恒生电子,股息率批量超时,是
2026-07-24,股息,600571,XD信雅达,股息率批量超时,是
2026-07-24,股息,600573,惠泉啤酒,股息率批量超时,是
2026-07-24,股息,600576,祥源文旅,股息率批量超时,是
2026-07-24,股息,600577,精达股份,股息率批量超时,是
2026-07-24,股息,600579,中化装备,股息率批量超时,是
2026-07-24,股息,600580,卧龙电驱,股息率批量超时,是
2026-07-24,股息,600583,海油工程,股息率批量超时,是
2026-07-24,股息,600585,海螺水泥,股息率批量超时,是
2026-07-24,股息,600586,金晶科技,股息率批量超时,是
2026-07-24,股息,600587,新华医疗,股息率批量超时,是
2026-07-24,股息,600588,用友网络,股息率批量超时,是
2026-07-24,股息,600589,大位科技,股息率批量超时,是
2026-07-24,股息,600590,泰豪科技,股息率批量超时,是
2026-07-24,股息,600592,龙溪股份,股息率批量超时,是
2026-07-24,股息,600594,益佰制药,股息率批量超时,是
2026-07-24,股息,600595,中孚实业,股息率批量超时,是
2026-07-24,股息,600596,新安股份,股息率批量超时,是
2026-07-24,股息,600598,北大荒,股息率批量超时,是
2026-07-24,股息,600600,青岛啤酒,股息率批量超时,是
2026-07-24,股息,600601,方正科技,股息率批量超时,是
2026-07-24,股息,600602,云赛智联,股息率批量超时,是
2026-07-24,股息,600603,广汇物流,股息率批量超时,是
2026-07-24,股息,600604,市北高新,股息率批量超时,是
2026-07-24,股息,600605,汇通能源,股息率批量超时,是
2026-07-24,股息,600606,绿地控股,股息率批量超时,是
2026-07-24,股息,600609,金杯汽车,股息率批量超时,是
2026-07-24,股息,600610,中毅达,股息率批量超时,是
2026-07-24,股息,600611,大众交通,股息率批量超时,是
2026-07-24,股息,600612,老凤祥,股息率批量超时,是
2026-07-24,股息,600613,神奇制药,股息率批量超时,是
2026-07-24,股息,600615,鑫源智造,股息率批量超时,是
2026-07-24,股息,600616,金枫酒业,股息率批量超时,是
2026-07-24,股息,600618,XD氯碱化,股息率批量超时,是
2026-07-24,股息,600619,海立股份,股息率批量超时,是
2026-07-24,股息,600620,天宸股份,股息率批量超时,是
2026-07-24,股息,600621,华鑫股份,股息率批量超时,是
2026-07-24,股息,600622,光大嘉宝,股息率批量超时,是
2026-07-24,股息,600623,华谊集团,股息率批量超时,是
2026-07-24,股息,600626,申达股份,股息率批量超时,是
2026-07-24,股息,600628,新世界,股息率批量超时,是
2026-07-24,股息,600629,华建集团,股息率批量超时,是
2026-07-24,股息,600630,龙头股份,股息率批量超时,是
2026-07-24,股息,600633,浙数文化,股息率批量超时,是
2026-07-24,股息,600635,大众公用,股息率批量超时,是
2026-07-24,股息,600637,东方明珠,股息率批量超时,是
2026-07-24,股息,600638,新黄浦,股息率批量超时,是
2026-07-24,股息,600639,浦东金桥,股息率批量超时,是
2026-07-24,股息,600640,国脉文化,股息率批量超时,是
2026-07-24,股息,600643,爱建集团,股息率批量超时,是
2026-07-24,股息,600644,乐山电力,股息率批量超时,是
2026-07-24,股息,600645,中源协和,股息率批量超时,是
2026-07-24,股息,600648,外高桥,股息率批量超时,是
2026-07-24,股息,600649,城投控股,股息率批量超时,是
2026-07-24,股息,600650,XD锦江在,股息率批量超时,是
2026-07-24,股息,600651,飞乐音响,股息率批量超时,是
2026-07-24,股息,600653,申华控股,股息率批量超时,是
2026-07-24,股息,600654,中安科,股息率批量超时,是
2026-07-24,股息,600657,信达地产,股息率批量超时,是
2026-07-24,股息,600658,电子城,股息率批量超时,是
2026-07-24,股息,600661,昂立教育,股息率批量超时,是
2026-07-24,股息,600662,外服控股,股息率批量超时,是
2026-07-24,股息,600665,天地源,股息率批量超时,是
2026-07-24,股息,600666,奥瑞德,股息率批量超时,是
2026-07-24,股息,600668,尖峰集团,股息率批量超时,是
2026-07-24,股息,600675,中华企业,股息率批量超时,是
2026-07-24,股息,600676,交运股份,股息率批量超时,是
2026-07-24,股息,600679,上海凤凰,股息率批量超时,是
2026-07-24,股息,600681,百川能源,股息率批量超时,是
2026-07-24,股息,600682,南京新百,股息率批量超时,是
2026-07-24,股息,600684,珠江股份,股息率批量超时,是
2026-07-24,股息,600685,中船防务,股息率批量超时,是
2026-07-24,股息,600686,金龙汽车,股息率批量超时,是
2026-07-24,股息,600689,上海三毛,股息率批量超时,是
2026-07-24,股息,600691,潞化科技,股息率批量超时,是
2026-07-24,股息,600692,亚通股份,股息率批量超时,是
2026-07-24,股息,600693,东百集团,股息率批量超时,是
2026-07-24,股息,600697,欧亚集团,股息率批量超时,是
2026-07-24,股息,600699,均胜电子,股息率批量超时,是
2026-07-24,股息,600702,舍得酒业,股息率批量超时,是
2026-07-24,股息,600703,三安光电,股息率批量超时,是
2026-07-24,股息,600706,曲江文旅,股息率批量超时,是
2026-07-24,股息,600708,光明地产,股息率批量超时,是
2026-07-24,股息,600711,盛屯矿业,股息率批量超时,是
2026-07-24,股息,600712,南宁百货,股息率批量超时,是
2026-07-24,股息,600714,金瑞矿业,股息率批量超时,是
2026-07-24,股息,600715,文投控股,股息率批量超时,是
2026-07-24,股息,600716,凤凰股份,股息率批量超时,是
2026-07-24,股息,600720,中交设计,股息率批量超时,是
2026-07-24,股息,600721,百花医药,股息率批量超时,是
2026-07-24,股息,600724,宁波富达,股息率批量超时,是
2026-07-24,股息,600725,云维股份,股息率批量超时,是
2026-07-24,股息,600728,佳都科技,股息率批量超时,是
2026-07-24,股息,600731,湖南海利,股息率批量超时,是
2026-07-24,股息,600732,爱旭股份,股息率批量超时,是
2026-07-24,股息,600733,北汽蓝谷,股息率批量超时,是
2026-07-24,股息,600737,中粮糖业,股息率批量超时,是
2026-07-24,股息,600738,丽尚国潮,股息率批量超时,是
2026-07-24,股息,600740,山西焦化,股息率批量超时,是
2026-07-24,股息,600742,富维股份,股息率批量超时,是
2026-07-24,股息,600746,江苏索普,股息率批量超时,是
2026-07-24,股息,600748,上实发展,股息率批量超时,是
2026-07-24,股息,600749,西藏旅游,股息率批量超时,是
2026-07-24,股息,600751,海航科技,股息率批量超时,是
2026-07-24,股息,600754,锦江酒店,股息率批量超时,是
2026-07-24,股息,600756,浪潮软件,股息率批量超时,是
2026-07-24,股息,600758,辽宁能源,股息率批量超时,是
2026-07-24,股息,600763,通策医疗,股息率批量超时,是
2026-07-24,股息,600764,中国海防,股息率批量超时,是
2026-07-24,股息,600765,中航重机,股息率批量超时,是
2026-07-24,股息,600768,宁波富邦,股息率批量超时,是
2026-07-24,股息,600770,综艺股份,股息率批量超时,是
2026-07-24,股息,600771,广誉远,股息率批量超时,是
2026-07-24,股息,600773,西藏城投,股息率批量超时,是
2026-07-24,股息,600774,汉商集团,股息率批量超时,是
2026-07-24,股息,600775,南京熊猫,股息率批量超时,是
2026-07-24,股息,600776,东方通信,股息率批量超时,是
2026-07-24,股息,600777,新潮能源,股息率批量超时,是
2026-07-24,股息,600778,友好集团,股息率批量超时,是
2026-07-24,股息,600779,水井坊,股息率批量超时,是
2026-07-24,股息,600782,新钢股份,股息率批量超时,是
2026-07-24,股息,600783,鲁信创投,股息率批量超时,是
2026-07-24,股息,600785,新华百货,股息率批量超时,是
2026-07-24,股息,600787,中储股份,股息率批量超时,是
2026-07-24,股息,600789,鲁抗医药,股息率批量超时,是
2026-07-24,股息,600790,轻纺城,股息率批量超时,是
2026-07-24,股息,600791,京能置业,股息率批量超时,是
2026-07-24,股息,600792,云煤能源,股息率批量超时,是
2026-07-24,股息,600793,宜宾纸业,股息率批量超时,是
2026-07-24,股息,600794,保税科技,股息率批量超时,是
2026-07-24,股息,600796,钱江生化,股息率批量超时,是
2026-07-24,股息,600797,浙大网新,股息率批量超时,是
2026-07-24,股息,600798,宁波海运,股息率批量超时,是
2026-07-24,股息,600800,渤海化学,股息率批量超时,是
2026-07-24,股息,600802,福建水泥,股息率批量超时,是
2026-07-24,股息,600803,新奥股份,股息率批量超时,是
2026-07-24,股息,600805,悦达投资,股息率批量超时,是
2026-07-24,股息,600807,济高发展,股息率批量超时,是
2026-07-24,股息,600808,马钢股份,股息率批量超时,是
2026-07-24,股息,600809,山西汾酒,股息率批量超时,是
2026-07-24,股息,600810,神马股份,股息率批量超时,是
2026-07-24,股息,600814,杭州解百,股息率批量超时,是
2026-07-24,股息,600815,厦工股份,股息率批量超时,是
2026-07-24,股息,600816,建元信托,股息率批量超时,是
2026-07-24,股息,600817,宇通重工,股息率批量超时,是
2026-07-24,股息,600819,耀皮玻璃,股息率批量超时,是
2026-07-24,股息,600821,金开新能,股息率批量超时,是
2026-07-24,股息,600822,上海物贸,股息率批量超时,是
2026-07-24,股息,600824,益民集团,股息率批量超时,是
2026-07-24,股息,600825,新华传媒,股息率批量超时,是
2026-07-24,股息,600826,兰生股份,股息率批量超时,是
2026-07-24,股息,600827,百联股份,股息率批量超时,是
2026-07-24,股息,600828,茂业商业,股息率批量超时,是
2026-07-24,股息,600829,人民同泰,股息率批量超时,是
2026-07-24,股息,600830,香溢融通,股息率批量超时,是
2026-07-24,股息,600831,广电网络,股息率批量超时,是
2026-07-24,股息,600833,第一医药,股息率批量超时,是
2026-07-24,股息,600834,申通地铁,股息率批量超时,是
2026-07-24,股息,600835,上海机电,股息率批量超时,是
2026-07-24,股息,600838,上海九百,股息率批量超时,是
2026-07-24,股息,600839,四川长虹,股息率批量超时,是
2026-07-24,股息,600841,动力新科,股息率批量超时,是
2026-07-24,股息,600843,上工申贝,股息率批量超时,是
2026-07-24,股息,600845,宝信软件,股息率批量超时,是
2026-07-24,股息,600847,万里股份,股息率批量超时,是
2026-07-24,股息,600848,上海临港,股息率批量超时,是
2026-07-24,股息,600850,电科数字,股息率批量超时,是
2026-07-24,股息,600853,龙建股份,股息率批量超时,是
2026-07-24,股息,600854,春兰股份,股息率批量超时,是
2026-07-24,股息,600855,航天长峰,股息率批量超时,是
2026-07-24,股息,600858,银座股份,股息率批量超时,是
2026-07-24,股息,600859,王府井,股息率批量超时,是
2026-07-24,股息,600860,京城股份,股息率批量超时,是
2026-07-24,股息,600861,北京人力,股息率批量超时,是
2026-07-24,股息,600862,中航高科,股息率批量超时,是
2026-07-24,股息,600864,哈投股份,股息率批量超时,是
2026-07-24,股息,600865,百大集团,股息率批量超时,是
2026-07-24,股息,600866,星湖科技,股息率批量超时,是
2026-07-24,股息,600868,梅雁吉祥,股息率批量超时,是
2026-07-24,股息,600871,石化油服,股息率批量超时,是
2026-07-24,股息,600873,梅花生物,股息率批量超时,是
2026-07-24,股息,600875,XD东方电,股息率批量超时,是
2026-07-24,股息,600876,凯盛新能,股息率批量超时,是
2026-07-24,股息,600877,电科芯片,股息率批量超时,是
2026-07-24,股息,600879,航天电子,股息率批量超时,是
2026-07-24,股息,600880,博瑞传播,股息率批量超时,是
2026-07-24,股息,600883,博闻科技,股息率批量超时,是
2026-07-24,股息,600884,杉杉股份,股息率批量超时,是
2026-07-24,股息,600892,大晟文化,股息率批量超时,是
2026-07-24,股息,600893,航发动力,股息率批量超时,是
2026-07-24,股息,600894,广日股份,股息率批量超时,是
2026-07-24,股息,600895,张江高科,股息率批量超时,是
2026-07-24,股息,600903,贵州燃气,股息率批量超时,是
2026-07-24,股息,600916,中国黄金,股息率批量超时,是
2026-07-24,股息,600917,重庆燃气,股息率批量超时,是
2026-07-24,股息,600927,永安期货,股息率批量超时,是
2026-07-24,股息,600930,华电新能,股息率批量超时,是
2026-07-24,股息,600933,爱柯迪,股息率批量超时,是
2026-07-24,股息,600935,华塑股份,股息率批量超时,是
2026-07-24,股息,600938,中国海油,股息率批量超时,是
2026-07-24,股息,600939,重庆建工,股息率批量超时,是
2026-07-24,股息,600955,维远股份,股息率批量超时,是
2026-07-24,股息,600956,新天绿能,股息率批量超时,是
2026-07-24,股息,600959,江苏有线,股息率批量超时,是
2026-07-24,股息,600960,渤海汽车,股息率批量超时,是
2026-07-24,股息,600963,岳阳林纸,股息率批量超时,是
2026-07-24,股息,600966,博汇纸业,股息率批量超时,是
2026-07-24,股息,600967,内蒙一机,股息率批量超时,是
2026-07-24,股息,600969,郴电国际,股息率批量超时,是
2026-07-24,股息,600970,中材国际,股息率批量超时,是
2026-07-24,股息,600973,宝胜股份,股息率批量超时,是
2026-07-24,股息,600975,新五丰,股息率批量超时,是
2026-07-24,股息,600976,健民集团,股息率批量超时,是
2026-07-24,股息,600977,中国电影,股息率批量超时,是
2026-07-24,股息,600979,广安爱众,股息率批量超时,是
2026-07-24,股息,600980,北矿科技,股息率批量超时,是
2026-07-24,股息,600981,苏豪汇鸿,股息率批量超时,是
2026-07-24,股息,600982,宁波能源,股息率批量超时,是
2026-07-24,股息,600983,惠而浦,股息率批量超时,是
2026-07-24,股息,600986,浙文互联,股息率批量超时,是
2026-07-24,股息,600990,四创电子,股息率批量超时,是
2026-07-24,股息,600992,贵绳股份,股息率批量超时,是
2026-07-24,股息,600996,贵广网络,股息率批量超时,是
2026-07-24,股息,601003,柳钢股份,股息率批量超时,是
2026-07-24,股息,601005,重庆钢铁,股息率批量超时,是
2026-07-24,股息,601007,金陵饭店,股息率批量超时,是
2026-07-24,股息,601011,宝泰隆,股息率批量超时,是
2026-07-24,股息,601012,隆基绿能,股息率批量超时,是
2026-07-24,股息,601015,陕西黑猫,股息率批量超时,是
2026-07-24,股息,601020,华钰矿业,股息率批量超时,是
2026-07-24,股息,601026,道生天合,股息率批量超时,是
2026-07-24,股息,601061,中信金属,股息率批量超时,是
2026-07-24,股息,601065,江盐集团,股息率批量超时,是
2026-07-24,股息,601068,中铝国际,股息率批量超时,是
2026-07-24,股息,601069,西部黄金,股息率批量超时,是
2026-07-24,股息,601086,国芳集团,股息率批量超时,是
2026-07-24,股息,601089,福元医药,股息率批量超时,是
2026-07-24,股息,601096,宏盛华源,股息率批量超时,是
2026-07-24,股息,601106,中国一重,股息率批量超时,是
2026-07-24,股息,601111,中国国航,股息率批量超时,是
2026-07-24,股息,601113,华鼎股份,股息率批量超时,是
2026-07-24,股息,601116,三江购物,股息率批量超时,是
2026-07-24,股息,601118,海南橡胶,股息率批量超时,是
2026-07-24,股息,601121,宝地矿业,股息率批量超时,是
2026-07-24,股息,601127,赛力斯,股息率批量超时,是
2026-07-24,股息,601136,XD首创证,股息率批量超时,是
2026-07-24,股息,601137,博威合金,股息率批量超时,是
2026-07-24,股息,601155,新城控股,股息率批量超时,是
2026-07-24,股息,601163,三角轮胎,股息率批量超时,是
2026-07-24,股息,601177,杭齿前进,股息率批量超时,是
2026-07-24,股息,601179,中国西电,股息率批量超时,是
2026-07-24,股息,601188,龙江交通,股息率批量超时,是
2026-07-24,股息,601200,上海环境,股息率批量超时,是
2026-07-24,股息,601212,白银有色,股息率批量超时,是
2026-07-24,股息,601216,君正集团,股息率批量超时,是
2026-07-24,股息,601218,吉鑫科技,股息率批量超时,是
2026-07-24,股息,601226,华电科工,股息率批量超时,是
2026-07-24,股息,601231,环旭电子,股息率批量超时,是
2026-07-24,股息,601238,广汽集团,股息率批量超时,是
2026-07-24,股息,601279,英利汽车,股息率批量超时,是
2026-07-24,股息,601311,骆驼股份,股息率批量超时,是
2026-07-24,股息,601330,绿色动力,股息率批量超时,是
2026-07-24,股息,601360,三六零,股息率批量超时,是
2026-07-24,股息,601366,利群股份,股息率批量超时,是
2026-07-24,股息,601368,绿城水务,股息率批量超时,是
2026-07-24,股息,601369,陕鼓动力,股息率批量超时,是
2026-07-24,股息,601388,怡球资源,股息率批量超时,是
2026-07-24,股息,601390,中国中铁,股息率批量超时,是
2026-07-24,股息,601399,国机重装,股息率批量超时,是
2026-07-24,股息,601500,通用股份,股息率批量超时,是
2026-07-24,股息,601512,中新集团,股息率批量超时,是
2026-07-24,股息,601515,衢州东峰,股息率批量超时,是
2026-07-24,股息,601519,大智慧,股息率批量超时,是
2026-07-24,股息,601566,九牧王,股息率批量超时,是
2026-07-24,股息,601567,三星电气,股息率批量超时,是
2026-07-24,股息,601568,北元化工,股息率批量超时,是
2026-07-24,股息,601579,会稽山,股息率批量超时,是
2026-07-24,股息,601588,北辰实业,股息率批量超时,是
2026-07-24,股息,601595,上海电影,股息率批量超时,是
2026-07-24,股息,601599,浙文影业,股息率批量超时,是
2026-07-24,股息,601600,中国铝业,股息率批量超时,是
2026-07-24,股息,601601,中国太保,股息率批量超时,是
2026-07-24,股息,601606,长城军工,股息率批量超时,是
2026-07-24,股息,601608,中信重工,股息率批量超时,是
2026-07-24,股息,601609,金田股份,股息率批量超时,是
2026-07-24,股息,601611,中国核建,股息率批量超时,是
2026-07-24,股息,601615,明阳智能,股息率批量超时,是
2026-07-24,股息,601616,广电电气,股息率批量超时,是
2026-07-24,股息,601619,嘉泽新能,股息率批量超时,是
2026-07-24,股息,601633,长城汽车,股息率批量超时,是
2026-07-24,股息,601636,旗滨集团,股息率批量超时,是
2026-07-24,股息,601669,中国电建,股息率批量超时,是
2026-07-24,股息,601686,友发集团,股息率批量超时,是
2026-07-24,股息,601689,拓普集团,股息率批量超时,是
2026-07-24,股息,601696,中银证券,股息率批量超时,是
2026-07-24,股息,601698,中国卫通,股息率批量超时,是
2026-07-24,股息,601702,华峰铝业,股息率批量超时,是
2026-07-24,股息,601717,中创智领,股息率批量超时,是
2026-07-24,股息,601727,上海电气,股息率批量超时,是
2026-07-24,股息,601777,千里科技,股息率批量超时,是
2026-07-24,股息,601778,晶科科技,股息率批量超时,是
2026-07-24,股息,601789,宁波建工,股息率批量超时,是
2026-07-24,股息,601798,蓝科高新,股息率批量超时,是
2026-07-24,股息,601799,星宇股份,股息率批量超时,是
2026-07-24,股息,601800,中国交建,股息率批量超时,是
2026-07-24,股息,601801,皖新传媒,股息率批量超时,是
2026-07-24,股息,601808,中海油服,股息率批量超时,是
2026-07-24,股息,601828,美凯龙,股息率批量超时,是
2026-07-24,股息,601858,中国科传,股息率批量超时,是
2026-07-24,股息,601865,福莱特,股息率批量超时,是
2026-07-24,股息,601877,正泰电器,股息率批量超时,是
2026-07-24,股息,601882,海天精工,股息率批量超时,是
2026-07-24,股息,601888,中国中免,股息率批量超时,是
2026-07-24,股息,601890,亚星锚链,股息率批量超时,是
2026-07-24,股息,601898,中煤能源,股息率批量超时,是
2026-07-24,股息,601900,南方传媒,股息率批量超时,是
2026-07-24,股息,601908,京运通,股息率批量超时,是
2026-07-24,股息,601929,吉视传媒,股息率批量超时,是
2026-07-24,股息,601933,永辉超市,股息率批量超时,是
2026-07-24,股息,601949,中国出版,股息率批量超时,是
2026-07-24,股息,601952,苏垦农发,股息率批量超时,是
2026-07-24,股息,601956,东贝集团,股息率批量超时,是
2026-07-24,股息,601965,中国汽研,股息率批量超时,是
2026-07-24,股息,601966,玲珑轮胎,股息率批量超时,是
2026-07-24,股息,601968,宝钢包装,股息率批量超时,是
2026-07-24,股息,601969,海南矿业,股息率批量超时,是
2026-07-24,股息,601975,招商南油,股息率批量超时,是
2026-07-24,股息,601992,金隅集团,股息率批量超时,是
2026-07-24,股息,601996,丰林集团,股息率批量超时,是
2026-07-24,股息,601999,出版传媒,股息率批量超时,是
2026-07-24,股息,603000,人民网,股息率批量超时,是
2026-07-24,股息,603001,奥康国际,股息率批量超时,是
2026-07-24,股息,603004,鼎龙科技,股息率批量超时,是
2026-07-24,股息,603006,联明股份,股息率批量超时,是
2026-07-24,股息,603007,顺景科技,股息率批量超时,是
2026-07-24,股息,603009,北特科技,股息率批量超时,是
2026-07-24,股息,603010,万盛股份,股息率批量超时,是
2026-07-24,股息,603011,合锻智能,股息率批量超时,是
2026-07-24,股息,603013,亚普股份,股息率批量超时,是
2026-07-24,股息,603014,威高血净,股息率批量超时,是
2026-07-24,股息,603015,弘讯科技,股息率批量超时,是
2026-07-24,股息,603016,新宏泰,股息率批量超时,是
2026-07-24,股息,603017,中衡设计,股息率批量超时,是
2026-07-24,股息,603018,华设集团,股息率批量超时,是
2026-07-24,股息,603020,爱普股份,股息率批量超时,是
2026-07-24,股息,603022,新通联,股息率批量超时,是
2026-07-24,股息,603023,威帝股份,股息率批量超时,是
2026-07-24,股息,603025,大豪科技,股息率批量超时,是
2026-07-24,股息,603026,石大胜华,股息率批量超时,是
2026-07-24,股息,603027,千禾味业,股息率批量超时,是
2026-07-24,股息,603028,赛福天,股息率批量超时,是
2026-07-24,股息,603029,天鹅股份,股息率批量超时,是
2026-07-24,股息,603030,全筑股份,股息率批量超时,是
2026-07-24,股息,603031,安孚科技,股息率批量超时,是
2026-07-24,股息,603032,德新科技,股息率批量超时,是
2026-07-24,股息,603033,三维股份,股息率批量超时,是
2026-07-24,股息,603035,常熟汽饰,股息率批量超时,是
2026-07-24,股息,603036,如通股份,股息率批量超时,是
2026-07-24,股息,603037,凯众股份,股息率批量超时,是
2026-07-24,股息,603038,华立股份,股息率批量超时,是
2026-07-24,股息,603039,泛微网络,股息率批量超时,是
2026-07-24,股息,603040,新坐标,股息率批量超时,是
2026-07-24,股息,603041,美思德,股息率批量超时,是
2026-07-24,股息,603042,华脉科技,股息率批量超时,是
2026-07-24,股息,603043,广州酒家,股息率批量超时,是
2026-07-24,股息,603048,浙江黎明,股息率批量超时,是
2026-07-24,股息,603050,科林电气,股息率批量超时,是
2026-07-24,股息,603051,鹿山新材,股息率批量超时,是
2026-07-24,股息,603057,紫燕食品,股息率批量超时,是
2026-07-24,股息,603058,永吉股份,股息率批量超时,是
2026-07-24,股息,603059,倍加洁,股息率批量超时,是
2026-07-24,股息,603060,国检集团,股息率批量超时,是
2026-07-24,股息,603062,麦加芯彩,股息率批量超时,是
2026-07-24,股息,603063,禾望电气,股息率批量超时,是
2026-07-24,股息,603066,音飞储存,股息率批量超时,是
2026-07-24,股息,603067,振华股份,股息率批量超时,是
2026-07-24,股息,603069,海汽集团,股息率批量超时,是
2026-07-24,股息,603070,万控智造,股息率批量超时,是
2026-07-24,股息,603071,物产环能,股息率批量超时,是
2026-07-24,股息,603072,天和磁材,股息率批量超时,是
2026-07-24,股息,603073,彩蝶实业,股息率批量超时,是
2026-07-24,股息,603075,热威股份,股息率批量超时,是
2026-07-24,股息,603076,乐惠国际,股息率批量超时,是
2026-07-24,股息,603077,和邦生物,股息率批量超时,是
2026-07-24,股息,603079,圣达生物,股息率批量超时,是
2026-07-24,股息,603080,新疆火炬,股息率批量超时,是
2026-07-24,股息,603081,大丰实业,股息率批量超时,是
2026-07-24,股息,603085,天成自控,股息率批量超时,是
2026-07-24,股息,603086,先达股份,股息率批量超时,是
2026-07-24,股息,603088,宁波精达,股息率批量超时,是
2026-07-24,股息,603089,正裕工业,股息率批量超时,是
2026-07-24,股息,603090,宏盛股份,股息率批量超时,是
2026-07-24,股息,603091,众鑫股份,股息率批量超时,是
2026-07-24,股息,603092,德力佳,股息率批量超时,是
2026-07-24,股息,603093,南华期货,股息率批量超时,是
2026-07-24,股息,603095,越剑智能,股息率批量超时,是
2026-07-24,股息,603096,新经典,股息率批量超时,是
2026-07-24,股息,603097,江苏华辰,股息率批量超时,是
2026-07-24,股息,603098,森特股份,股息率批量超时,是
2026-07-24,股息,603100,川仪股份,股息率批量超时,是
2026-07-24,股息,603101,汇嘉时代,股息率批量超时,是
2026-07-24,股息,603102,百合股份,股息率批量超时,是
2026-07-24,股息,603103,横店影视,股息率批量超时,是
2026-07-24,股息,603105,芯能科技,股息率批量超时,是
2026-07-24,股息,603106,恒银科技,股息率批量超时,是
2026-07-24,股息,603107,上海汽配,股息率批量超时,是
2026-07-24,股息,603108,润达医疗,股息率批量超时,是
2026-07-24,股息,603109,神驰机电,股息率批量超时,是
2026-07-24,股息,603111,康尼机电,股息率批量超时,是
2026-07-24,股息,603112,华翔股份,股息率批量超时,是
2026-07-24,股息,603113,金能科技,股息率批量超时,是
2026-07-24,股息,603116,红蜻蜓,股息率批量超时,是
2026-07-24,股息,603117,万林物流,股息率批量超时,是
2026-07-24,股息,603119,浙江荣泰,股息率批量超时,是
2026-07-24,股息,603121,华培动力,股息率批量超时,是
2026-07-24,股息,603122,合富中国,股息率批量超时,是
2026-07-24,股息,603123,翠微股份,股息率批量超时,是
2026-07-24,股息,603126,中材节能,股息率批量超时,是
2026-07-24,股息,603130,云中马,股息率批量超时,是
2026-07-24,股息,603131,上海沪工,股息率批量超时,是
2026-07-24,股息,603132,金徽股份,股息率批量超时,是
2026-07-24,股息,603135,中重科技,股息率批量超时,是
2026-07-24,股息,603136,天目湖,股息率批量超时,是
2026-07-24,股息,603138,海量数据,股息率批量超时,是
2026-07-24,股息,603151,邦基科技,股息率批量超时,是
2026-07-24,股息,603153,上海建科,股息率批量超时,是
2026-07-24,股息,603158,XD腾龙股,股息率批量超时,是
2026-07-24,股息,603159,上海亚虹,股息率批量超时,是
2026-07-24,股息,603160,汇顶科技,股息率批量超时,是
2026-07-24,股息,603163,圣晖集成,股息率批量超时,是
2026-07-24,股息,603165,荣晟环保,股息率批量超时,是
2026-07-24,股息,603166,福达股份,股息率批量超时,是
2026-07-24,股息,603168,莎普爱思,股息率批量超时,是
2026-07-24,股息,603169,兰石重装,股息率批量超时,是
2026-07-24,股息,603170,宝立食品,股息率批量超时,是
2026-07-24,股息,603171,税友股份,股息率批量超时,是
2026-07-24,股息,603172,万丰股份,股息率批量超时,是
2026-07-24,股息,603173,福斯达,股息率批量超时,是
2026-07-24,股息,603176,汇通集团,股息率批量超时,是
2026-07-24,股息,603177,德创环保,股息率批量超时,是
2026-07-24,股息,603178,圣龙股份,股息率批量超时,是
2026-07-24,股息,603179,新泉股份,股息率批量超时,是
2026-07-24,股息,603180,金牌家居,股息率批量超时,是
2026-07-24,股息,603181,皇马科技,股息率批量超时,是
2026-07-24,股息,603182,嘉华股份,股息率批量超时,是
2026-07-24,股息,603185,弘元绿能,股息率批量超时,是
2026-07-24,股息,603187,海容冷链,股息率批量超时,是
2026-07-24,股息,603188,亚邦股份,股息率批量超时,是
2026-07-24,股息,603190,亚通精工,股息率批量超时,是
2026-07-24,股息,603191,望变电气,股息率批量超时,是
2026-07-24,股息,603193,润本股份,股息率批量超时,是
2026-07-24,股息,603196,璞源材料,股息率批量超时,是
2026-07-24,股息,603197,保隆科技,股息率批量超时,是
2026-07-24,股息,603199,九华旅游,股息率批量超时,是
2026-07-24,股息,603200,上海洗霸,股息率批量超时,是
2026-07-24,股息,603201,常润股份,股息率批量超时,是
2026-07-24,股息,603202,天有为,股息率批量超时,是
2026-07-24,股息,603205,健尔康,股息率批量超时,是
2026-07-24,股息,603206,嘉环科技,股息率批量超时,是
2026-07-24,股息,603207,小方制药,股息率批量超时,是
2026-07-24,股息,603208,江山欧派,股息率批量超时,是
2026-07-24,股息,603209,兴通股份,股息率批量超时,是
2026-07-24,股息,603210,泰鸿万立,股息率批量超时,是
2026-07-24,股息,603212,赛伍技术,股息率批量超时,是
2026-07-24,股息,603214,爱婴室,股息率批量超时,是
2026-07-24,股息,603215,比依股份,股息率批量超时,是
2026-07-24,股息,603216,梦天家居,股息率批量超时,是
2026-07-24,股息,603217,元利科技,股息率批量超时,是
2026-07-24,股息,603218,日月股份,股息率批量超时,是
2026-07-24,股息,603219,富佳股份,股息率批量超时,是
2026-07-24,股息,603220,中贝通信,股息率批量超时,是
2026-07-24,股息,603222,济民健康,股息率批量超时,是
2026-07-24,股息,603227,雪峰科技,股息率批量超时,是
2026-07-24,股息,603229,奥翔药业,股息率批量超时,是
2026-07-24,股息,603230,内蒙新华,股息率批量超时,是
2026-07-24,股息,603231,索宝蛋白,股息率批量超时,是
2026-07-24,股息,603232,格尔软件,股息率批量超时,是
2026-07-24,股息,603236,移远通信,股息率批量超时,是
2026-07-24,股息,603237,五芳斋,股息率批量超时,是
2026-07-24,股息,603238,诺邦股份,股息率批量超时,是
2026-07-24,股息,603239,浙江仙通,股息率批量超时,是
2026-07-24,股息,603255,鼎际得,股息率批量超时,是
2026-07-24,股息,603258,电魂网络,股息率批量超时,是
2026-07-24,股息,603260,合盛硅业,股息率批量超时,是
2026-07-24,股息,603262,技源集团,股息率批量超时,是
2026-07-24,股息,603266,天龙股份,股息率批量超时,是
2026-07-24,股息,603267,鸿远电子,股息率批量超时,是
2026-07-24,股息,603269,海鸥股份,股息率批量超时,是
2026-07-24,股息,603270,金帝股份,股息率批量超时,是
2026-07-24,股息,603273,天元智能,股息率批量超时,是
2026-07-24,股息,603275,众辰科技,股息率批量超时,是
2026-07-24,股息,603276,恒兴新材,股息率批量超时,是
2026-07-24,股息,603277,银都股份,股息率批量超时,是
2026-07-24,股息,603278,大业股份,股息率批量超时,是
2026-07-24,股息,603279,景津装备,股息率批量超时,是
2026-07-24,股息,603280,南方路机,股息率批量超时,是
2026-07-24,股息,603281,江瀚新材,股息率批量超时,是
2026-07-24,股息,603282,亚光股份,股息率批量超时,是
2026-07-24,股息,603286,日盈电子,股息率批量超时,是
2026-07-24,股息,603289,泰瑞机器,股息率批量超时,是
2026-07-24,股息,603290,斯达半导,股息率批量超时,是
2026-07-24,股息,603291,联合水务,股息率批量超时,是
2026-07-24,股息,603297,永新光学,股息率批量超时,是
2026-07-24,股息,603299,苏盐井神,股息率批量超时,是
2026-07-24,股息,603300,海南华铁,股息率批量超时,是
2026-07-24,股息,603305,旭升集团,股息率批量超时,是
2026-07-24,股息,603306,华懋科技,股息率批量超时,是
2026-07-24,股息,603307,扬州金泉,股息率批量超时,是
2026-07-24,股息,603308,应流股份,股息率批量超时,是
2026-07-24,股息,603309,维力医疗,股息率批量超时,是
2026-07-24,股息,603310,巍华新材,股息率批量超时,是
2026-07-24,股息,603312,西典新能,股息率批量超时,是
2026-07-24,股息,603313,梦百合,股息率批量超时,是
2026-07-24,股息,603315,福鞍股份,股息率批量超时,是
2026-07-24,股息,603316,诚邦股份,股息率批量超时,是
2026-07-24,股息,603319,美湖股份,股息率批量超时,是
2026-07-24,股息,603320,迪贝电气,股息率批量超时,是
2026-07-24,股息,603321,梅轮电梯,股息率批量超时,是
2026-07-24,股息,603322,超讯科技,股息率批量超时,是
2026-07-24,股息,603325,博隆技术,股息率批量超时,是
2026-07-24,股息,603326,我乐家居,股息率批量超时,是
2026-07-24,股息,603327,福蓉科技,股息率批量超时,是
2026-07-24,股息,603328,依顿电子,股息率批量超时,是
2026-07-24,股息,603329,上海雅仕,股息率批量超时,是
2026-07-24,股息,603330,天洋新材,股息率批量超时,是
2026-07-24,股息,603331,百达精工,股息率批量超时,是
2026-07-24,股息,603332,苏州龙杰,股息率批量超时,是
2026-07-24,股息,603334,丰倍生物,股息率批量超时,是
2026-07-24,股息,603335,迪生力,股息率批量超时,是
2026-07-24,股息,603336,宏辉果蔬,股息率批量超时,是
2026-07-24,股息,603339,四方科技,股息率批量超时,是
2026-07-24,股息,603344,星德胜,股息率批量超时,是
2026-07-24,股息,603348,文灿股份,股息率批量超时,是
2026-07-24,股息,603350,安乃达,股息率批量超时,是
2026-07-24,股息,603353,和顺石油,股息率批量超时,是
2026-07-24,股息,603355,莱克电气,股息率批量超时,是
2026-07-24,股息,603356,华菱精工,股息率批量超时,是
2026-07-24,股息,603357,设计总院,股息率批量超时,是
2026-07-24,股息,603358,华达科技,股息率批量超时,是
2026-07-24,股息,603360,百傲化学,股息率批量超时,是
2026-07-24,股息,603363,傲农生物,股息率批量超时,是
2026-07-24,股息,603366,日出东方,股息率批量超时,是
2026-07-24,股息,603367,辰欣药业,股息率批量超时,是
2026-07-24,股息,603370,华新精科,股息率批量超时,是
2026-07-24,股息,603375,盛景微,股息率批量超时,是
2026-07-24,股息,603376,大明电子,股息率批量超时,是
2026-07-24,股息,603380,易德龙,股息率批量超时,是
2026-07-24,股息,603381,永臻股份,股息率批量超时,是
2026-07-24,股息,603382,海阳科技,股息率批量超时,是
2026-07-24,股息,603385,惠达卫浴,股息率批量超时,是
2026-07-24,股息,603386,骏亚科技,股息率批量超时,是
2026-07-24,股息,603389,亚振家居,股息率批量超时,是
2026-07-24,股息,603390,通达电气,股息率批量超时,是
2026-07-24,股息,603391,力聚热能,股息率批量超时,是
2026-07-24,股息,603392,万泰生物,股息率批量超时,是
2026-07-24,股息,603393,新天然气,股息率批量超时,是
2026-07-24,股息,603395,红四方,股息率批量超时,是
2026-07-24,股息,603396,金辰股份,股息率批量超时,是
2026-07-24,股息,603400,华之杰,股息率批量超时,是
2026-07-24,股息,603406,天富龙,股息率批量超时,是
2026-07-24,股息,603408,建霖家居,股息率批量超时,是
2026-07-24,股息,603409,汇通控股,股息率批量超时,是
2026-07-24,股息,603416,信捷电气,股息率批量超时,是
2026-07-24,股息,603418,友升股份,股息率批量超时,是
2026-07-24,股息,603421,鼎信通讯,股息率批量超时,是
2026-07-24,股息,603439,三力制药,股息率批量超时,是
2026-07-24,股息,603458,勘设股份,股息率批量超时,是
2026-07-24,股息,603477,巨星农牧,股息率批量超时,是
2026-07-24,股息,603486,科沃斯,股息率批量超时,是
2026-07-24,股息,603488,展鹏科技,股息率批量超时,是
2026-07-24,股息,603489,八方股份,股息率批量超时,是
2026-07-24,股息,603499,翔港科技,股息率批量超时,是
2026-07-24,股息,603500,祥和实业,股息率批量超时,是
2026-07-24,股息,603505,金石资源,股息率批量超时,是
2026-07-24,股息,603506,南都物业,股息率批量超时,是
2026-07-24,股息,603507,振江股份,股息率批量超时,是
2026-07-24,股息,603508,思维列控,股息率批量超时,是
2026-07-24,股息,603511,爱慕股份,股息率批量超时,是
2026-07-24,股息,603516,淳中科技,股息率批量超时,是
2026-07-24,股息,603518,锦泓集团,股息率批量超时,是
2026-07-24,股息,603520,司太立,股息率批量超时,是
2026-07-24,股息,603527,众源新材,股息率批量超时,是
2026-07-24,股息,603528,多伦科技,股息率批量超时,是
2026-07-24,股息,603529,爱玛科技,股息率批量超时,是
2026-07-24,股息,603530,神马电力,股息率批量超时,是
2026-07-24,股息,603533,掌阅科技,股息率批量超时,是
2026-07-24,股息,603535,嘉诚国际,股息率批量超时,是
2026-07-24,股息,603536,惠发食品,股息率批量超时,是
2026-07-24,股息,603551,奥普科技,股息率批量超时,是
2026-07-24,股息,603556,海兴电力,股息率批量超时,是
2026-07-24,股息,603566,普莱柯,股息率批量超时,是
2026-07-24,股息,603567,珍宝岛,股息率批量超时,是
2026-07-24,股息,603568,伟明环保,股息率批量超时,是
2026-07-24,股息,603569,长久物流,股息率批量超时,是
2026-07-24,股息,603577,汇金通,股息率批量超时,是
2026-07-24,股息,603578,三星新材,股息率批量超时,是
2026-07-24,股息,603579,荣泰健康,股息率批量超时,是
2026-07-24,股息,603583,捷昌驱动,股息率批量超时,是
2026-07-24,股息,603585,苏利股份,股息率批量超时,是
2026-07-24,股息,603586,金麒麟,股息率批量超时,是
2026-07-24,股息,603587,地素时尚,股息率批量超时,是
2026-07-24,股息,603589,口子窖,股息率批量超时,是
2026-07-24,股息,603590,康辰药业,股息率批量超时,是
2026-07-24,股息,603596,伯特利,股息率批量超时,是
2026-07-24,股息,603598,引力传媒,股息率批量超时,是
2026-07-24,股息,603599,广信股份,股息率批量超时,是
2026-07-24,股息,603600,永艺股份,股息率批量超时,是
2026-07-24,股息,603601,再升科技,股息率批量超时,是
2026-07-24,股息,603602,纵横通信,股息率批量超时,是
2026-07-24,股息,603605,珀莱雅,股息率批量超时,是
2026-07-24,股息,603606,东方电缆,股息率批量超时,是
2026-07-24,股息,603607,京华激光,股息率批量超时,是
2026-07-24,股息,603610,麒盛科技,股息率批量超时,是
2026-07-24,股息,603611,诺力股份,股息率批量超时,是
2026-07-24,股息,603612,索通发展,股息率批量超时,是
2026-07-24,股息,603613,国联股份,股息率批量超时,是
2026-07-24,股息,603615,茶花股份,股息率批量超时,是
2026-07-24,股息,603616,韩建河山,股息率批量超时,是
2026-07-24,股息,603617,君禾股份,股息率批量超时,是
2026-07-24,股息,603619,中曼石油,股息率批量超时,是
2026-07-24,股息,603626,科森科技,股息率批量超时,是
2026-07-24,股息,603628,清源股份,股息率批量超时,是
2026-07-24,股息,603630,拉芳家化,股息率批量超时,是
2026-07-24,股息,603633,徕木股份,股息率批量超时,是
2026-07-24,股息,603636,南威软件,股息率批量超时,是
2026-07-24,股息,603637,镇海股份,股息率批量超时,是
2026-07-24,股息,603638,艾迪精密,股息率批量超时,是
2026-07-24,股息,603639,海利尔,股息率批量超时,是
2026-07-24,股息,603648,畅联股份,股息率批量超时,是
2026-07-24,股息,603655,朗博科技,股息率批量超时,是
2026-07-24,股息,603656,泰禾智能,股息率批量超时,是
2026-07-24,股息,603657,春光科技,股息率批量超时,是
2026-07-24,股息,603659,璞泰来,股息率批量超时,是
2026-07-24,股息,603660,苏州科达,股息率批量超时,是
2026-07-24,股息,603661,恒林股份,股息率批量超时,是
2026-07-24,股息,603662,柯力传感,股息率批量超时,是
2026-07-24,股息,603665,康隆达,股息率批量超时,是
2026-07-24,股息,603666,亿嘉和,股息率批量超时,是
2026-07-24,股息,603667,五洲新春,股息率批量超时,是
2026-07-24,股息,603668,天马科技,股息率批量超时,是
2026-07-24,股息,603676,卫信康,股息率批量超时,是
2026-07-24,股息,603677,奇精机械,股息率批量超时,是
2026-07-24,股息,603680,今创集团,股息率批量超时,是
2026-07-24,股息,603681,永冠新材,股息率批量超时,是
2026-07-24,股息,603683,晶华新材,股息率批量超时,是
2026-07-24,股息,603686,福龙马,股息率批量超时,是
2026-07-24,股息,603690,至纯科技,股息率批量超时,是
2026-07-24,股息,603693,江苏新能,股息率批量超时,是
2026-07-24,股息,603696,安记食品,股息率批量超时,是
2026-07-24,股息,603697,有友食品,股息率批量超时,是
2026-07-24,股息,603698,航天工程,股息率批量超时,是
2026-07-24,股息,603699,纽威股份,股息率批量超时,是
2026-07-24,股息,603700,宁水集团,股息率批量超时,是
2026-07-24,股息,603701,德宏股份,股息率批量超时,是
2026-07-24,股息,603703,盛洋科技,股息率批量超时,是
2026-07-24,股息,603707,健友股份,股息率批量超时,是
2026-07-24,股息,603708,家家悦,股息率批量超时,是
2026-07-24,股息,603709,中源家居,股息率批量超时,是
2026-07-24,股息,603711,香飘飘,股息率批量超时,是
2026-07-24,股息,603712,七一二,股息率批量超时,是
2026-07-24,股息,603716,塞力医疗,股息率批量超时,是
2026-07-24,股息,603717,天域生物,股息率批量超时,是
2026-07-24,股息,603719,良品铺子,股息率批量超时,是
2026-07-24,股息,603721,中广天择,股息率批量超时,是
2026-07-24,股息,603722,阿科力,股息率批量超时,是
2026-07-24,股息,603728,鸣志电器,股息率批量超时,是
2026-07-24,股息,603733,仙鹤股份,股息率批量超时,是
2026-07-24,股息,603737,三棵树,股息率批量超时,是
2026-07-24,股息,603739,蔚蓝生物,股息率批量超时,是
2026-07-24,股息,603755,日辰股份,股息率批量超时,是
2026-07-24,股息,603758,秦安股份,股息率批量超时,是
2026-07-24,股息,603759,海天股份,股息率批量超时,是
2026-07-24,股息,603767,中马传动,股息率批量超时,是
2026-07-24,股息,603777,来伊份,股息率批量超时,是
2026-07-24,股息,603778,国晟科技,股息率批量超时,是
2026-07-24,股息,603786,科博达,股息率批量超时,是
2026-07-24,股息,603787,新日股份,股息率批量超时,是
2026-07-24,股息,603788,宁波高发,股息率批量超时,是
2026-07-24,股息,603790,雅运股份,股息率批量超时,是
2026-07-24,股息,603797,联泰环保,股息率批量超时,是
2026-07-24,股息,603798,康普顿,股息率批量超时,是
2026-07-24,股息,603799,华友钴业,股息率批量超时,是
2026-07-24,股息,603801,志邦家居,股息率批量超时,是
2026-07-24,股息,603803,瑞斯康达,股息率批量超时,是
2026-07-24,股息,603806,福斯特,股息率批量超时,是
2026-07-24,股息,603808,歌力思,股息率批量超时,是
2026-07-24,股息,603809,豪能股份,股息率批量超时,是
2026-07-24,股息,603810,丰山集团,股息率批量超时,是
2026-07-24,股息,603811,诚意药业,股息率批量超时,是
2026-07-24,股息,603813,原尚股份,股息率批量超时,是
2026-07-24,股息,603815,交建股份,股息率批量超时,是
2026-07-24,股息,603816,顾家家居,股息率批量超时,是
2026-07-24,股息,603817,海峡环保,股息率批量超时,是
2026-07-24,股息,603818,曲美家居,股息率批量超时,是
2026-07-24,股息,603819,神力股份,股息率批量超时,是
2026-07-24,股息,603826,坤彩科技,股息率批量超时,是
2026-07-24,股息,603829,洛凯股份,股息率批量超时,是
2026-07-24,股息,603833,欧派家居,股息率批量超时,是
2026-07-24,股息,603836,海程邦达,股息率批量超时,是
2026-07-24,股息,603839,安正时尚,股息率批量超时,是
2026-07-24,股息,603848,好太太,股息率批量超时,是
2026-07-24,股息,603855,华荣股份,股息率批量超时,是
2026-07-24,股息,603856,东宏股份,股息率批量超时,是
2026-07-24,股息,603859,能科科技,股息率批量超时,是
2026-07-24,股息,603860,中公高科,股息率批量超时,是
2026-07-24,股息,603861,白云电器,股息率批量超时,是
2026-07-24,股息,603863,松炀资源,股息率批量超时,是
2026-07-24,股息,603866,桃李面包,股息率批量超时,是
2026-07-24,股息,603867,新化股份,股息率批量超时,是
2026-07-24,股息,603868,飞科电器,股息率批量超时,是
2026-07-24,股息,603877,太平鸟,股息率批量超时,是
2026-07-24,股息,603878,武进不锈,股息率批量超时,是
2026-07-24,股息,603879,永悦科技,股息率批量超时,是
2026-07-24,股息,603880,南卫股份,股息率批量超时,是
2026-07-24,股息,603881,数据港,股息率批量超时,是
2026-07-24,股息,603885,吉祥航空,股息率批量超时,是
2026-07-24,股息,603886,元祖股份,股息率批量超时,是
2026-07-24,股息,603887,城地香江,股息率批量超时,是
2026-07-24,股息,603888,新华网,股息率批量超时,是
2026-07-24,股息,603895,天永智能,股息率批量超时,是
2026-07-24,股息,603896,寿仙谷,股息率批量超时,是
2026-07-24,股息,603897,长城科技,股息率批量超时,是
2026-07-24,股息,603898,好莱客,股息率批量超时,是
2026-07-24,股息,603900,莱绅通灵,股息率批量超时,是
2026-07-24,股息,603901,永创智能,股息率批量超时,是
2026-07-24,股息,603906,龙蟠科技,股息率批量超时,是
2026-07-24,股息,603908,牧高笛,股息率批量超时,是
2026-07-24,股息,603909,建发合诚,股息率批量超时,是
2026-07-24,股息,603912,佳力图,股息率批量超时,是
2026-07-24,股息,603915,国茂股份,股息率批量超时,是
2026-07-24,股息,603916,苏博特,股息率批量超时,是
2026-07-24,股息,603917,合力科技,股息率批量超时,是
2026-07-24,股息,603918,金桥信息,股息率批量超时,是
2026-07-24,股息,603919,金徽酒,股息率批量超时,是
2026-07-24,股息,603920,世运电路,股息率批量超时,是
2026-07-24,股息,603926,铁流股份,股息率批量超时,是
2026-07-24,股息,603927,中科软,股息率批量超时,是
2026-07-24,股息,603928,兴业股份,股息率批量超时,是
2026-07-24,股息,603933,睿能科技,股息率批量超时,是
2026-07-24,股息,603937,丽岛新材,股息率批量超时,是
2026-07-24,股息,603948,建业股份,股息率批量超时,是
2026-07-24,股息,603949,雪龙集团,股息率批量超时,是
2026-07-24,股息,603955,大千生态,股息率批量超时,是
2026-07-24,股息,603958,哈森股份,股息率批量超时,是
2026-07-24,股息,603960,克来机电,股息率批量超时,是
2026-07-24,股息,603966,法兰泰克,股息率批量超时,是
2026-07-24,股息,603967,中创物流,股息率批量超时,是
2026-07-24,股息,603968,醋化股份,股息率批量超时,是
2026-07-24,股息,603969,银龙股份,股息率批量超时,是
2026-07-24,股息,603970,中农立华,股息率批量超时,是
2026-07-24,股息,603977,国泰集团,股息率批量超时,是
2026-07-24,股息,603978,深圳新星,股息率批量超时,是
2026-07-24,股息,603982,泉峰汽车,股息率批量超时,是
2026-07-24,股息,603985,恒润股份,股息率批量超时,是
2026-07-24,股息,603987,康德莱,股息率批量超时,是
2026-07-24,股息,603988,中电电机,股息率批量超时,是
2026-07-24,股息,603992,松霖科技,股息率批量超时,是
2026-07-24,股息,603997,继峰股份,股息率批量超时,是
2026-07-24,股息,603998,方盛制药,股息率批量超时,是
2026-07-24,股息,603999,读者传媒,股息率批量超时,是
2026-07-24,股息,605001,威奥股份,股息率批量超时,是
2026-07-24,股息,605003,众望布艺,股息率批量超时,是
2026-07-24,股息,605005,合兴股份,股息率批量超时,是
2026-07-24,股息,605009,豪悦护理,股息率批量超时,是
2026-07-24,股息,605011,杭州热电,股息率批量超时,是
2026-07-24,股息,605033,美邦股份,股息率批量超时,是
2026-07-24,股息,605050,福然德,股息率批量超时,是
2026-07-24,股息,605055,迎丰股份,股息率批量超时,是
2026-07-24,股息,605056,咸亨国际,股息率批量超时,是
2026-07-24,股息,605058,澳弘电子,股息率批量超时,是
2026-07-24,股息,605060,联德股份,股息率批量超时,是
2026-07-24,股息,605066,天正电气,股息率批量超时,是
2026-07-24,股息,605068,明新旭腾,股息率批量超时,是
2026-07-24,股息,605069,正和生态,股息率批量超时,是
2026-07-24,股息,605077,华康股份,股息率批量超时,是
2026-07-24,股息,605080,浙江自然,股息率批量超时,是
2026-07-24,股息,605086,龙高股份,股息率批量超时,是
2026-07-24,股息,605088,冠盛股份,股息率批量超时,是
2026-07-24,股息,605089,味知香,股息率批量超时,是
2026-07-24,股息,605090,九丰能源,股息率批量超时,是
2026-07-24,股息,605099,共创草坪,股息率批量超时,是
2026-07-24,股息,605100,华丰股份,股息率批量超时,是
2026-07-24,股息,605108,同庆楼,股息率批量超时,是
2026-07-24,股息,605116,奥锐特,股息率批量超时,是
2026-07-24,股息,605118,力鼎光电,股息率批量超时,是
2026-07-24,股息,605122,四方新材,股息率批量超时,是
2026-07-24,股息,605123,派克新材,股息率批量超时,是
2026-07-24,股息,605128,上海沿浦,股息率批量超时,是
2026-07-24,股息,605133,嵘泰股份,股息率批量超时,是
2026-07-24,股息,605136,丽人丽妆,股息率批量超时,是
2026-07-24,股息,605138,盛泰集团,股息率批量超时,是
2026-07-24,股息,605151,西上海,股息率批量超时,是
2026-07-24,股息,605155,西大门,股息率批量超时,是
2026-07-24,股息,605158,华达新材,股息率批量超时,是
2026-07-24,股息,605162,新中港,股息率批量超时,是
2026-07-24,股息,605166,聚合顺,股息率批量超时,是
2026-07-24,股息,605167,利柏特,股息率批量超时,是
2026-07-24,股息,605169,洪通燃气,股息率批量超时,是
2026-07-24,股息,605177,东亚药业,股息率批量超时,是
2026-07-24,股息,605179,一鸣食品,股息率批量超时,是
2026-07-24,股息,605180,华生科技,股息率批量超时,是
2026-07-24,股息,605183,确成股份,股息率批量超时,是
2026-07-24,股息,605188,国光连锁,股息率批量超时,是
2026-07-24,股息,605196,华通线缆,股息率批量超时,是
2026-07-24,股息,605208,永茂泰,股息率批量超时,是
2026-07-24,股息,605218,伟时电子,股息率批量超时,是
2026-07-24,股息,605222,起帆电缆,股息率批量超时,是
2026-07-24,股息,605228,神通科技,股息率批量超时,是
2026-07-24,股息,605255,天普股份,股息率批量超时,是
2026-07-24,股息,605258,协和电子,股息率批量超时,是
2026-07-24,股息,605259,绿田机械,股息率批量超时,是
2026-07-24,股息,605266,健之佳,股息率批量超时,是
2026-07-24,股息,605268,王力安防,股息率批量超时,是
2026-07-24,股息,605277,新亚电子,股息率批量超时,是
2026-07-24,股息,605286,同力天启,股息率批量超时,是
2026-07-24,股息,605287,德才股份,股息率批量超时,是
2026-07-24,股息,605288,凯迪股份,股息率批量超时,是
2026-07-24,股息,605298,必得科技,股息率批量超时,是
2026-07-24,股息,605299,舒华体育,股息率批量超时,是
2026-07-24,股息,605300,佳禾食品,股息率批量超时,是
2026-07-24,股息,605303,园林股份,股息率批量超时,是
2026-07-24,股息,605319,无锡振华,股息率批量超时,是
2026-07-24,股息,605333,沪光股份,股息率批量超时,是
2026-07-24,股息,605337,李子园,股息率批量超时,是
2026-07-24,股息,605338,巴比食品,股息率批量超时,是
2026-07-24,股息,605339,南侨食品,股息率批量超时,是
2026-07-24,股息,605365,立达信,股息率批量超时,是
2026-07-24,股息,605366,宏柏新材,股息率批量超时,是
2026-07-24,股息,605368,蓝天燃气,股息率批量超时,是
2026-07-24,股息,605369,拱东医疗,股息率批量超时,是
2026-07-24,股息,605378,野马电池,股息率批量超时,是
2026-07-24,股息,605388,均瑶健康,股息率批量超时,是
2026-07-24,股息,605398,新炬网络,股息率批量超时,是
2026-07-24,股息,605399,晨光新材,股息率批量超时,是
2026-07-24,股息,605488,福莱新材,股息率批量超时,是
2026-07-24,股息,605499,东鹏饮料,股息率批量超时,是
2026-07-24,股息,605500,森林包装,股息率批量超时,是
2026-07-24,股息,605507,国邦医药,股息率批量超时,是
2026-07-24,股息,605555,德昌股份,股息率批量超时,是
2026-07-24,股息,605566,福莱蒽特,股息率批量超时,是
2026-07-24,股息,605567,春雪食品,股息率批量超时,是
2026-07-24,股息,605577,龙版传媒,股息率批量超时,是
2026-07-24,股息,605580,恒盛能源,股息率批量超时,是
2026-07-24,股息,605588,冠石科技,股息率批量超时,是
2026-07-24,股息,605598,上海港湾,股息率批量超时,是
2026-07-24,股息,605599,菜百股份,股息率批量超时,是
2026-07-24,股息,688005,容百科技,股息率批量超时,是
2026-07-24,股息,688006,杭可科技,股息率批量超时,是
2026-07-24,股息,688007,光峰科技,股息率批量超时,是
2026-07-24,股息,688010,福光股份,股息率批量超时,是
2026-07-24,股息,688013,天臣医疗,股息率批量超时,是
2026-07-24,股息,688015,交控科技,股息率批量超时,是
2026-07-24,股息,688021,奥福科技,股息率批量超时,是
2026-07-24,股息,688023,安恒信息,股息率批量超时,是
2026-07-24,股息,688026,洁特生物,股息率批量超时,是
2026-07-24,股息,688027,国盾量子,股息率批量超时,是
2026-07-24,股息,688030,山石网科,股息率批量超时,是
2026-07-24,股息,688031,星环科技,股息率批量超时,是
2026-07-24,股息,688032,禾迈股份,股息率批量超时,是
2026-07-24,股息,688038,中科通达,股息率批量超时,是
2026-07-24,股息,688039,当虹科技,股息率批量超时,是
2026-07-24,股息,688047,龙芯中科,股息率批量超时,是
2026-07-24,股息,688050,爱博医疗,股息率批量超时,是
2026-07-24,股息,688051,佳华科技,股息率批量超时,是
2026-07-24,股息,688058,宝兰德,股息率批量超时,是
2026-07-24,股息,688059,华锐精密,股息率批量超时,是
2026-07-24,股息,688060,云涌科技,股息率批量超时,是
2026-07-24,股息,688063,派能科技,股息率批量超时,是
2026-07-24,股息,688065,凯赛生物,股息率批量超时,是
2026-07-24,股息,688067,爱威科技,股息率批量超时,是
2026-07-24,股息,688070,纵横股份,股息率批量超时,是
2026-07-24,股息,688073,毕得医药,股息率批量超时,是
2026-07-24,股息,688075,安旭生物,股息率批量超时,是
2026-07-24,股息,688077,大地熊,股息率批量超时,是
2026-07-24,股息,688078,龙软科技,股息率批量超时,是
2026-07-24,股息,688080,映翰通,股息率批量超时,是
2026-07-24,股息,688081,兴图新科,股息率批量超时,是
2026-07-24,股息,688083,中望软件,股息率批量超时,是
2026-07-24,股息,688084,晶品特装,股息率批量超时,是
2026-07-24,股息,688085,三友医疗,股息率批量超时,是
2026-07-24,股息,688088,虹软科技,股息率批量超时,是
2026-07-24,股息,688089,嘉必优,股息率批量超时,是
2026-07-24,股息,688091,上海谊众,股息率批量超时,是
2026-07-24,股息,688092,爱科科技,股息率批量超时,是
2026-07-24,股息,688093,世华科技,股息率批量超时,是
2026-07-24,股息,688095,福昕软件,股息率批量超时,是
2026-07-24,股息,688096,京源环保,股息率批量超时,是
2026-07-24,股息,688098,申联生物,股息率批量超时,是
2026-07-24,股息,688100,威胜信息,股息率批量超时,是
2026-07-24,股息,688101,三达膜,股息率批量超时,是
2026-07-24,股息,688102,斯瑞新材,股息率批量超时,是
2026-07-24,股息,688108,赛诺医疗,股息率批量超时,是
2026-07-24,股息,688109,品茗科技,股息率批量超时,是
2026-07-24,股息,688110,东芯股份,股息率批量超时,是
2026-07-24,股息,688111,金山办公,股息率批量超时,是
2026-07-24,股息,688113,联测科技,股息率批量超时,是
2026-07-24,股息,688114,华大智造,股息率批量超时,是
2026-07-24,股息,688116,天奈科技,股息率批量超时,是
2026-07-24,股息,688117,圣诺生物,股息率批量超时,是
2026-07-24,股息,688118,普元信息,股息率批量超时,是
2026-07-24,股息,688119,中钢洛耐,股息率批量超时,是
2026-07-24,股息,688122,西部超导,股息率批量超时,是
2026-07-24,股息,688123,聚辰股份,股息率批量超时,是
2026-07-24,股息,688125,安达智能,股息率批量超时,是
2026-07-24,股息,688128,中国电研,股息率批量超时,是
2026-07-24,股息,688129,东来技术,股息率批量超时,是
2026-07-24,股息,688130,晶华微,股息率批量超时,是
2026-07-24,股息,688132,邦彦技术,股息率批量超时,是
2026-07-24,股息,688135,利扬芯片,股息率批量超时,是
2026-07-24,股息,688136,科兴制药,股息率批量超时,是
2026-07-24,股息,688137,近岸蛋白,股息率批量超时,是
2026-07-24,股息,688139,海尔生物,股息率批量超时,是
2026-07-24,股息,688148,芳源股份,股息率批量超时,是
2026-07-24,股息,688151,华强科技,股息率批量超时,是
2026-07-24,股息,688152,麒麟信安,股息率批量超时,是
2026-07-24,股息,688153,唯捷创芯,股息率批量超时,是
2026-07-24,股息,688155,先惠技术,股息率批量超时,是
2026-07-24,股息,688157,松井股份,股息率批量超时,是
2026-07-24,股息,688158,优刻得,股息率批量超时,是
2026-07-24,股息,688159,有方科技,股息率批量超时,是
2026-07-24,股息,688160,步科股份,股息率批量超时,是
2026-07-24,股息,688161,威高骨科,股息率批量超时,是
2026-07-24,股息,688162,巨一科技,股息率批量超时,是
2026-07-24,股息,688165,埃夫特,股息率批量超时,是
2026-07-24,股息,688166,博瑞医药,股息率批量超时,是
2026-07-24,股息,688167,炬光科技,股息率批量超时,是
2026-07-24,股息,688168,安博通,股息率批量超时,是
2026-07-24,股息,688169,石头科技,股息率批量超时,是
2026-07-24,股息,688171,纬德信息,股息率批量超时,是
2026-07-24,股息,688173,希荻微,股息率批量超时,是
2026-07-24,股息,688175,高凌信息,股息率批量超时,是
2026-07-24,股息,688177,百奥泰,股息率批量超时,是
2026-07-24,股息,688178,万德斯,股息率批量超时,是
2026-07-24,股息,688182,灿勤科技,股息率批量超时,是
2026-07-24,股息,688185,康希诺,股息率批量超时,是
2026-07-24,股息,688186,广大特材,股息率批量超时,是
2026-07-24,股息,688187,时代电气,股息率批量超时,是
2026-07-24,股息,688190,云路股份,股息率批量超时,是
2026-07-24,股息,688191,智洋创新,股息率批量超时,是
2026-07-24,股息,688193,仁度生物,股息率批量超时,是
2026-07-24,股息,688195,腾景科技,股息率批量超时,是
2026-07-24,股息,688196,卓越新能,股息率批量超时,是
2026-07-24,股息,688198,佰仁医疗,股息率批量超时,是
2026-07-24,股息,688199,久日新材,股息率批量超时,是
2026-07-24,股息,688203,海正生材,股息率批量超时,是
2026-07-24,股息,688205,德科立,股息率批量超时,是
2026-07-24,股息,688208,道通科技,股息率批量超时,是
2026-07-24,股息,688210,统联精密,股息率批量超时,是
2026-07-24,股息,688211,中科微至,股息率批量超时,是
2026-07-24,股息,688212,澳华内镜,股息率批量超时,是
2026-07-24,股息,688215,瑞晟智能,股息率批量超时,是
2026-07-24,股息,688217,睿昂基因,股息率批量超时,是
2026-07-24,股息,688219,会通股份,股息率批量超时,是
2026-07-24,股息,688223,晶科能源,股息率批量超时,是
2026-07-24,股息,688225,亚信安全,股息率批量超时,是
2026-07-24,股息,688226,威腾电气,股息率批量超时,是
2026-07-24,股息,688228,开普云,股息率批量超时,是
2026-07-24,股息,688229,博睿数据,股息率批量超时,是
2026-07-24,股息,688230,芯导科技,股息率批量超时,是
2026-07-24,股息,688231,隆达股份,股息率批量超时,是
2026-07-24,股息,688232,新点软件,股息率批量超时,是
2026-07-24,股息,688236,春立医疗,股息率批量超时,是
2026-07-24,股息,688238,和元生物,股息率批量超时,是
2026-07-24,股息,688239,航宇科技,股息率批量超时,是
2026-07-24,股息,688244,永信至诚,股息率批量超时,是
2026-07-24,股息,688246,嘉和美康,股息率批量超时,是
2026-07-24,股息,688247,宣泰医药,股息率批量超时,是
2026-07-24,股息,688248,南网科技,股息率批量超时,是
2026-07-24,股息,688251,井松智能,股息率批量超时,是
2026-07-24,股息,688252,天德钰,股息率批量超时,是
2026-07-24,股息,688255,凯尔达,股息率批量超时,是
2026-07-24,股息,688258,卓易信息,股息率批量超时,是
2026-07-24,股息,688259,创耀科技,股息率批量超时,是
2026-07-24,股息,688261,东微半导,股息率批量超时,是
2026-07-24,股息,688262,国芯科技,股息率批量超时,是
2026-07-24,股息,688265,南模生物,股息率批量超时,是
2026-07-24,股息,688267,中触媒,股息率批量超时,是
2026-07-24,股息,688269,凯立新材,股息率批量超时,是
2026-07-24,股息,688272,富吉瑞,股息率批量超时,是
2026-07-24,股息,688273,麦澜德,股息率批量超时,是
2026-07-24,股息,688275,万润新能,股息率批量超时,是
2026-07-24,股息,688276,百克生物,股息率批量超时,是
2026-07-24,股息,688279,峰岹科技,股息率批量超时,是
2026-07-24,股息,688280,精进电动,股息率批量超时,是
2026-07-24,股息,688281,华秦科技,股息率批量超时,是
2026-07-24,股息,688282,理工导航,股息率批量超时,是
2026-07-24,股息,688283,坤恒顺维,股息率批量超时,是
2026-07-24,股息,688285,高铁电气,股息率批量超时,是
2026-07-24,股息,688286,敏芯股份,股息率批量超时,是
2026-07-24,股息,688288,鸿泉技术,股息率批量超时,是
2026-07-24,股息,688289,圣湘生物,股息率批量超时,是
2026-07-24,股息,688291,金橙子,股息率批量超时,是
2026-07-24,股息,688292,浩瀚深度,股息率批量超时,是
2026-07-24,股息,688297,中无人机,股息率批量超时,是
2026-07-24,股息,688298,东方生物,股息率批量超时,是
2026-07-24,股息,688299,长阳科技,股息率批量超时,是
2026-07-24,股息,688302,海创药业,股息率批量超时,是
2026-07-24,股息,688303,大全能源,股息率批量超时,是
2026-07-24,股息,688305,科德数控,股息率批量超时,是
2026-07-24,股息,688306,均普智能,股息率批量超时,是
2026-07-24,股息,688307,中润光学,股息率批量超时,是
2026-07-24,股息,688310,迈得医疗,股息率批量超时,是
2026-07-24,股息,688311,盟升电子,股息率批量超时,是
2026-07-24,股息,688314,康拓医疗,股息率批量超时,是
2026-07-24,股息,688315,诺禾致源,股息率批量超时,是
2026-07-24,股息,688316,青云科技,股息率批量超时,是
2026-07-24,股息,688317,之江生物,股息率批量超时,是
2026-07-24,股息,688318,财富趋势,股息率批量超时,是
2026-07-24,股息,688320,禾川科技,股息率批量超时,是
2026-07-24,股息,688326,经纬恒润,股息率批量超时,是
2026-07-24,股息,688327,云从科技,股息率批量超时,是
2026-07-24,股息,688329,艾隆科技,股息率批量超时,是
2026-07-24,股息,688330,宏力达,股息率批量超时,是
2026-07-24,股息,688332,中科蓝讯,股息率批量超时,是
2026-07-24,股息,688333,铂力特,股息率批量超时,是
2026-07-24,股息,688334,西高院,股息率批量超时,是
2026-07-24,股息,688335,复洁科技,股息率批量超时,是
2026-07-24,股息,688336,三生国健,股息率批量超时,是
2026-07-24,股息,688337,普源精电,股息率批量超时,是
2026-07-24,股息,688338,赛科希德,股息率批量超时,是
2026-07-24,股息,688339,亿华通,股息率批量超时,是
2026-07-24,股息,688343,云天励飞,股息率批量超时,是
2026-07-24,股息,688348,昱能科技,股息率批量超时,是
2026-07-24,股息,688349,三一重能,股息率批量超时,是
2026-07-24,股息,688350,富淼科技,股息率批量超时,是
2026-07-24,股息,688351,微电生理,股息率批量超时,是
2026-07-24,股息,688355,明志科技,股息率批量超时,是
2026-07-24,股息,688356,键凯科技,股息率批量超时,是
2026-07-24,股息,688357,建龙微纳,股息率批量超时,是
2026-07-24,股息,688358,祥生医疗,股息率批量超时,是
2026-07-24,股息,688360,德马科技,股息率批量超时,是
2026-07-24,股息,688363,华熙生物,股息率批量超时,是
2026-07-24,股息,688365,光云科技,股息率批量超时,是
2026-07-24,股息,688366,昊海生科,股息率批量超时,是
2026-07-24,股息,688367,工大高科,股息率批量超时,是
2026-07-24,股息,688369,致远互联,股息率批量超时,是
2026-07-24,股息,688370,丛麟科技,股息率批量超时,是
2026-07-24,股息,688373,盟科药业,股息率批量超时,是
2026-07-24,股息,688375,国博电子,股息率批量超时,是
2026-07-24,股息,688377,迪威尔,股息率批量超时,是
2026-07-24,股息,688379,华光新材,股息率批量超时,是
2026-07-24,股息,688380,中微半导,股息率批量超时,是
2026-07-24,股息,688385,复旦微电,股息率批量超时,是
2026-07-24,股息,688386,泛亚微透,股息率批量超时,是
2026-07-24,股息,688387,信科移动,股息率批量超时,是
2026-07-24,股息,688388,嘉元科技,股息率批量超时,是
2026-07-24,股息,688389,普门科技,股息率批量超时,是
2026-07-24,股息,688390,固德威,股息率批量超时,是
2026-07-24,股息,688391,钜泉科技,股息率批量超时,是
2026-07-24,股息,688393,安必平,股息率批量超时,是
2026-07-24,股息,688395,正弦电气,股息率批量超时,是
2026-07-24,股息,688398,赛特新材,股息率批量超时,是
2026-07-24,股息,688399,硕世生物,股息率批量超时,是
2026-07-24,股息,688408,中信博,股息率批量超时,是
2026-07-24,股息,688410,山外山,股息率批量超时,是
2026-07-24,股息,688411,海博思创,股息率批量超时,是
2026-07-24,股息,688416,恒烁股份,股息率批量超时,是
2026-07-24,股息,688418,震有科技,股息率批量超时,是
2026-07-24,股息,688420,美腾科技,股息率批量超时,是
2026-07-24,股息,688425,铁建重工,股息率批量超时,是
2026-07-24,股息,688426,康为世纪,股息率批量超时,是
2026-07-24,股息,688429,时创能源,股息率批量超时,是
2026-07-24,股息,688435,英方软件,股息率批量超时,是
2026-07-24,股息,688439,振华风光,股息率批量超时,是
2026-07-24,股息,688443,智翔金泰,股息率批量超时,是
2026-07-24,股息,688450,光格科技,股息率批量超时,是
2026-07-24,股息,688455,科捷智能,股息率批量超时,是
2026-07-24,股息,688458,美芯晟,股息率批量超时,是
2026-07-24,股息,688459,哈铁科技,股息率批量超时,是
2026-07-24,股息,688466,金科环境,股息率批量超时,是
2026-07-24,股息,688468,科美诊断,股息率批量超时,是
2026-07-24,股息,688472,阿特斯,股息率批量超时,是
2026-07-24,股息,688480,赛恩斯,股息率批量超时,是
2026-07-24,股息,688484,南芯科技,股息率批量超时,是
2026-07-24,股息,688486,龙迅股份,股息率批量超时,是
2026-07-24,股息,688489,三未信安,股息率批量超时,是
2026-07-24,股息,688499,利元亨,股息率批量超时,是
2026-07-24,股息,688500,慧辰股份,股息率批量超时,是
2026-07-24,股息,688501,青达环保,股息率批量超时,是
2026-07-24,股息,688503,聚和材料,股息率批量超时,是
2026-07-24,股息,688509,正元地信,股息率批量超时,是
2026-07-24,股息,688510,航亚科技,股息率批量超时,是
2026-07-24,股息,688511,天微电子,股息率批量超时,是
2026-07-24,股息,688513,苑东生物,股息率批量超时,是
2026-07-24,股息,688516,奥特维,股息率批量超时,是
2026-07-24,股息,688517,金冠电气,股息率批量超时,是
2026-07-24,股息,688518,联赢激光,股息率批量超时,是
2026-07-24,股息,688520,神州细胞,股息率批量超时,是
2026-07-24,股息,688522,纳睿雷达,股息率批量超时,是
2026-07-24,股息,688523,航天环宇,股息率批量超时,是
2026-07-24,股息,688526,科前生物,股息率批量超时,是
2026-07-24,股息,688528,秦川物联,股息率批量超时,是
2026-07-24,股息,688529,豪森智能,股息率批量超时,是
2026-07-24,股息,688533,上声电子,股息率批量超时,是
2026-07-24,股息,688539,高华科技,股息率批量超时,是
2026-07-24,股息,688543,国科军工,股息率批量超时,是
2026-07-24,股息,688551,科威尔,股息率批量超时,是
2026-07-24,股息,688552,航天南湖,股息率批量超时,是
2026-07-24,股息,688553,汇宇制药,股息率批量超时,是
2026-07-24,股息,688556,高测股份,股息率批量超时,是
2026-07-24,股息,688557,兰剑智能,股息率批量超时,是
2026-07-24,股息,688558,国盛智科,股息率批量超时,是
2026-07-24,股息,688559,海目星,股息率批量超时,是
2026-07-24,股息,688560,明冠新材,股息率批量超时,是
2026-07-24,股息,688561,奇安信,股息率批量超时,是
2026-07-24,股息,688562,航天软件,股息率批量超时,是
2026-07-24,股息,688563,航材股份,股息率批量超时,是
2026-07-24,股息,688565,力源科技,股息率批量超时,是
2026-07-24,股息,688566,吉贝尔,股息率批量超时,是
2026-07-24,股息,688567,孚能科技,股息率批量超时,是
2026-07-24,股息,688568,中科星图,股息率批量超时,是
2026-07-24,股息,688569,铁科轨道,股息率批量超时,是
2026-07-24,股息,688570,天玛智控,股息率批量超时,是
2026-07-24,股息,688571,杭华股份,股息率批量超时,是
2026-07-24,股息,688573,信宇人,股息率批量超时,是
2026-07-24,股息,688575,亚辉龙,股息率批量超时,是
2026-07-24,股息,688576,西山科技,股息率批量超时,是
2026-07-24,股息,688577,浙海德曼,股息率批量超时,是
2026-07-24,股息,688579,地纬智能,股息率批量超时,是
2026-07-24,股息,688580,伟思医疗,股息率批量超时,是
2026-07-24,股息,688581,安杰思,股息率批量超时,是
2026-07-24,股息,688582,芯动联科,股息率批量超时,是
2026-07-24,股息,688583,思看科技,股息率批量超时,是
2026-07-24,股息,688586,江航装备,股息率批量超时,是
2026-07-24,股息,688588,凌志软件,股息率批量超时,是
2026-07-24,股息,688589,力合微,股息率批量超时,是
2026-07-24,股息,688590,新致软件,股息率批量超时,是
2026-07-24,股息,688591,泰凌微,股息率批量超时,是
2026-07-24,股息,688592,司南导航,股息率批量超时,是
2026-07-24,股息,688595,芯海科技,股息率批量超时,是
2026-07-24,股息,688597,煜邦电力,股息率批量超时,是
2026-07-24,股息,688599,天合光能,股息率批量超时,是
2026-07-24,股息,688600,皖仪科技,股息率批量超时,是
2026-07-24,股息,688601,力芯微,股息率批量超时,是
2026-07-24,股息,688602,康鹏科技,股息率批量超时,是
2026-07-24,股息,688606,奥泰生物,股息率批量超时,是
2026-07-24,股息,688607,康众医疗,股息率批量超时,是
2026-07-24,股息,688608,恒玄科技,股息率批量超时,是
2026-07-24,股息,688609,九联科技,股息率批量超时,是
2026-07-24,股息,688613,奥精医疗,股息率批量超时,是
2026-07-24,股息,688615,合合信息,股息率批量超时,是
2026-07-24,股息,688616,西力科技,股息率批量超时,是
2026-07-24,股息,688618,三旺通信,股息率批量超时,是
2026-07-24,股息,688619,罗普特,股息率批量超时,是
2026-07-24,股息,688626,翔宇医疗,股息率批量超时,是
2026-07-24,股息,688631,莱斯信息,股息率批量超时,是
2026-07-24,股息,688633,星球石墨,股息率批量超时,是
2026-07-24,股息,688636,智明达,股息率批量超时,是
2026-07-24,股息,688638,誉辰智能,股息率批量超时,是
2026-07-24,股息,688639,华恒生物,股息率批量超时,是
2026-07-24,股息,688648,中邮科技,股息率批量超时,是
2026-07-24,股息,688651,盛邦安全,股息率批量超时,是
2026-07-24,股息,688653,康希通信,股息率批量超时,是
2026-07-24,股息,688656,浩欧博,股息率批量超时,是
2026-07-24,股息,688657,浩辰软件,股息率批量超时,是
2026-07-24,股息,688658,悦康药业,股息率批量超时,是
2026-07-24,股息,688659,元琛科技,股息率批量超时,是
2026-07-24,股息,688660,电气风电,股息率批量超时,是
2026-07-24,股息,688665,四方光电,股息率批量超时,是
2026-07-24,股息,688670,金迪克,股息率批量超时,是
2026-07-24,股息,688671,碧兴物联,股息率批量超时,是
2026-07-24,股息,688676,金盘科技,股息率批量超时,是
2026-07-24,股息,688678,福立旺,股息率批量超时,是
2026-07-24,股息,688679,通源环境,股息率批量超时,是
2026-07-24,股息,688680,海优新材,股息率批量超时,是
2026-07-24,股息,688681,科汇股份,股息率批量超时,是
2026-07-24,股息,688682,霍莱沃,股息率批量超时,是
2026-07-24,股息,688683,莱尔科技,股息率批量超时,是
2026-07-24,股息,688685,迈信林,股息率批量超时,是
2026-07-24,股息,688687,凯因科技,股息率批量超时,是
2026-07-24,股息,688691,灿芯股份,股息率批量超时,是
2026-07-24,股息,688692,达梦数据,股息率批量超时,是
2026-07-24,股息,688695,中创股份,股息率批量超时,是
2026-07-24,股息,688696,极米科技,股息率批量超时,是
2026-07-24,股息,688698,伟创电气,股息率批量超时,是
2026-07-24,股息,688701,卓锦股份,股息率批量超时,是
2026-07-24,股息,688707,振华新材,股息率批量超时,是
2026-07-24,股息,688708,佳驰科技,股息率批量超时,是
2026-07-24,股息,688709,成都华微,股息率批量超时,是
2026-07-24,股息,688711,宏微科技,股息率批量超时,是
2026-07-24,股息,688716,中研股份,股息率批量超时,是
2026-07-24,股息,688717,艾罗能源,股息率批量超时,是
2026-07-24,股息,688718,唯赛勃,股息率批量超时,是
2026-07-24,股息,688721,龙图光罩,股息率批量超时,是
2026-07-24,股息,688722,同益中,股息率批量超时,是
2026-07-24,股息,688726,拉普拉斯,股息率批量超时,是
2026-07-24,股息,688733,壹石通,股息率批量超时,是
2026-07-24,股息,688737,中自科技,股息率批量超时,是
2026-07-24,股息,688739,成大生物,股息率批量超时,是
2026-07-24,股息,688750,金天钛业,股息率批量超时,是
2026-07-24,股息,688755,汉邦科技,股息率批量超时,是
2026-07-24,股息,688759,必贝特,股息率批量超时,是
2026-07-24,股息,688765,禾元生物,股息率批量超时,是
2026-07-24,股息,688768,容知日新,股息率批量超时,是
2026-07-24,股息,688772,珠海冠宇,股息率批量超时,是
2026-07-24,股息,688775,影石创新,股息率批量超时,是
2026-07-24,股息,688776,国光电气,股息率批量超时,是
2026-07-24,股息,688778,厦钨新能,股息率批量超时,是
2026-07-24,股息,688779,五矿新能,股息率批量超时,是
2026-07-24,股息,688786,悦安新材,股息率批量超时,是
2026-07-24,股息,688787,海天瑞声,股息率批量超时,是
2026-07-24,股息,688788,科思科技,股息率批量超时,是
2026-07-24,股息,688789,宏华数科,股息率批量超时,是
2026-07-24,股息,688793,倍轻松,股息率批量超时,是
2026-07-24,股息,688798,艾为电子,股息率批量超时,是
2026-07-24,股息,688799,华纳药厂,股息率批量超时,是
2026-07-24,股息,688800,瑞可达,股息率批量超时,是
2026-07-24,股息,688819,天能股份,股息率批量超时,是
2026-07-24,股息,920001,纬达光电,股息率批量超时,是
2026-07-24,股息,920002,万达轴承,股息率批量超时,是
2026-07-24,股息,920003,中诚咨询,股息率批量超时,是
2026-07-24,股息,920005,鼎佳精密,股息率批量超时,是
2026-07-24,股息,920006,晟楠科技,股息率批量超时,是
2026-07-24,股息,920007,酉立智能,股息率批量超时,是
2026-07-24,股息,920008,成电光信,股息率批量超时,是
2026-07-24,股息,920009,丹娜生物,股息率批量超时,是
2026-07-24,股息,920010,凯添燃气,股息率批量超时,是
2026-07-24,股息,920014,特瑞斯,股息率批量超时,是
2026-07-24,股息,920016,中草香料,股息率批量超时,是
2026-07-24,股息,920018,宏远股份,股息率批量超时,是
2026-07-24,股息,920019,铜冠矿建,股息率批量超时,是
2026-07-24,股息,920021,流金科技,股息率批量超时,是
2026-07-24,股息,920022,世昌股份,股息率批量超时,是
2026-07-24,股息,920026,卓兆点胶,股息率批量超时,是
2026-07-24,股息,920027,交大铁发,股息率批量超时,是
2026-07-24,股息,920029,开发科技,股息率批量超时,是
2026-07-24,股息,920030,德众汽车,股息率批量超时,是
2026-07-24,股息,920033,康普化学,股息率批量超时,是
2026-07-24,股息,920037,广信科技,股息率批量超时,是
2026-07-24,股息,920039,国义招标,股息率批量超时,是
2026-07-24,股息,920046,亿能电力,股息率批量超时,是
2026-07-24,股息,920047,诺思兰德,股息率批量超时,是
2026-07-24,股息,920056,能之光,股息率批量超时,是
2026-07-24,股息,920057,百甲科技,股息率批量超时,是
2026-07-24,股息,920060,万源通,股息率批量超时,是
2026-07-24,股息,920061,西磁科技,股息率批量超时,是
2026-07-24,股息,920062,科润智控,股息率批量超时,是
2026-07-24,股息,920066,科拜尔,股息率批量超时,是
2026-07-24,股息,920068,天工股份,股息率批量超时,是
2026-07-24,股息,920075,柏星龙,股息率批量超时,是
2026-07-24,股息,920077,吉林碳谷,股息率批量超时,是
2026-07-24,股息,920080,奥美森,股息率批量超时,是
2026-07-24,股息,920082,方正阀门,股息率批量超时,是
2026-07-24,股息,920087,秋乐种业,股息率批量超时,是
2026-07-24,股息,920089,禾昌聚合,股息率批量超时,是
2026-07-24,股息,920092,汉鑫科技,股息率批量超时,是
2026-07-24,股息,920098,科隆新材,股息率批量超时,是
2026-07-24,股息,920099,瑞华技术,股息率批量超时,是
2026-07-24,股息,920100,三协电机,股息率批量超时,是
2026-07-24,股息,920101,志高机械,股息率批量超时,是
2026-07-24,股息,920106,林泰新材,股息率批量超时,是
2026-07-24,股息,920108,宏海科技,股息率批量超时,是
2026-07-24,股息,920110,雷特科技,股息率批量超时,是
2026-07-24,股息,920112,巴兰仕,股息率批量超时,是
2026-07-24,股息,920116,星图测控,股息率批量超时,是
2026-07-24,股息,920118,太湖远大,股息率批量超时,是
2026-07-24,股息,920122,中纺标,股息率批量超时,是
2026-07-24,股息,920123,芭薇股份,股息率批量超时,是
2026-07-24,股息,920128,胜业电气,股息率批量超时,是
2026-07-24,股息,920130,立方控股,股息率批量超时,是
2026-07-24,股息,920132,泰鹏智能,股息率批量超时,是
2026-07-24,股息,920139,华岭股份,股息率批量超时,是
2026-07-24,股息,920145,恒合股份,股息率批量超时,是
2026-07-24,股息,920146,华阳变速,股息率批量超时,是
2026-07-24,股息,920149,旭杰科技,股息率批量超时,是
2026-07-24,股息,920152,昆工科技,股息率批量超时,是
2026-07-24,股息,920158,长江能科,股息率批量超时,是
2026-07-24,股息,920167,同享科技,股息率批量超时,是
2026-07-24,股息,920169,七丰精工,股息率批量超时,是
2026-07-24,股息,920171,志晟信息,股息率批量超时,是
2026-07-24,股息,920174,五新智能,股息率批量超时,是
2026-07-24,股息,920175,东方碳素,股息率批量超时,是
2026-07-24,股息,920184,国源科技,股息率批量超时,是
2026-07-24,股息,920185,贝特瑞,股息率批量超时,是
2026-07-24,股息,920195,三祥科技,股息率批量超时,是
2026-07-24,股息,920198,微创光电,股息率批量超时,是
2026-07-24,股息,920199,倍益康,股息率批量超时,是
2026-07-24,股息,920204,沪江材料,股息率批量超时,是
2026-07-24,股息,920207,众诚科技,股息率批量超时,是
2026-07-24,股息,920208,青矩技术,股息率批量超时,是
2026-07-24,股息,920212,智新电子,股息率批量超时,是
2026-07-24,股息,920221,易实精密,股息率批量超时,是
2026-07-24,股息,920223,荣亿精密,股息率批量超时,是
2026-07-24,股息,920225,利通科技,股息率批量超时,是
2026-07-24,股息,920227,美登科技,股息率批量超时,是
2026-07-24,股息,920230,欧康医药,股息率批量超时,是
2026-07-24,股息,920237,力佳科技,股息率批量超时,是
2026-07-24,股息,920239,长虹能源,股息率批量超时,是
2026-07-24,股息,920242,建邦科技,股息率批量超时,是
2026-07-24,股息,920245,威博液压,股息率批量超时,是
2026-07-24,股息,920247,华密新材,股息率批量超时,是
2026-07-24,股息,920249,利尔达,股息率批量超时,是
2026-07-24,股息,920252,天宏锂电,股息率批量超时,是
2026-07-24,股息,920260,中寰股份,股息率批量超时,是
2026-07-24,股息,920261,一诺威,股息率批量超时,是
2026-07-24,股息,920262,太湖雪,股息率批量超时,是
2026-07-24,股息,920263,中航泰达,股息率批量超时,是
2026-07-24,股息,920266,生物谷,股息率批量超时,是
2026-07-24,股息,920270,天铭科技,股息率批量超时,是
2026-07-24,股息,920271,邦德股份,股息率批量超时,是
2026-07-24,股息,920273,一致魔芋,股息率批量超时,是
2026-07-24,股息,920274,宏裕包材,股息率批量超时,是
2026-07-24,股息,920275,驱动力,股息率批量超时,是
2026-07-24,股息,920278,鹿得医疗,股息率批量超时,是
2026-07-24,股息,920284,灵鸽科技,股息率批量超时,是
2026-07-24,股息,920299,灿能电力,股息率批量超时,是
2026-07-24,股息,920300,辰光医疗,股息率批量超时,是
2026-07-24,股息,920304,迪尔化工,股息率批量超时,是
2026-07-24,股息,920344,三元基因,股息率批量超时,是
2026-07-24,股息,920346,威贸电子,股息率批量超时,是
2026-07-24,股息,920351,华光源海,股息率批量超时,是
2026-07-24,股息,920357,雅葆轩,股息率批量超时,是
2026-07-24,股息,920363,莱赛激光,股息率批量超时,是
2026-07-24,股息,920368,连城数控,股息率批量超时,是
2026-07-24,股息,920370,新安洁,股息率批量超时,是
2026-07-24,股息,920371,欧福蛋业,股息率批量超时,是
2026-07-24,股息,920374,云里物里,股息率批量超时,是
2026-07-24,股息,920375,派诺科技,股息率批量超时,是
2026-07-24,股息,920378,泰德股份,股息率批量超时,是
2026-07-24,股息,920392,佳合科技,股息率批量超时,是
2026-07-24,股息,920395,朗鸿科技,股息率批量超时,是
2026-07-24,股息,920396,常辅股份,股息率批量超时,是
2026-07-24,股息,920402,硅烷科技,股息率批量超时,是
2026-07-24,股息,920403,康农种业,股息率批量超时,是
2026-07-24,股息,920405,海希通讯,股息率批量超时,是
2026-07-24,股息,920407,驰诚股份,股息率批量超时,是
2026-07-24,股息,920414,欧普泰,股息率批量超时,是
2026-07-24,股息,920415,恒拓开源,股息率批量超时,是
2026-07-24,股息,920418,苏轴股份,股息率批量超时,是
2026-07-24,股息,920419,路斯股份,股息率批量超时,是
2026-07-24,股息,920422,润普食品,股息率批量超时,是
2026-07-24,股息,920425,乐创技术,股息率批量超时,是
2026-07-24,股息,920427,华维设计,股息率批量超时,是
2026-07-24,股息,920429,康比特,股息率批量超时,是
2026-07-24,股息,920433,大唐药业,股息率批量超时,是
2026-07-24,股息,920436,大地电气,股息率批量超时,是
2026-07-24,股息,920445,龙竹科技,股息率批量超时,是
2026-07-24,股息,920454,同心传动,股息率批量超时,是
2026-07-24,股息,920455,汇隆活塞,股息率批量超时,是
2026-07-24,股息,920469,富恒新材,股息率批量超时,是
2026-07-24,股息,920471,美邦科技,股息率批量超时,是
2026-07-24,股息,920475,三友科技,股息率批量超时,是
2026-07-24,股息,920478,峆一药业,股息率批量超时,是
2026-07-24,股息,920489,佳先股份,股息率批量超时,是
2026-07-24,股息,920491,奥迪威,股息率批量超时,是
2026-07-24,股息,920493,并行科技,股息率批量超时,是
2026-07-24,股息,920496,许昌智能,股息率批量超时,是
2026-07-24,股息,920504,博迅生物,股息率批量超时,是
2026-07-24,股息,920505,九菱科技,股息率批量超时,是
2026-07-24,股息,920508,殷图网联,股息率批量超时,是
2026-07-24,股息,920509,同惠电子,股息率批量超时,是
2026-07-24,股息,920519,万德股份,股息率批量超时,是
2026-07-24,股息,920522,纳科诺尔,股息率批量超时,是
2026-07-24,股息,920523,德瑞锂电,股息率批量超时,是
2026-07-24,股息,920526,凯华材料,股息率批量超时,是
2026-07-24,股息,920527,夜光明,股息率批量超时,是
2026-07-24,股息,920533,骏创科技,股息率批量超时,是
2026-07-24,股息,920541,铁大科技,股息率批量超时,是
2026-07-24,股息,920547,无锡晶海,股息率批量超时,是
2026-07-24,股息,920553,凯腾精工,股息率批量超时,是
2026-07-24,股息,920556,雅达股份,股息率批量超时,是
2026-07-24,股息,920564,天润科技,股息率批量超时,是
2026-07-24,股息,920566,梓橦宫,股息率批量超时,是
2026-07-24,股息,920570,坤博精工,股息率批量超时,是
2026-07-24,股息,920571,国航远洋,股息率批量超时,是
2026-07-24,股息,920576,天力复合,股息率批量超时,是
2026-07-24,股息,920578,巨能股份,股息率批量超时,是
2026-07-24,股息,920579,机科股份,股息率批量超时,是
2026-07-24,股息,920580,科创新材,股息率批量超时,是
2026-07-24,股息,920592,华信永道,股息率批量超时,是
2026-07-24,股息,920593,鼎智科技,股息率批量超时,是
2026-07-24,股息,920599,同力股份,股息率批量超时,是
2026-07-24,股息,920608,丰安股份,股息率批量超时,是
2026-07-24,股息,920627,力王股份,股息率批量超时,是
2026-07-24,股息,920634,新威凌,股息率批量超时,是
2026-07-24,股息,920639,晨光电缆,股息率批量超时,是
2026-07-24,股息,920640,富士达,股息率批量超时,是
2026-07-24,股息,920641,格利尔,股息率批量超时,是
2026-07-24,股息,920642,通易航天,股息率批量超时,是
2026-07-24,股息,920651,天罡股份,股息率批量超时,是
2026-07-24,股息,920656,海昇药业,股息率批量超时,是
2026-07-24,股息,920662,方盛股份,股息率批量超时,是
2026-07-24,股息,920663,明阳科技,股息率批量超时,是
2026-07-24,股息,920665,科强股份,股息率批量超时,是
2026-07-24,股息,920670,数字人,股息率批量超时,是
2026-07-24,股息,920675,秉扬科技,股息率批量超时,是
2026-07-24,股息,920679,前进科技,股息率批量超时,是
2026-07-24,股息,920682,球冠电缆,股息率批量超时,是
2026-07-24,股息,920685,新芝生物,股息率批量超时,是
2026-07-24,股息,920689,克莱特,股息率批量超时,是
2026-07-24,股息,920690,捷众科技,股息率批量超时,是
2026-07-24,股息,920693,阿为特,股息率批量超时,是
2026-07-24,股息,920694,中裕科技,股息率批量超时,是
2026-07-24,股息,920701,豪声电子,股息率批量超时,是
2026-07-24,股息,920703,广厦环能,股息率批量超时,是
2026-07-24,股息,920706,铁拓机械,股息率批量超时,是
2026-07-24,股息,920717,瑞星股份,股息率批量超时,是
2026-07-24,股息,920718,合肥高科,股息率批量超时,是
2026-07-24,股息,920719,宁新新材,股息率批量超时,是
2026-07-24,股息,920720,吉冈精密,股息率批量超时,是
2026-07-24,股息,920726,朱老六,股息率批量超时,是
2026-07-24,股息,920729,永顺生物,股息率批量超时,是
2026-07-24,股息,920735,德源药业,股息率批量超时,是
2026-07-24,股息,920748,路桥信息,股息率批量超时,是
2026-07-24,股息,920751,惠同新材,股息率批量超时,是
2026-07-24,股息,920753,天纺标,股息率批量超时,是
2026-07-24,股息,920765,美之高,股息率批量超时,是
2026-07-24,股息,920768,拾比佰,股息率批量超时,是
2026-07-24,股息,920770,艾能聚,股息率批量超时,是
2026-07-24,股息,920779,武汉蓝电,股息率批量超时,是
2026-07-24,股息,920781,瑞奇智造,股息率批量超时,是
2026-07-24,股息,920786,骑士乳业,股息率批量超时,是
2026-07-24,股息,920790,联迪信息,股息率批量超时,是
2026-07-24,股息,920792,东和新材,股息率批量超时,是
2026-07-24,股息,920799,艾融软件,股息率批量超时,是
2026-07-24,股息,920802,保丽洁,股息率批量超时,是
2026-07-24,股息,920806,云星宇,股息率批量超时,是
2026-07-24,股息,920807,奔朗新材,股息率批量超时,是
2026-07-24,股息,920808,曙光数创,股息率批量超时,是
2026-07-24,股息,920810,春光智能,股息率批量超时,是
2026-07-24,股息,920819,颖泰生物,股息率批量超时,是
2026-07-24,股息,920821,则成电子,股息率批量超时,是
2026-07-24,股息,920826,盖世食品,股息率批量超时,是
2026-07-24,股息,920832,齐鲁华信,股息率批量超时,是
2026-07-24,股息,920833,美心翼申,股息率批量超时,是
2026-07-24,股息,920834,三维装备,股息率批量超时,是
2026-07-24,股息,920837,华原股份,股息率批量超时,是
2026-07-24,股息,920839,万通液压,股息率批量超时,是
2026-07-24,股息,920855,浙江大农,股息率批量超时,是
2026-07-24,股息,920856,浩淼科技,股息率批量超时,是
2026-07-24,股息,920857,泓禧科技,股息率批量超时,是
2026-07-24,股息,920866,绿亨科技,股息率批量超时,是
2026-07-24,股息,920870,恒进感应,股息率批量超时,是
2026-07-24,股息,920871,派特尔,股息率批量超时,是
2026-07-24,股息,920873,中设咨询,股息率批量超时,是
2026-07-24,股息,920876,慧为智能,股息率批量超时,是
2026-07-24,股息,920879,基康技术,股息率批量超时,是
2026-07-24,股息,920885,星辰科技,股息率批量超时,是
2026-07-24,股息,920892,广咨国际,股息率批量超时,是
2026-07-24,股息,920895,花溪科技,股息率批量超时,是
2026-07-24,股息,920896,旺成科技,股息率批量超时,是
2026-07-24,股息,920906,舜宇精工,股息率批量超时,是
2026-07-24,股息,920914,远航精密,股息率批量超时,是
2026-07-24,股息,920924,广脉科技,股息率批量超时,是
2026-07-24,股息,920925,锦好医疗,股息率批量超时,是
2026-07-24,股息,920926,鸿智科技,股息率批量超时,是
2026-07-24,股息,920931,无锡鼎邦,股息率批量超时,是
2026-07-24,股息,920932,科达自控,股息率批量超时,是
2026-07-24,股息,920942,恒立钻具,股息率批量超时,是
2026-07-24,股息,920943,优机股份,股息率批量超时,是
2026-07-24,股息,920946,森萱医药,股息率批量超时,是
2026-07-24,股息,920950,迅安科技,股息率批量超时,是
2026-07-24,股息,920953,国子软件,股息率批量超时,是
2026-07-24,股息,920957,汉维科技,股息率批量超时,是
2026-07-24,股息,920961,创远信科,股息率批量超时,是
2026-07-24,股息,920964,润农节水,股息率批量超时,是
2026-07-24,股息,920970,大禹生物,股息率批量超时,是
2026-07-24,股息,920971,天马新材,股息率批量超时,是
2026-07-24,股息,920974,凯大催化,股息率批量超时,是
2026-07-24,股息,920976,视声智能,股息率批量超时,是
2026-07-24,股息,920978,开特股份,股息率批量超时,是
2026-07-24,股息,920981,晶赛科技,股息率批量超时,是
2026-07-24,股息,920982,锦波生物,股息率批量超时,是
2026-07-24,股息,920985,海泰新能,股息率批量超时,是
2026-07-24,股息,920992,中科美菱,股息率批量超时,是
2026-07-24,行业,002887,绿茵生态,所属行业批量超时,是
2026-07-24,行业,002911,佛燃能源,所属行业批量超时,是
2026-07-24,行业,002956,西麦食品,所属行业批量超时,是
2026-07-24,行业,002959,小熊电器,所属行业批量超时,是
2026-07-24,行业,002991,甘源食品,所属行业批量超时,是
2026-07-24,行业,002993,奥海科技,所属行业批量超时,是
2026-07-24,行业,002998,优彩资源,所属行业批量超时,是
2026-07-24,行业,003006,百亚股份,所属行业批量超时,是
2026-07-24,行业,003008,开普检测,所属行业批量超时,是
2026-07-24,行业,003011,海象新材,所属行业批量超时,是
2026-07-24,行业,003012,东鹏控股,所属行业批量超时,是
2026-07-24,行业,003017,大洋生物,所属行业批量超时,是
2026-07-24,行业,003020,立方制药,所属行业批量超时,是
2026-07-24,行业,300009,安科生物,所属行业批量超时,是
2026-07-24,行业,300099,尤洛卡,所属行业批量超时,是
2026-07-24,行业,300130,新国都,所属行业批量超时,是
2026-07-24,行业,300144,宋城演艺,所属行业批量超时,是
2026-07-24,行业,300193,佳士科技,所属行业批量超时,是
2026-07-24,行业,300219,鸿利智汇,所属行业批量超时,是
2026-07-24,行业,300230,永利股份,所属行业批量超时,是
