数据日期,当日收盘价,当日涨跌幅,总市值,流通市值,总股本,流通股本,PE(TTM),PE(静),市净率,PEG值,市现率,市销率
2024-09-26,39.37,318.829787234043,15748393700.0,1397252284.23,400010000.0,35490279.0,59.67165639,55.47371953,7.8236484,-7.6306885,44.89697412,25.44904511
2024-09-27,50.64,28.625857251715,20256506400.0,1797227728.56,400010000.0,35490279.0,76.75317957,71.35354729,10.06323483,-9.8150385,57.74911785,32.73405243
2024-09-30,181.0,257.424960505529,72401810000.0,6423740499.0,400010000.0,35490279.0,274.33502175,255.03538822,29.84168698,-35.08139749,206.40976166,116.99967397
2024-10-08,228.01,25.972375690608,91206280100.0,8092138514.79,400010000.0,35490279.0,345.58634425,321.27413739,37.59228204,-44.19286984,260.01928042,147.38726886
2024-10-09,80.99,-64.479628086487,32396809900.0,2874357696.21,400010000.0,35490279.0,122.75355476,114.11776846,13.35291839,-15.69747173,92.35981545,52.35250605
2024-10-10,80.37,-0.765526608223,32148803700.0,2852353723.23,400010000.0,35490279.0,121.81384364,113.24416658,13.25069825,-15.5773034,91.65277649,51.95173369
2024-10-11,68.62,-14.619883040936,27448686200.0,2435342944.98,400010000.0,35490279.0,104.00480217,96.68800188,11.31346166,-13.29991986,78.25324776,44.35645098
2024-10-14,82.34,19.994170795686,32936823400.0,2922269572.86,400010000.0,35490279.0,124.79969995,116.01996611,13.57549451,-15.95912856,93.89933577,53.22515555
2024-10-15,98.81,20.002428953121,39524988100.0,3506794467.99,400010000.0,35490279.0,149.76267127,139.2267774,16.29092315,-19.15134191,112.6814837,63.87147948
2024-10-16,81.0,-18.024491448234,32400810000.0,2874712599.0,400010000.0,35490279.0,122.76871139,114.13185882,13.3545671,-15.69940992,92.3712193,52.35897012
2024-10-17,79.42,-1.950617283951,31768794200.0,2818637958.18,400010000.0,35490279.0,120.37396369,111.90558305,13.09407061,-15.39317452,90.56941034,51.337647
2024-10-18,77.55,-2.354570637119,31020775500.0,2752271136.45,400010000.0,35490279.0,117.53967368,109.27068705,12.78576147,-15.03073135,88.43688959,50.12886584
2024-10-21,76.6,-1.225016118633,30640766000.0,2718555371.4,400010000.0,35490279.0,116.09979374,107.93210352,12.62913383,-14.84660247,87.35352344,49.51477915
2024-10-22,90.78,18.511749347258,36312907800.0,3221807527.62,400010000.0,35490279.0,137.59189654,127.91222399,14.96700743,-17.59496831,103.52418875,58.68083096
2024-10-23,81.0,-10.773298083278,32400810000.0,2874712599.0,400010000.0,35490279.0,122.76871139,114.13185882,13.3545671,-15.69940992,92.3712193,52.35897012
2024-10-24,77.51,-4.308641975309,31004775100.0,2750851525.29,400010000.0,35490279.0,117.47904716,109.21432564,12.77916662,-15.02297856,88.39127418,50.10300956
2024-10-25,79.84,3.006063733712,31936798400.0,2833543875.36,400010000.0,35490279.0,121.01054219,112.49737788,13.16331651,-15.47457887,91.04837221,51.60913796
2024-10-28,77.75,-2.617735470942,31100777500.0,2759369192.25,400010000.0,35490279.0,117.8428063,109.55249411,12.81873571,-15.06949533,88.66496668,50.25814725
2024-10-29,76.81,-1.209003215434,30724768100.0,2726008329.99,400010000.0,35490279.0,121.55843297,108.22800094,12.66375678,-14.88730465,83.88687979,50.24945268
2024-10-30,71.31,-7.160525973181,28524713100.0,2530811795.49,400010000.0,35490279.0,112.8542098,100.47830682,11.75696519,-13.82129533,77.88013798,46.65132757
2024-10-31,69.34,-2.762585892582,27736693400.0,2460895945.86,400010000.0,35490279.0,109.73651533,97.70250729,11.43216892,-13.43947017,75.72863227,45.36254457
2024-11-01,65.63,-5.350447072397,26252656300.0,2329227010.77,400010000.0,35490279.0,103.86512115,92.47498635,10.82049678,-12.72039844,71.67681189,42.93544564
2024-11-04,67.12,2.270303214993,26848671200.0,2382107526.48,400010000.0,35490279.0,106.22317434,94.57444894,11.06615486,-13.00919005,73.30409285,43.91021044
2024-11-05,69.1,2.949940405244,27640691000.0,2452378278.9,400010000.0,35490279.0,109.35669468,97.36433882,11.39259984,-13.3929534,75.4665199,45.20553548
2024-11-06,67.69,-2.040520984081,27076676900.0,2402336985.51,400010000.0,35490279.0,107.12524838,95.37759905,11.16013145,-13.11966738,73.92660973,44.28310704
2024-11-07,68.59,1.329590781504,27436685900.0,2434278236.61,400010000.0,35490279.0,108.5495758,96.64573082,11.30851553,-13.29410527,74.90953112,44.87189115
2024-11-08,67.43,-1.691208630996,26972674300.0,2393109512.97,400010000.0,35490279.0,106.71377601,95.01124988,11.11726494,-13.06927421,73.64265466,44.11301385
2024-11-11,70.03,3.855850511642,28012700300.0,2485384238.37,400010000.0,35490279.0,110.82849969,98.67474164,11.54593005,-13.57320589,76.48220534,45.81394572
2024-11-12,68.83,-1.587074635402,27532688300.0,2442795903.57,400010000.0,35490279.0,108.92939645,96.98389929,11.34808461,-13.34062204,75.17164349,45.02890025
2024-11-13,73.6,6.930117681244,29440736000.0,2612084534.4,400010000.0,35490279.0,116.47833181,103.70499764,12.13452023,-14.26514284,80.38112684,48.14945602
2024-11-14,68.79,-6.535326086957,27516687900.0,2441376292.41,400010000.0,35490279.0,108.86609301,96.92753788,11.34148977,-13.33286924,75.12795809,45.00273206
2024-11-15,67.22,-2.282308475069,26888672200.0,2385656554.38,400010000.0,35490279.0,106.38143294,94.71535247,11.08264198,-13.02857204,73.41330634,43.97563089
2024-11-18,59.76,-11.097887533472,23904597600.0,2120899073.04,400010000.0,35490279.0,94.57534116,84.20394917,9.85270284,-11.58267577,65.26598017,39.09526484
2024-11-19,62.0,3.748326639893,24800620000.0,2200397298.0,400010000.0,35490279.0,98.12033386,87.36018823,10.22201433,-12.01683229,67.71236229,40.56068306
2024-11-20,62.5,0.806451612903,25000625000.0,2218142437.5,400010000.0,35490279.0,98.91162688,88.06470588,10.30444993,-12.11374223,68.25842972,40.88778535
2024-11-21,62.2,-0.48,24880622000.0,2207495353.8,400010000.0,35490279.0,98.43685107,87.64199529,10.25498857,-12.05559626,67.93078926,40.69152398
2024-11-22,59.39,-4.51768488746,23756593900.0,2107767669.81,400010000.0,35490279.0,93.98978433,83.68260611,9.7917005,-11.51096241,64.86189026,38.85320915
2024-11-25,60.8,2.374137060111,24320608000.0,2157808963.2,400010000.0,35490279.0,96.22123063,85.66934588,10.02416889,-11.78424844,66.40180044,39.77563758
2024-11-26,62.28,2.434210526316,24912622800.0,2210334576.12,400010000.0,35490279.0,98.56345795,87.75471811,10.26817826,-12.07110185,68.01816005,40.74386034
2024-11-27,60.36,-3.082851637765,24144603600.0,2142193240.44,400010000.0,35490279.0,95.52489278,85.04937035,9.95162556,-11.69896769,65.92126109,39.48778758
2024-11-28,58.33,-3.363154406892,23332583300.0,2070147974.07,400010000.0,35490279.0,92.31224313,82.1890287,9.61693703,-11.30551334,63.70422729,38.15975231
2024-11-29,58.38,0.085719183953,23352583800.0,2071922488.02,400010000.0,35490279.0,92.39137244,82.25948047,9.62518059,-11.31520434,63.75883404,38.19246254
2024-12-02,59.26,1.507365536143,23704592600.0,2103153933.54,400010000.0,35490279.0,93.78404814,83.49943152,9.77026724,-11.48576583,64.71991273,38.76816255
2024-12-03,60.34,1.822477219035,24136603400.0,2141483434.86,400010000.0,35490279.0,95.49324105,85.02118964,9.94832814,-11.69509129,65.89941839,39.47470348
2024-12-04,58.06,-3.778588001326,23224580600.0,2060565598.74,400010000.0,35490279.0,91.88494491,81.80858917,9.5724218,-11.25318198,63.40935088,37.98311707
2024-12-05,59.4,2.307957285567,23760594000.0,2108122572.6,400010000.0,35490279.0,94.00561019,83.69669647,9.79334921,-11.51290061,64.87281161,38.85975119
2024-12-06,61.15,2.946127946128,24460611500.0,2170230560.85,400010000.0,35490279.0,96.77513574,86.16250823,10.08187381,-11.85208539,66.78404764,40.00460918
2024-12-09,66.93,9.452166802944,26772669300.0,2375364373.47,400010000.0,35490279.0,105.92248299,94.30673223,11.03482934,-12.97236427,73.09658722,43.78591157
2024-12-10,65.79,-1.703272075303,26316657900.0,2334905455.41,400010000.0,35490279.0,104.11833492,92.70043199,10.84687617,-12.75140962,71.85155347,43.04011837
2024-12-11,67.45,2.523179814561,26980674500.0,2393819318.55,400010000.0,35490279.0,106.74542773,95.03943058,11.12056236,-13.07315061,73.66449736,44.12609794
2024-12-12,64.66,-4.136397331357,25864646600.0,2294801440.14,400010000.0,35490279.0,102.3300127,91.10822211,10.66057171,-12.53239316,70.61744106,42.30086721
2024-12-13,63.01,-2.551809464893,25204630100.0,2236242479.79,400010000.0,35490279.0,99.71874576,88.78331388,10.38853424,-12.21259036,68.81541851,41.22142967
2024-12-16,65.39,3.777178225678,26156653900.0,2320709343.81,400010000.0,35490279.0,103.48530051,92.13681788,10.78092769,-12.67388167,71.41469952,42.77843654
2024-12-17,60.81,-7.004129071724,24324608100.0,2158163865.99,400010000.0,35490279.0,96.23705649,85.68343623,10.0258176,-11.78618664,66.41272179,39.78217963
2024-12-18,60.15,-1.085347804637,24060601500.0,2134740281.85,400010000.0,35490279.0,95.19254971,84.75347294,9.91700261,-11.65826552,65.69191277,39.35040462
2024-12-19,59.91,-0.399002493766,23964599100.0,2126222614.89,400010000.0,35490279.0,94.81272906,84.41530447,9.87743352,-11.61174875,65.4298004,39.19339552
2024-12-20,60.77,1.435486563178,24308607700.0,2156744254.83,400010000.0,35490279.0,96.17375305,85.62707482,10.01922275,-11.77843384,66.36903639,39.75601145
2024-12-23,57.71,-5.035379298996,23084577100.0,2048144001.09,400010000.0,35490279.0,91.3310398,81.31542682,9.51471688,-11.18534502,63.02710367,37.75414548
2024-12-24,59.07,2.356610639404,23628590700.0,2096410780.53,400010000.0,35490279.0,93.4833568,83.23171482,9.73894171,-11.44894005,64.5124071,38.64386369
2024-12-25,57.92,-1.946842728966,23168579200.0,2055596959.68,400010000.0,35490279.0,91.66338286,81.61132423,9.54933983,-11.2260472,63.25645199,37.89152844
2024-12-26,58.53,1.05317679558,23412585300.0,2077246029.87,400010000.0,35490279.0,92.62876034,82.47083576,9.64991127,-11.34427732,63.92265427,38.29059322
2024-12-27,58.18,-0.59798393986,23272581800.0,2064824432.22,400010000.0,35490279.0,92.07485523,81.97767341,9.59220635,-11.27644036,63.54040706,38.06162162
2024-12-30,58.63,0.773461670677,23452586300.0,2080795057.77,400010000.0,35490279.0,92.78701894,82.61173929,9.66639839,-11.36365931,64.03186776,38.35601368
2024-12-31,56.02,-4.451645915061,22408560200.0,1988165429.58,400010000.0,35490279.0,88.6564694,85.6981193,9.10520915,-10.85778943,61.18139573,36.64853976
2025-01-02,53.65,-4.230631917172,21460536500.0,1904053468.35,400010000.0,35490279.0,84.90574051,82.07254731,8.72000126,2622.938963,58.59303608,35.09807494
2025-01-03,50.53,-5.815470643057,20212505300.0,1793323797.87,400010000.0,35490279.0,79.9680721,77.29964242,8.21289215,2470.40271762,55.18557526,33.0569567
2025-01-06,48.38,-4.254898080348,19352483800.0,1717019698.02,400010000.0,35490279.0,76.56551214,74.01062142,7.86344196,2365.28959981,52.83748528,31.65041688
2025-01-07,49.6,2.521703183134,19840496000.0,1760317838.4,400010000.0,35490279.0,78.49626709,75.87694961,8.06173462,2424.93518294,54.16988983,32.44854645
2025-01-08,49.64,0.08064516129,19856496400.0,1761737449.56,400010000.0,35490279.0,78.55957053,75.9381407,8.06823602,2426.89077583,54.21357522,32.47471463
2025-01-09,51.05,2.840451248993,20420510500.0,1811778742.95,400010000.0,35490279.0,80.79101684,78.09512657,8.29741033,2495.82542518,55.7534854,33.39714307
2025-01-10,48.6,-4.799216454456,19440486000.0,1724827559.4,400010000.0,35490279.0,76.91368106,74.3471724,7.89919965,2376.0453607,53.07775495,31.79434188
2025-01-13,50.94,4.814814814815,20376509400.0,1807874812.26,400010000.0,35490279.0,80.61693237,77.92685107,8.27953149,2490.44754474,55.63335056,33.32518057
2025-01-14,52.6,3.25873576757,21040526000.0,1866788675.4,400010000.0,35490279.0,83.24402518,80.46628124,8.54933954,2571.60464965,57.44629446,34.41116015
2025-01-15,51.91,-1.311787072243,20764519100.0,1842300382.89,400010000.0,35490279.0,82.15204082,79.41073497,8.43719041,2537.87067231,56.69272139,33.959759
2025-01-16,51.42,-0.943941437103,20568514200.0,1824910146.18,400010000.0,35490279.0,81.37657367,78.66114413,8.35754827,2513.91465941,56.1575753,33.63919876
2025-01-17,50.88,-1.050175029172,20352508800.0,1805745395.52,400010000.0,35490279.0,80.52197721,77.83506444,8.26977939,2487.5141554,55.56782247,33.28592829
2025-01-20,52.16,2.51572327044,20864521600.0,1851172952.64,400010000.0,35490279.0,82.54768733,79.79317927,8.47782415,2550.09312787,56.96575511,34.12331014
2025-01-21,51.55,-1.169478527607,20620515500.0,1829523882.45,400010000.0,35490279.0,81.58230985,78.86001517,8.37867782,2520.2703363,56.29955284,33.72424535
2025-01-22,50.66,-1.72647914646,20264506600.0,1797937534.14,400010000.0,35490279.0,80.17380828,77.49851346,8.2340217,2476.75839451,55.3275528,33.14200329
2025-01-23,50.89,0.454007106198,20356508900.0,1806100298.31,400010000.0,35490279.0,80.53780307,77.85036221,8.27140474,2488.00305363,55.57874382,33.29247034
2025-01-24,50.46,-0.844959717037,20184504600.0,1790839478.34,400010000.0,35490279.0,79.85729108,77.19255801,8.2015147,2466.98043006,55.10912582,33.01116238
2025-01-27,50.1,-0.713436385256,20040501000.0,1778062977.9,400010000.0,35490279.0,79.28756011,76.64183822,8.14300211,2449.38009406,54.71595727,32.77564873
2025-02-05,51.18,2.155688622754,20472511800.0,1816392479.22,400010000.0,35490279.0,80.99675302,78.2939976,8.31853988,2502.18110207,55.89546293,33.48218966
2025-02-06,51.88,1.367721766315,20752518800.0,1841235674.52,400010000.0,35490279.0,82.10456324,79.36484165,8.43231436,2536.40397764,56.65995735,33.94013286
2025-02-07,61.99,19.487278334618,24796619900.0,2200042395.21,400010000.0,35490279.0,98.104508,94.83088924,10.07554293,3030.68008045,67.70144094,40.55414102
2025-02-10,61.92,-0.112921438942,24768619200.0,2197558075.68,400010000.0,35490279.0,97.99372698,94.72380484,10.06416548,3027.2577929,67.6249915,40.5083467
2025-02-11,68.75,11.030361757106,27500687500.0,2439956681.25,400010000.0,35490279.0,108.80278957,105.17218318,11.17427934,3361.17527877,75.0842727,44.97656388
2025-02-12,65.94,-4.087272727273,26376659400.0,2340228997.26,400010000.0,35490279.0,104.35572282,100.87350922,10.71755607,3223.79487829,72.0153737,43.13824905
2025-02-13,67.15,1.83500151653,26860671500.0,2383172234.85,400010000.0,35490279.0,106.27065192,102.72453965,10.91422339,3282.95156319,73.3368569,43.92983657
2025-02-14,62.94,-6.269545793001,25176629400.0,2233758160.26,400010000.0,35490279.0,99.60796473,96.28417759,10.22995115,3077.12541158,68.73896907,41.17563535
2025-02-17,62.36,-0.921512551636,24944623600.0,2213173798.44,400010000.0,35490279.0,98.69006484,95.39690681,10.13568087,3048.76931468,68.10553084,40.79619671
2025-02-18,58.33,-6.462475946119,23332583300.0,2070147974.07,400010000.0,35490279.0,92.31224313,89.23190466,9.48066493,2851.74333107,63.70422729,38.15975231
2025-02-19,60.45,3.634493399623,24180604500.0,2145387365.55,400010000.0,35490279.0,95.66732552,92.47503234,9.82523907,2955.38975421,66.01955323,39.54666599
2025-02-20,59.97,-0.794044665012,23988599700.0,2128352031.63,400010000.0,35490279.0,94.90768422,91.74073928,9.74722229,2931.92263954,65.49532849,39.23264779
2025-02-21,60.22,0.416875104219,24088602200.0,2137224601.38,400010000.0,35490279.0,95.30333073,92.12318358,9.78785603,2944.14509509,65.76836221,39.39619894
2025-02-24,58.87,-2.241780139489,23548588700.0,2089312724.73,400010000.0,35490279.0,93.16683959,90.05798435,9.56843382,2878.14383507,64.29398013,38.51302277
2025-02-25,57.7,-1.987429930355,23080577000.0,2047789098.3,400010000.0,35490279.0,91.31521394,88.26814501,9.3782679,2820.94274306,63.01618232,37.74760343
2025-02-26,57.13,-0.987868284229,22852571300.0,2027559639.27,400010000.0,35490279.0,90.4131399,87.396172,9.28562297,2793.07554438,62.39366544,37.37470683
2025-02-27,56.41,-1.260283563802,22564564100.0,2002006638.39,400010000.0,35490279.0,89.27367796,86.29473241,9.16859779,2757.87487237,61.60732833,36.90367954
2025-02-28,53.65,-4.892749512498,21460536500.0,1904053468.35,400010000.0,35490279.0,84.90574051,82.07254731,8.72000126,2622.938963,58.59303608,35.09807494
2025-03-03,54.41,1.416589002796,21764544100.0,1931026080.39,400010000.0,35490279.0,86.1085059,83.23517799,8.84352784,2660.0952279,59.42305858,35.59527041
2025-03-04,54.89,0.882190773755,21956548900.0,1948061414.31,400010000.0,35490279.0,86.86814719,83.96947105,8.92154463,2683.56234257,59.94728332,35.9092886
2025-03-05,54.72,-0.30971032975,21888547200.0,1942028066.88,400010000.0,35490279.0,86.59910757,83.70940893,8.89391368,2675.25107279,59.76162039,35.79807383
2025-03-06,55.78,1.937134502924,22312557800.0,1979647762.62,400010000.0,35490279.0,88.27664876,85.33097277,9.06620075,2727.07428436,60.91928336,36.49153066
2025-03-07,54.25,-2.74291860882,21700542500.0,1925347635.75,400010000.0,35490279.0,85.85529213,82.99041364,8.81752225,2652.27285634,59.248317,35.49059768
2025-03-10,54.46,0.387096774194,21784544600.0,1932800594.34,400010000.0,35490279.0,86.1876352,83.31166685,8.85165459,2662.53971901,59.47766532,35.62798064
2025-03-11,54.42,-0.073448402497,21768544200.0,1931380983.18,400010000.0,35490279.0,86.12433176,83.25047576,8.84515319,2660.58412612,59.43397993,35.60181246
2025-03-12,56.56,3.932377802279,22624565600.0,2007330180.24,400010000.0,35490279.0,89.51106586,86.52419899,9.19297803,2765.20834571,61.77114856,37.00181023
2025-03-13,54.33,-3.942715700141,21732543300.0,1928186858.07,400010000.0,35490279.0,85.98189901,83.11279582,8.83052504,2656.18404212,59.33568779,35.54293404
2025-03-14,54.76,0.791459598748,21904547600.0,1943447678.04,400010000.0,35490279.0,86.66241101,83.77060002,8.90041508,2677.20666568,59.80530579,35.82424201
2025-03-17,55.14,0.693937180424,22056551400.0,1956933984.06,400010000.0,35490279.0,87.2637937,84.35191536,8.96217837,2695.78479813,60.22031704,36.07283974
2025-03-18,54.88,-0.471527022125,21952548800.0,1947706511.52,400010000.0,35490279.0,86.85232133,83.95417328,8.91991928,2683.07344435,59.93636197,35.90274656
2025-03-19,53.83,-1.913265306122,21532538300.0,1910441718.57,400010000.0,35490279.0,85.190606,82.34790721,8.74925756,2631.739131,58.78962035,35.21583176
2025-03-20,53.42,-0.761657068549,21368534200.0,1895890704.18,400010000.0,35490279.0,84.54174573,81.72069855,8.68261822,2611.69430388,58.34184505,34.94760789
2025-03-21,53.2,-0.411830774991,21280532000.0,1888082842.8,400010000.0,35490279.0,84.1935768,81.38414757,8.64686052,2600.93854299,58.10157538,34.80368289
2025-03-24,51.41,-3.364661654135,20564514100.0,1824555243.39,400010000.0,35490279.0,81.36074781,78.64584636,8.35592292,2513.42576119,56.14665395,33.63265671
2025-03-25,52.66,2.431433573235,21064526600.0,1868918092.14,400010000.0,35490279.0,83.33898034,80.55806788,8.55909164,2574.53803898,57.51182255,34.45041242
2025-03-26,50.29,-4.500569692366,20116502900.0,1905102928.89,400010000.0,37882341.0,79.58825145,76.93249589,8.17388376,2458.66916028,54.92346289,32.8999476
2025-03-27,49.68,-1.212964804136,19872496800.0,1881994700.88,400010000.0,37882341.0,78.62287397,75.99933179,8.07473742,2428.84636872,54.25726062,32.50088282
2025-03-28,49.46,-0.442834138486,19784494600.0,1873660585.86,400010000.0,37882341.0,78.27470505,75.6627808,8.03897973,2418.09060783,54.01699095,32.35695781
2025-03-31,49.84,0.768297614234,19936498400.0,1888055875.44,400010000.0,37882341.0,78.87608774,76.24409614,7.85608293,2436.66874028,54.4320022,32.60555555
2025-04-01,49.95,0.220706260032,19980499500.0,1892222932.95,400010000.0,37882341.0,79.0501722,76.41237164,7.87342179,2442.04662072,54.55213704,32.67751805
2025-04-02,50.05,0.2002002002,20020500500.0,1896011167.05,400010000.0,37882341.0,79.20843081,76.56534936,7.8891844,2446.93560295,54.66135052,32.7429385
2025-04-03,50.25,0.3996003996,20100502500.0,1903587635.25,400010000.0,37882341.0,79.52494801,76.8713048,7.92070961,2456.71356739,54.8797775,32.87377942
2025-04-07,40.4,-19.601990049751,16160404000.0,1530446576.4,400010000.0,37882341.0,63.93647562,61.80299928,6.3680929,1975.14881836,44.12224897,26.42986445
2025-04-08,43.17,6.856435643564,17268431700.0,1635380660.97,400010000.0,37882341.0,68.32023892,66.04048215,6.80471709,2110.57362596,47.14746258,28.24201109
2025-04-09,44.46,2.988186240445,17784444600.0,1684248880.86,400010000.0,37882341.0,70.3617749,68.01389475,7.00805471,2173.64149664,48.55631657,29.08593498
2025-04-10,45.55,2.451641925326,18220455500.0,1725540632.55,400010000.0,37882341.0,72.08679367,69.68135191,7.17986712,2226.93140288,49.74674358,29.79901796
2025-04-11,45.4,-0.32930845225,18160454000.0,1719858281.4,400010000.0,37882341.0,71.84940577,69.45188533,7.15622321,2219.59792955,49.58292335,29.70088727
2025-04-14,46.03,1.387665198238,18412460300.0,1743724156.23,400010000.0,37882341.0,72.84643496,70.41564497,7.25552763,2250.39851756,50.27096832,30.11303615
2025-04-15,45.82,-0.456224201608,18328458200.0,1735768864.62,400010000.0,37882341.0,72.5140919,70.09439176,7.22242616,2240.13165489,50.04162,29.97565319
2025-04-16,49.2,7.376691401135,19680492000.0,1863811177.2,400010000.0,37882341.0,77.86323268,75.26503873,7.75520225,2405.37925405,53.73303588,32.18686462
2025-04-17,47.65,-3.150406504065,19060476500.0,1805093548.65,400010000.0,37882341.0,75.41022433,72.89388405,7.51088185,2329.60002958,52.04022682,31.17284755
2025-04-18,46.72,-1.951731374607,18688467200.0,1769862971.52,400010000.0,37882341.0,73.93841933,71.47119125,7.36428961,2284.1324949,51.02454139,30.5644373
2025-04-21,48.06,2.868150684932,19224480600.0,1820625308.46,400010000.0,37882341.0,68.04906482,73.52109271,7.57550853,2349.6448567,55.72877206,31.41238872
2025-04-22,47.38,-1.414898044112,18952473800.0,1794865316.58,400010000.0,37882341.0,67.08623994,72.48084421,7.46832281,2316.39977758,54.94026675,30.96793544
2025-04-23,47.77,0.823132123259,19108477700.0,1809639429.57,400010000.0,37882341.0,67.63844833,73.07745732,7.52979698,2335.46680825,55.39249773,31.22284247
2025-04-24,46.31,-3.056311492569,18524463100.0,1754331211.71,400010000.0,37882341.0,65.57120666,70.84398259,7.29966293,2264.08766778,53.69953046,30.26857515
2025-04-25,46.95,1.381990930685,18780469500.0,1778575909.95,400010000.0,37882341.0,66.47739479,71.82304001,7.40054361,2295.37715401,54.4416531,30.68688411
2025-04-28,46.63,-0.681576144835,18652466300.0,1766453560.83,400010000.0,37882341.0,66.02430072,71.3335113,7.35010327,2279.7324109,54.07059178,30.47772963
2025-04-29,46.8,0.364572163843,18720468000.0,1772893558.8,400010000.0,37882341.0,66.26500694,71.59357343,7.3768997,2288.04368068,54.26771811,30.58884295
2025-04-30,47.65,1.816239316239,19060476500.0,1805093548.65,400010000.0,37882341.0,67.46853805,72.89388405,7.51088185,2329.60002958,55.25334974,31.14440954
2025-05-06,48.69,2.182581322141,19476486900.0,1844491183.29,400010000.0,37882341.0,68.94109376,74.48485235,7.67481295,2380.44544471,56.45929903,31.8241616
2025-05-07,48.4,-0.595604846991,19360484000.0,1833505304.4,400010000.0,37882341.0,68.53047727,74.04121696,7.6291014,2366.26739626,56.12302471,31.63461536
2025-05-08,48.8,0.826446280992,19520488000.0,1848658240.8,400010000.0,37882341.0,69.09684485,74.65312784,7.69215182,2385.82332515,56.58685136,31.89605846
2025-05-09,47.86,-1.926229508197,19144478600.0,1813048840.26,400010000.0,37882341.0,67.76588103,73.21513727,7.54398332,2339.86689225,55.49685873,31.28166717
2025-05-12,48.81,1.984956122023,19524488100.0,1849037064.21,400010000.0,37882341.0,69.11100404,74.66842562,7.69372808,2386.31222337,56.59844703,31.90259453
2025-05-13,48.5,-0.635115754968,19400485000.0,1837293538.5,400010000.0,37882341.0,68.67206916,74.19419468,7.644864,2371.15637848,56.23898137,31.69997613
2025-05-14,48.45,-0.103092783505,19380484500.0,1835399421.45,400010000.0,37882341.0,68.60127321,74.11770582,7.6369827,2368.71188737,56.18100304,31.66729574
2025-05-15,47.83,-1.279669762642,19132478300.0,1811912370.03,400010000.0,37882341.0,67.72340346,73.16924395,7.53925454,2338.40019758,55.46207173,31.26205893
2025-05-16,47.96,0.271795943968,19184479600.0,1816837074.36,400010000.0,37882341.0,67.90747293,73.36811499,7.55974593,2344.75587447,55.61281539,31.34702794
2025-05-19,48.63,1.396997497915,19452486300.0,1842218242.83,400010000.0,37882341.0,68.85613863,74.39306572,7.66535539,2377.51205537,56.38972503,31.78494514
2025-05-20,48.72,0.185070943862,19488487200.0,1845627653.52,400010000.0,37882341.0,68.98357133,74.53074567,7.67954174,2381.91213937,56.49408603,31.84376984
2025-05-21,48.3,-0.862068965517,19320483000.0,1829717070.3,400010000.0,37882341.0,68.38888537,73.88823924,7.61333879,2361.37841403,56.00706805,31.56925458
2025-05-22,49.36,2.194616977226,19744493600.0,1869872351.76,400010000.0,37882341.0,69.88975946,75.50980308,7.78042242,2413.2016256,57.23620867,32.2620788
2025-05-23,49.7,0.688816855754,19880497000.0,1882752347.7,400010000.0,37882341.0,70.3711719,76.02992733,7.83401528,2429.82416516,57.63046132,32.48430544
2025-05-26,51.0,2.61569416499,20400510000.0,1931999391.0,400010000.0,37882341.0,72.21186654,78.01863771,8.03892916,2493.38093407,59.13789794,33.33399552
2025-05-27,50.71,-0.56862745098,20284507100.0,1921013512.11,400010000.0,37882341.0,71.80125005,77.57500232,7.9932176,2479.20288562,58.80162362,33.14444927
2025-05-28,49.37,-2.642476829028,19748493700.0,1870251175.17,400010000.0,37882341.0,69.90391865,75.52510085,7.78199868,2413.69052383,57.24780434,32.26861488
2025-05-29,48.71,-0.733645812105,19484487100.0,1845248830.11,400010000.0,37882341.0,68.96941214,74.5154479,7.67796548,2381.42324115,56.48249036,31.83723376
2025-05-30,49.63,1.888729213714,19852496300.0,1880100583.83,400010000.0,37882341.0,70.27205758,75.92284293,7.82298145,2426.40187761,57.54929166,32.43855289
2025-06-03,49.15,-0.967156961515,19660491500.0,1861917060.15,400010000.0,37882341.0,69.59241648,75.18854987,7.74732094,2402.93476293,56.99269968,32.12482117
2025-06-04,48.3,-1.729399796541,19320483000.0,1829717070.3,400010000.0,37882341.0,68.38888537,73.88823924,7.61333879,2361.37841403,56.00706805,31.56925458
2025-06-05,48.6,0.621118012422,19440486000.0,1841081772.6,400010000.0,37882341.0,68.81366106,74.3471724,7.66062661,2376.0453607,56.35493803,31.76533691
2025-06-06,47.68,-1.893004115226,19072476800.0,1806230018.88,400010000.0,37882341.0,67.51101562,72.93977737,7.51561063,2331.06672425,55.28813674,31.16401777
2025-06-09,47.82,0.293624161074,19128478200.0,1811533546.62,400010000.0,37882341.0,67.70924427,73.15394618,7.53767828,2337.91129936,55.45047607,31.25552286
2025-06-10,48.86,2.174822250105,19544488600.0,1850931181.26,400010000.0,37882341.0,69.18179998,74.74491448,7.70160938,2388.75671449,56.65642536,31.93527492
2025-06-11,48.6,-0.532132623823,19440486000.0,1841081772.6,400010000.0,37882341.0,68.81366106,74.3471724,7.66062661,2376.0453607,56.35493803,31.76533691
2025-06-12,50.66,4.238683127572,20264506600.0,1919119395.06,400010000.0,37882341.0,71.7304541,77.49851346,7.9853363,2476.75839451,58.74364528,33.11176888
2025-06-13,49.63,-2.033162258192,19852496300.0,1880100583.83,400010000.0,37882341.0,70.27205758,75.92284293,7.82298145,2426.40187761,57.54929166,32.43855289
2025-06-16,50.96,2.679830747532,20384509600.0,1930484097.36,400010000.0,37882341.0,72.15522978,77.95744662,8.03262411,2491.42534118,59.09151527,33.30785121
2025-06-17,49.67,-2.531397174254,19868496700.0,1881615877.47,400010000.0,37882341.0,70.32869434,75.98403402,7.82928649,2428.3574705,57.59567432,32.4646972
2025-06-18,49.21,-0.926112341454,19684492100.0,1864190000.61,400010000.0,37882341.0,69.67737162,75.2803365,7.75677851,2405.86815227,57.06227368,32.16403764
2025-06-19,48.36,-1.727291200975,19344483600.0,1831990010.76,400010000.0,37882341.0,68.47384051,73.98002587,7.62279635,2364.31180337,56.07664204,31.60847105
2025-06-20,46.82,-3.184449958644,18728468200.0,1773651205.62,400010000.0,37882341.0,66.29332532,71.62416897,7.38005222,2289.02147712,54.29090944,30.6019151
2025-06-23,47.13,0.662110209312,18852471300.0,1785394731.33,400010000.0,37882341.0,66.7322602,72.0983999,7.4289163,2304.17732202,54.65037509,30.80453351
2025-06-24,47.9,1.6337789094,19160479000.0,1814564133.9,400010000.0,37882341.0,67.82251779,73.27632836,7.55028836,2341.82248514,55.5432414,31.30781148
2025-06-25,48.43,1.106471816284,19372484300.0,1834641774.63,400010000.0,37882341.0,68.57295484,74.08711028,7.63383018,2367.73409092,56.15781171,31.65422359
2025-06-26,48.2,-0.474912244477,19280482000.0,1825928836.2,400010000.0,37882341.0,68.24729348,73.73526152,7.59757618,2356.48943181,55.89111138,31.5038938
2025-06-27,48.15,-0.103734439834,19260481500.0,1824034719.15,400010000.0,37882341.0,68.17649753,73.65877266,7.58969488,2354.0449407,55.83313305,31.47121342
2025-06-30,48.74,1.22533748702,19496487400.0,1846385300.34,400010000.0,37882341.0,69.01188971,74.56134121,7.83689818,2382.88993582,56.51727736,31.85684199
2025-07-01,48.32,-0.861715223636,19328483200.0,1830474717.12,400010000.0,37882341.0,68.41720375,73.91883478,7.76936643,2362.35621048,56.03025938,31.58232673
2025-07-02,47.37,-1.966059602649,18948473700.0,1794486493.17,400010000.0,37882341.0,67.07208075,72.46554643,7.61661606,2315.91087935,54.92867108,30.96139937
2025-07-03,47.58,0.443318556048,19032475800.0,1802441784.78,400010000.0,37882341.0,67.36942373,72.78679965,7.65038193,2326.17774202,55.17218008,31.098657
2025-07-04,47.25,-0.693568726356,18900472500.0,1789940612.25,400010000.0,37882341.0,66.90217047,72.28197317,7.59732128,2310.04410068,54.78952309,30.88296644
2025-07-07,47.32,0.148148148148,18928473200.0,1792592376.12,400010000.0,37882341.0,67.0012848,72.38905757,7.60857657,2313.46638824,54.87069275,30.92871898
2025-07-08,48.1,1.648351648352,19240481000.0,1822140602.1,400010000.0,37882341.0,68.10570158,73.5822838,7.73399266,2351.60044959,55.77515472,31.43853303
2025-07-09,49.21,2.307692307692,19684492100.0,1864190000.61,400010000.0,37882341.0,69.67737162,75.2803365,7.91246942,2405.86815227,57.06227368,32.16403764
2025-07-10,49.0,-0.426742532006,19600490000.0,1856234709.0,400010000.0,37882341.0,69.38002864,74.95908329,7.87870355,2395.6012896,56.81876469,32.02678001
2025-07-11,49.04,0.081632653061,19616490400.0,1857750002.64,400010000.0,37882341.0,69.4366654,75.02027438,7.88513514,2397.55688249,56.86514735,32.05292432
2025-07-14,48.54,-1.019575856444,19416485400.0,1838808832.14,400010000.0,37882341.0,68.72870592,74.25538577,7.80474021,2373.11197137,56.28536404,31.72612044
2025-07-15,48.86,0.659250103008,19544488600.0,1850931181.26,400010000.0,37882341.0,69.18179998,74.74491448,7.85619296,2388.75671449,56.65642536,31.93527492
2025-07-16,48.77,-0.1841997544,19508487700.0,1847521770.57,400010000.0,37882341.0,69.05436728,74.60723453,7.84172188,2384.35663048,56.55206436,31.87645022
2025-07-17,48.95,0.369079352061,19580489500.0,1854340591.95,400010000.0,37882341.0,69.30923269,74.88259443,7.87066405,2393.15679849,56.76078635,31.99409962
2025-07-18,49.06,0.224719101124,19624490600.0,1858507649.46,400010000.0,37882341.0,69.46498377,75.05086992,7.88835094,2398.53467893,56.88833868,32.06599647
2025-07-21,49.7,1.304525071341,19880497000.0,1882752347.7,400010000.0,37882341.0,70.3711719,76.02992733,7.99125645,2429.82416516,57.63046132,32.48430544
2025-07-22,49.68,-0.040241448692,19872496800.0,1881994700.88,400010000.0,37882341.0,70.34285352,75.99933179,7.98804066,2428.84636872,57.60726999,32.47123328
2025-07-23,48.97,-1.429146537842,19588489700.0,1855098238.77,400010000.0,37882341.0,69.33755107,74.91318997,7.87387985,2394.13459493,56.78397769,32.00717178
2025-07-24,49.8,1.694915254237,19920498000.0,1886540581.8,400010000.0,37882341.0,70.5127638,76.18290505,8.00733544,2434.71314739,57.74641799,32.54966621
2025-07-25,49.73,-0.140562248996,19892497300.0,1883888817.93,400010000.0,37882341.0,70.41364947,76.07582065,7.99608015,2431.29085983,57.66524832,32.50391367
2025-07-28,49.77,0.080434345466,19908497700.0,1885404111.57,400010000.0,37882341.0,70.47028623,76.13701174,8.00251174,2433.24645272,57.71163099,32.53005798
2025-07-29,49.73,-0.080369700623,19892497300.0,1883888817.93,400010000.0,37882341.0,70.41364947,76.07582065,7.99608015,2431.29085983,57.66524832,32.50391367
2025-07-30,50.1,0.744017695556,20040501000.0,1897905284.1,400010000.0,37882341.0,70.93753948,76.64183822,8.0555724,2449.38009406,58.09428797,32.74574854
2025-07-31,49.25,-1.696606786427,19700492500.0,1865705294.25,400010000.0,37882341.0,69.73400838,75.34152759,7.91890101,2407.82374516,57.10865634,32.19018195
2025-08-01,49.52,0.548223350254,19808495200.0,1875933526.32,400010000.0,37882341.0,70.11630649,75.75456744,7.96231428,2421.02399716,57.42173933,32.36665604
2025-08-04,49.8,0.565428109855,19920498000.0,1886540581.8,400010000.0,37882341.0,70.5127638,76.18290505,8.00733544,2434.71314739,57.74641799,32.54966621
2025-08-05,50.22,0.843373493976,20088502200.0,1902451165.02,400010000.0,37882341.0,71.10744976,76.82541148,8.07486718,2455.24687273,58.23343597,32.82418147
2025-08-06,50.25,0.059737156511,20100502500.0,1903587635.25,400010000.0,37882341.0,71.14992733,76.8713048,8.07969088,2456.71356739,58.26822297,32.8437897
2025-08-07,50.41,0.318407960199,20164504100.0,1909648809.81,400010000.0,37882341.0,71.37647436,77.11606915,8.10541726,2464.53593895,58.45375363,32.94836694
2025-08-08,49.26,-2.281293394168,19704492600.0,1866084117.66,400010000.0,37882341.0,69.74816757,75.35682536,7.92050891,2408.31264338,57.12025201,32.19671802
2025-08-11,49.56,0.609013398295,19824495600.0,1877448819.96,400010000.0,37882341.0,70.17294325,75.81575852,7.96874587,2422.97959005,57.468122,32.39280035
2025-08-12,50.4,1.694915254237,20160504000.0,1909269986.4,400010000.0,37882341.0,71.36231517,77.10077138,8.10380936,2464.04704073,58.44215796,32.94183087
2025-08-13,50.73,0.654761904762,20292507300.0,1921771158.93,400010000.0,37882341.0,71.82956842,77.60559786,8.15687002,2480.18068207,58.82481495,33.15752143
2025-08-14,49.08,-3.252513305736,19632490800.0,1859265296.28,400010000.0,37882341.0,69.49330215,75.08146546,7.89156673,2399.51247538,56.91153002,32.07906863
2025-08-15,49.84,1.548492257539,19936498400.0,1888055875.44,400010000.0,37882341.0,70.56940056,76.24409614,8.01376703,2436.66874028,57.79280065,32.57581052
2025-08-18,52.46,5.256821829856,20984524600.0,1987307608.86,400010000.0,37882341.0,74.27910821,80.25211243,8.43503649,2564.76007454,60.83086521,34.28826284
2025-08-19,51.9,-1.06747998475,20760519000.0,1966093497.9,400010000.0,37882341.0,73.4861936,79.3954372,8.34499416,2537.38177408,60.1815079,33.9222425
2025-08-20,52.11,0.404624277457,20844521100.0,1974048789.51,400010000.0,37882341.0,73.78353658,79.71669041,8.37876004,2547.64863675,60.42501689,34.05950013
2025-08-21,52.79,1.30493187488,21116527900.0,1999808781.39,400010000.0,37882341.0,74.74636147,80.75693891,8.48809715,2580.89371588,61.2135222,34.5039534
2025-08-22,52.29,-0.947149081265,20916522900.0,1980867610.89,400010000.0,37882341.0,74.03840199,79.99205031,8.40770221,2556.44880476,60.63373889,34.17714952
2025-08-25,52.19,-0.191241155097,20876521900.0,1977079376.79,400010000.0,37882341.0,73.89681009,79.83907259,8.39162323,2551.55982253,60.51778222,34.11178875
2025-08-26,51.94,-0.479018969151,20776519400.0,1967608791.54,400010000.0,37882341.0,73.54283036,79.45662828,8.35142576,2539.33736697,60.22789057,33.94838681
2025-08-27,50.8,-2.194840200231,20320508000.0,1924422922.8,400010000.0,37882341.0,71.92868275,77.71268226,8.16812531,2483.60296962,58.90598461,33.20327397
2025-08-28,50.75,-0.09842519685,20300507500.0,1922528805.75,400010000.0,37882341.0,71.8929707,77.6361934,8.16008581,2481.15847851,59.99687087,33.33942152
2025-08-29,50.04,-1.399014778325,20016500400.0,1895632343.64,400010000.0,37882341.0,70.88717742,76.55005159,8.04592501,2446.44670472,59.15750578,32.87299809
2025-09-01,50.41,0.739408473221,20164504100.0,1909648809.81,400010000.0,37882341.0,71.41132322,77.11606915,8.10541726,2464.53593895,59.59492139,33.11606382
2025-09-02,49.35,-2.102757389407,19740493500.0,1869493528.35,400010000.0,37882341.0,69.90971634,75.49450531,7.93498,2412.71272738,58.34178478,32.41971334
2025-09-03,50.16,1.641337386018,20064501600.0,1900178224.56,400010000.0,37882341.0,71.05717065,76.73362485,8.06521979,2452.31348339,59.29937031,32.95183022
2025-09-04,48.3,-3.708133971292,19320483000.0,1829717070.3,400010000.0,37882341.0,68.42227557,73.88823924,7.76615064,2361.37841403,57.10047021,31.72993221
2025-09-05,48.68,0.786749482402,19472486800.0,1844112359.88,400010000.0,37882341.0,68.96058747,74.46955458,7.82725079,2379.95654648,57.54970787,31.97956728
2025-09-08,49.0,0.657354149548,19600490000.0,1856234709.0,400010000.0,37882341.0,69.41390275,74.95908329,7.87870355,2395.6012896,57.92801326,32.1897863
2025-09-09,48.3,-1.428571428571,19320483000.0,1829717070.3,400010000.0,37882341.0,68.42227557,73.88823924,7.76615064,2361.37841403,57.10047021,31.72993221
2025-09-10,48.75,0.931677018634,19500487500.0,1846764123.75,400010000.0,37882341.0,69.05975018,74.57663898,7.83850608,2383.37883404,57.63246217,32.02555269
2025-09-11,49.0,0.512820512821,19600490000.0,1856234709.0,400010000.0,37882341.0,69.41390275,74.95908329,7.87870355,2395.6012896,57.92801326,32.1897863
2025-09-12,48.78,-0.448979591837,19512487800.0,1847900593.98,400010000.0,37882341.0,69.10224849,74.6225323,7.84332977,2384.84552871,57.6679283,32.04526073
2025-09-15,49.03,0.512505125051,19612490300.0,1857371179.23,400010000.0,37882341.0,69.45640106,75.0049766,7.88352724,2397.06798427,57.96347939,32.20949433
2025-09-16,48.65,-0.775035692433,19460486500.0,1842975889.65,400010000.0,37882341.0,68.91808916,74.42366126,7.82242709,2378.48985182,57.51424173,31.95985925
2025-09-17,48.04,-1.253854059609,19216480400.0,1819867661.64,400010000.0,37882341.0,68.0539569,73.49049717,7.72434527,2348.66706025,56.79309708,31.55912926
2025-09-18,47.08,-1.998334721066,18832470800.0,1783500614.28,400010000.0,37882341.0,66.69401105,72.02191104,7.569987,2301.7328309,55.6581809,30.92847222
2025-09-19,47.32,0.509770603229,18928473200.0,1792592376.12,400010000.0,37882341.0,67.03399751,72.38905757,7.60857657,2313.46638824,55.94190995,31.08613648
2025-09-22,46.34,-2.07100591716,18536463400.0,1755467681.94,400010000.0,37882341.0,65.64571946,70.88987591,7.4510025,2265.55436245,54.78334968,30.44234075
2025-09-23,46.77,0.927924039707,18708467700.0,1771757088.57,400010000.0,37882341.0,66.25486187,71.54768011,7.52014214,2286.57698601,55.29169755,30.72482255
2025-09-24,46.32,-0.96215522771,18528463200.0,1754710035.12,400010000.0,37882341.0,65.61738725,70.85928036,7.4477867,2264.576566,54.75970559,30.42920207
2025-09-25,46.2,-0.259067357513,18480462000.0,1750164154.2,400010000.0,37882341.0,65.44739402,70.6757071,7.42849191,2258.70978734,54.61784107,30.35036994
2025-09-26,41.2,-10.822510822511,16480412000.0,6367613264.0,400010000.0,154553720.0,58.36434272,63.02682105,6.62454257,2014.26067615,48.70681931,27.06569787
2025-09-29,38.07,-7.597087378641,15228380700.0,5883860120.4,400010000.0,154553720.0,53.93035261,58.23861838,6.12127029,1861.23553255,45.00651969,25.00949315
2025-09-30,36.65,-3.729971105858,14660366500.0,5664393838.0,400010000.0,154553720.0,51.91876604,56.06633474,5.73085416,1791.81198498,43.32778951,24.07664628
2025-10-09,37.3,1.773533424284,14920373000.0,5764853756.0,400010000.0,154553720.0,52.8395627,57.06068993,5.83249277,1823.59036943,44.09622234,24.50365365
2025-10-10,36.5,-2.144772117962,14600365000.0,5641210780.0,400010000.0,154553720.0,51.7062745,55.83686816,5.70739909,1784.47851164,43.15045886,23.97810612
2025-10-13,36.0,-1.369863013699,14400360000.0,5563933920.0,400010000.0,154553720.0,50.99796937,55.07197956,5.62921555,1760.03360052,42.55935668,23.64963891
2025-10-14,35.24,-2.111111111111,14096352400.0,5446473092.8,400010000.0,154553720.0,49.92134557,53.90934888,5.51037655,1722.87733562,41.66088137,23.15036876
2025-10-15,35.48,0.681044267877,14192354800.0,5483565985.6,400010000.0,154553720.0,50.26133203,54.27649541,5.54790465,1734.61089296,41.94461042,23.30803302
2025-10-16,34.85,-1.775648252537,13940348500.0,5386197142.0,400010000.0,154553720.0,49.36886757,53.31273577,5.44939338,1703.81030495,41.19982167,22.89416434
2025-10-17,35.17,0.918220946915,14068351700.0,5435654332.4,400010000.0,154553720.0,49.82218285,53.80226447,5.49943085,1719.45504806,41.57812707,23.10438335
2025-10-20,35.48,0.881433039522,14192354800.0,5483565985.6,400010000.0,154553720.0,50.26133203,54.27649541,5.54790465,1734.61089296,41.94461042,23.30803302
2025-10-21,35.47,-0.028184892897,14188354700.0,5482020448.4,400010000.0,154553720.0,50.24716593,54.26119764,5.54634098,1734.12199474,41.93278837,23.30146367
2025-10-22,37.31,5.187482379476,14924373100.0,5766399293.2,400010000.0,154553720.0,52.85372881,57.0759877,5.83405644,1824.07926765,44.10804438,24.51022299
2025-10-23,39.74,6.512999195926,15896397400.0,6141964832.8,400010000.0,154553720.0,56.29609174,60.79334632,6.21402849,1942.88153569,46.98080096,26.10657362
2025-10-24,38.67,-2.692501258178,15468386700.0,5976592352.4,400010000.0,154553720.0,53.42145981,59.15648471,6.0467157,1890.56942589,46.01567956,25.64306594
2025-10-27,37.54,-2.922161882596,15016375400.0,5801946648.8,400010000.0,154553720.0,51.86039827,57.42783646,5.87002088,1835.32392677,44.67102691,24.89373404
2025-10-28,37.1,-1.172083111348,14840371000.0,5733943012.0,400010000.0,154553720.0,51.2525513,56.75473449,5.80121935,1813.81240498,44.14744535,24.60195879
2025-10-29,37.22,0.323450134771,14888372200.0,5752489458.4,400010000.0,154553720.0,51.41832775,56.93830775,5.81998341,1819.67918365,44.29024032,24.68153385
2025-10-30,36.3,-2.471789360559,14520363000.0,5610300036.0,400010000.0,154553720.0,50.147375,55.53091272,5.67612567,1774.70054719,43.19547887,24.07145833
2025-10-31,37.94,4.517906336088,15176379400.0,5863768136.8,400010000.0,154553720.0,52.41298643,58.03974735,5.93256772,1854.87985566,45.14701015,25.15898427
2025-11-03,38.81,2.293094359515,15524388100.0,5998229873.2,400010000.0,154553720.0,53.61486566,59.37065352,6.06860709,1897.41400101,46.18227369,25.73590352
2025-11-04,38.68,-0.334965215151,15472386800.0,5978137889.6,400010000.0,154553720.0,53.43527451,59.17178248,6.04827937,1891.05832412,46.02757914,25.64969719
2025-11-05,38.8,0.310237849018,15520388000.0,5996684336.0,400010000.0,154553720.0,53.60105096,59.35535575,6.06704342,1896.92510278,46.17037411,25.72927226
2025-11-06,38.42,-0.979381443299,15368384200.0,5937953922.4,400010000.0,154553720.0,53.07609221,58.77404041,6.00762392,1878.34697033,45.71819003,25.47728454
2025-11-07,37.86,-1.457574180115,15144378600.0,5851403839.2,400010000.0,154553720.0,52.3024688,57.91736517,5.92005835,1850.96866988,45.0518135,25.10593422
2025-11-10,38.46,1.584786053883,15384384600.0,5944136071.2,400010000.0,154553720.0,53.13135103,58.83523149,6.01387861,1880.30256322,45.76578836,25.50380957
2025-11-11,38.65,0.49401976079,15460386500.0,5973501278.0,400010000.0,154553720.0,53.3938304,59.12588916,6.04358836,1889.59162945,45.99188039,25.62980342
2025-11-12,39.87,3.156532988357,15948398700.0,6162056816.4,400010000.0,154553720.0,55.07922427,60.99221736,6.23435622,1949.23721258,47.44362927,26.43881662
2025-11-13,39.42,-1.128668171558,15768394200.0,6092507642.4,400010000.0,154553720.0,54.4575626,60.30381762,6.16399102,1927.23679257,46.90814813,26.14041012
2025-11-14,38.59,-2.105530187722,15436385900.0,5964228054.8,400010000.0,154553720.0,53.31094218,59.03410253,6.03420633,1886.65824011,45.92048291,25.59001589
2025-11-17,38.43,-0.414615185281,15372384300.0,5939499459.6,400010000.0,154553720.0,53.08990692,58.78933818,6.00918759,1878.83586856,45.73008961,25.4839158
2025-11-18,38.24,-0.494405412438,15296382400.0,5910134252.8,400010000.0,154553720.0,52.82742754,58.49868051,5.97947785,1869.54680233,45.50399757,25.35792194
2025-11-19,37.31,-2.432008368201,14924373100.0,5766399293.2,400010000.0,154553720.0,51.54266008,57.0759877,5.83405644,1824.07926765,44.39733655,24.74121516
2025-11-20,36.96,-0.93808630394,14784369600.0,5712305491.2,400010000.0,154553720.0,51.05914545,56.54056568,5.77932796,1806.96782987,43.98085121,24.50912121
2025-11-21,36.64,-0.865800865801,14656366400.0,5662848300.8,400010000.0,154553720.0,50.61707493,56.05103697,5.72929049,1791.32308675,43.60006462,24.29692102
2025-11-24,37.91,4.521643231321,15164379100.0,5859131525.2,400010000.0,154553720.0,52.37154232,57.99385403,5.9278767,1853.41316099,45.1113114,25.1390905
2025-11-25,37.44,-1.23977842258,14976374400.0,5786491276.8,400010000.0,154553720.0,51.72225124,57.27485874,5.85438417,1830.43494454,44.5520311,24.82742148
2025-11-26,36.35,-2.911324786325,14540363500.0,5618027722.0,400010000.0,154553720.0,50.21644851,55.60740158,5.68394403,1777.1450383,43.25497677,24.10461461
2025-11-27,35.84,-1.403026134801,14336358400.0,5539205324.8,400010000.0,154553720.0,49.51189862,54.8272152,5.60419681,1752.21122896,42.64809815,23.76642056
2025-11-28,35.8,-0.111607142857,14320358000.0,5533023176.0,400010000.0,154553720.0,49.4566398,54.76602412,5.59794213,1750.25563607,42.60049982,23.73989554
2025-12-01,36.32,1.45251396648,14528363200.0,5613391110.4,400010000.0,154553720.0,50.1750044,55.56150826,5.67925302,1775.67834364,43.21927803,24.08472084
2025-12-02,35.47,-2.340308370044,14188354700.0,5482020448.4,400010000.0,154553720.0,49.00075458,54.26119764,5.54634098,1734.12199474,42.20781365,23.5210641
2025-12-03,34.38,-3.073019453059,13752343800.0,5313556893.6,400010000.0,154553720.0,47.49495186,52.59374048,5.37590085,1680.8320885,40.91075933,22.79825723
2025-12-04,32.62,-5.119255381035,13048326200.0,5041542346.4,400010000.0,154553720.0,45.06356398,49.90133259,5.10069475,1594.78600136,38.81643308,21.63115622
2025-12-05,33.1,1.471489883507,13240331000.0,5115728132.0,400010000.0,154553720.0,45.72666976,50.63562565,5.17575096,1618.25311603,39.38761296,21.94945649
2025-12-08,34.52,4.29003021148,13808345200.0,5335194414.4,400010000.0,154553720.0,47.68835771,52.80790929,5.39779224,1687.67666361,41.07735346,22.89109481
2025-12-09,34.02,-1.448435689455,13608340200.0,5257917554.4,400010000.0,154553720.0,46.99762252,52.04302068,5.31960869,1663.23175249,40.48237441,22.55953202
2025-12-10,33.82,-0.587889476778,13528338200.0,5227006810.4,400010000.0,154553720.0,46.72132844,51.73706524,5.28833527,1653.45378805,40.24438279,22.4269069
2025-12-11,33.45,-1.094027202839,13380334500.0,5169821934.0,400010000.0,154553720.0,46.2101844,51.17104767,5.23047944,1635.36455382,39.8040983,22.18155044
2025-12-12,34.81,4.06576980568,13924348100.0,5380014993.2,400010000.0,154553720.0,48.08898412,53.25154468,5.4431387,1701.85471206,41.42244131,23.08340122
2025-12-15,34.14,-1.924734271761,13656341400.0,5276464000.8,400010000.0,154553720.0,47.16339896,52.22659395,5.33837274,1669.09853116,40.62516938,22.63910709
2025-12-16,33.15,-2.899824253076,13260331500.0,5123455818.0,400010000.0,154553720.0,45.79574328,50.71211451,5.18356931,1620.69760715,39.44711087,21.98261277
2025-12-17,32.52,-1.900452488688,13008325200.0,5026086974.4,400010000.0,154553720.0,44.92541694,49.74835487,5.08505804,1589.89701914,38.69743727,21.56484366
2025-12-18,32.17,-1.076260762608,12868321700.0,4971993172.4,400010000.0,154553720.0,44.4419023,49.21293284,5.03032956,1572.78558135,38.28095193,21.33274971
2025-12-19,32.59,1.305564190239,13036325900.0,5036905734.8,400010000.0,154553720.0,45.02211987,49.85543927,5.09600374,1593.31930669,38.78073433,21.61126245
2025-12-22,32.7,0.337526848727,13080327000.0,5053906644.0,400010000.0,154553720.0,45.17408161,50.02371476,5.11320412,1598.69718714,38.91162973,21.68420626
2025-12-23,32.27,-1.31498470948,12908322700.0,4987448544.4,400010000.0,154553720.0,44.58004934,49.36591056,5.04596627,1577.67456358,38.39994774,21.39906226
2025-12-24,31.98,-0.898667493028,12792319800.0,4942627965.6,400010000.0,154553720.0,44.17942293,48.92227517,5.00061981,1563.49651513,38.0548599,21.20675585
2025-12-25,31.72,-0.813008130081,12688317200.0,4902443998.4,400010000.0,154553720.0,43.82024063,48.5245331,4.95996436,1550.78516135,37.74547079,21.0343432
2025-12-26,31.5,-0.693568726356,12600315000.0,4868442180.0,400010000.0,154553720.0,43.51631714,48.18798211,4.9255636,1540.02940046,37.48368001,20.88845557
2025-12-29,31.29,-0.666666666667,12516312900.0,4835985898.8,400010000.0,154553720.0,43.22620836,47.8667289,4.89272651,1529.76253779,37.23378881,20.7491992
2025-12-30,31.23,-0.191754554171,12492312300.0,4826712675.6,400010000.0,154553720.0,43.14332014,47.77494227,4.88334449,1526.82914845,37.16239132,20.70941167
2025-12-31,31.55,1.024655779699,12620315500.0,4876169866.0,400010000.0,154553720.0,43.58539066,48.24937832,5.1456299,1542.47389157,37.54317792,20.92161185
2026-01-05,32.56,3.201267828843,13024325600.0,5032269123.2,400010000.0,154553720.0,44.98067575,49.79397015,5.3103553,1591.85261205482,38.74503559,21.59136868
2026-01-06,32.78,0.675675675676,13112327800.0,5066270941.6,400010000.0,154553720.0,45.28459924,50.13041589,5.34623608,1602.60837313121,39.00682637,21.73725631
2026-01-07,32.48,-0.91519219036,12992324800.0,5019904825.6,400010000.0,154553720.0,44.87015812,49.67162624,5.29730774,1587.94142630538,38.64983894,21.53831864
2026-01-08,33.16,2.093596059113,13264331600.0,5125001355.2,400010000.0,154553720.0,45.80955798,50.71154945,5.40821197,1621.18650535257,39.45901045,21.98924403
2026-01-09,34.01,2.563329312425,13604340100.0,5256372017.2,400010000.0,154553720.0,46.98380781,52.01145346,5.54684225,1662.74285433852,40.47047483,22.55290076
2026-01-12,36.3,6.733313731256,14520363000.0,5610300036.0,400010000.0,154553720.0,50.147375,55.5135478,5.92032854,1774.70054752218,43.19547887,24.07145833
2026-01-13,35.84,-1.267217630854,14336358400.0,5539205324.8,400010000.0,154553720.0,49.51189862,54.81007033,5.8453051,1752.21122919747,42.64809815,23.76642056
2026-01-14,36.5,1.841517857143,14600365000.0,5641210780.0,400010000.0,154553720.0,50.42366907,55.81940756,5.95294743,1784.47851171883,43.43347049,24.20408344
2026-01-15,35.52,-2.684931506849,14208355200.0,5489748134.4,400010000.0,154553720.0,49.06982809,54.3206947,5.79311487,1736.56648584581,42.26731155,23.55422038
2026-01-16,34.36,-3.265765765766,13744343600.0,5310465819.2,400010000.0,154553720.0,47.46732245,52.54670805,5.60392531,1679.85429230198,40.88696016,22.78499471
2026-01-19,35.43,3.114086146682,14172354300.0,5475838299.6,400010000.0,154553720.0,48.94549576,54.18305781,5.77843637,1732.16640201041,42.16021533,23.49453908
2026-01-20,35.43,0.0,14172354300.0,5475838299.6,400010000.0,154553720.0,48.94549576,54.18305781,5.77843637,1732.16640201041,42.16021533,23.49453908
2026-01-21,34.8,-1.778154106689,13920348000.0,5378469456.0,400010000.0,154553720.0,48.07516942,53.21959954,5.67568687,1701.36581410085,41.41054173,23.07676997
2026-01-22,35.11,0.890804597701,14044351100.0,5426381109.2,400010000.0,154553720.0,48.50342524,53.69368218,5.72624615,1716.52165901264,41.77942874,23.28233889
2026-01-23,35.72,1.737396753062,14288357200.0,5520658878.4,400010000.0,154553720.0,49.34612217,54.62655447,5.82573376,1746.34445039637,42.50530317,23.68684549
2026-01-26,35.1,-1.735722284434,14040351000.0,5424835572.0,400010000.0,154553720.0,48.48961053,53.67838919,5.7246152,1716.03276057278,41.76752915,23.27570764
2026-01-27,37.0,5.413105413105,14800370000.0,5718487640.0,400010000.0,154553720.0,51.11440427,56.58405698,6.03449466,1808.92342309521,44.02844954,24.53564623
2026-01-28,35.95,-2.837837837838,14380359500.0,5556206234.0,400010000.0,154553720.0,49.66386036,54.9782932,5.86324549,1757.58910955872,42.77899354,23.83936438
2026-01-29,36.71,2.1140472879,14684367100.0,5673667061.2,400010000.0,154553720.0,50.71377785,56.14056032,5.98719727,1794.74537435535,43.68336169,24.34333981
2026-01-30,38.3,4.3312448924,15320383000.0,5919407476.0,400010000.0,154553720.0,52.91031577,58.57214547,6.24651744,1872.48019196599,45.57539506,25.39770947
2026-02-02,36.58,-4.490861618799,14632365800.0,5653575077.6,400010000.0,154553720.0,50.5341867,55.94175147,5.96599499,1788.38969746827,43.52866714,24.25713349
2026-02-03,36.73,0.410060142154,14692367300.0,5676758135.6,400010000.0,154553720.0,50.74140726,56.1711463,5.99045916,1795.72317088119,43.70716085,24.35660232
2026-02-04,35.49,-3.375986931663,14196354900.0,5485111522.8,400010000.0,154553720.0,49.02838398,54.27481574,5.78822204,1735.09979123401,42.23161281,23.53432661
2026-02-05,35.65,0.450831220062,14260356500.0,5509840118.0,400010000.0,154553720.0,49.24941924,54.51950355,5.81431715,1742.92216273289,42.42200611,23.6404267
2026-02-06,34.27,-3.870967741935,13708342700.0,5296555984.4,400010000.0,154553720.0,47.34299011,52.40907116,5.58924681,1675.45420811267,40.77986394,22.72531341
2026-02-09,37.29,8.812372337321,14916372900.0,5763308218.8,400010000.0,154553720.0,51.51503068,57.02755365,6.08179205,1823.10147148117,44.37353738,24.72795264
2026-02-10,40.43,8.420488066506,16172404300.0,6248606899.6,400010000.0,154553720.0,55.85284769,61.829552,6.59390862,1976.61551329688,48.1100058,26.81016695
2026-02-11,37.64,-6.900816225575,15056376400.0,5817402020.8,400010000.0,154553720.0,51.99854531,57.56280824,6.13887511,1840.21290909073,44.79002272,24.9600466
2026-02-12,37.6,-0.106269925611,15040376000.0,5811219872.0,400010000.0,154553720.0,51.9432865,57.50163629,6.13235133,1838.25731639296,44.74242439,24.93352157
2026-02-13,36.63,-2.579787234043,14652366300.0,5661302763.6,400010000.0,154553720.0,50.60326022,56.01821641,5.97414971,1790.83418860591,43.58816504,24.29028977
2026-02-24,35.61,-2.784602784603,14244356100.0,5503657969.2,400010000.0,154553720.0,49.19416043,54.4583316,5.80779337,1740.96657003512,42.37440778,23.61390168
2026-02-25,35.69,0.224655995507,14276356900.0,5516022266.8,400010000.0,154553720.0,49.30467806,54.58067551,5.82084093,1744.87775578456,42.46960443,23.66695173
2026-02-26,34.98,-1.989352759877,13992349800.0,5406289125.6,400010000.0,154553720.0,48.32383409,53.49487333,5.70504387,1710.16598212557,41.62473418,23.19613257
2026-02-27,34.93,-0.142938822184,13972349300.0,5398561439.6,400010000.0,154553720.0,48.25476057,53.41840839,5.69688915,1707.72149098793,41.56523628,23.16297629
2026-03-02,33.31,-4.637847122817,13324333100.0,5148184413.2,400010000.0,154553720.0,46.01677854,50.94094427,5.43267614,1628.51997876549,39.63750416,22.08871286
2026-03-03,32.43,-2.641849294506,12972324300.0,5012177139.6,400010000.0,154553720.0,44.8010846,49.5951613,5.28915302,1585.49693516774,38.59034104,21.50516236
2026-03-04,32.49,0.185013876041,12996324900.0,5021450362.8,400010000.0,154553720.0,44.88397283,49.68691923,5.29893869,1588.43032474525,38.66173852,21.54494989
2026-03-05,32.39,-0.307787011388,12956323900.0,5005994990.8,400010000.0,154553720.0,44.74582579,49.53398934,5.28262924,1583.54134246997,38.54274272,21.47863733
2026-03-06,32.72,1.01883297314,13088327200.0,5056997718.4,400010000.0,154553720.0,45.20171102,50.03865796,5.33645041,1599.6749839076,38.93542889,21.69746877
2026-03-09,32.38,-1.039119804401,12952323800.0,5004449453.6,400010000.0,154553720.0,44.73201108,49.51869635,5.2809983,1583.05244403011,38.53084313,21.47200608
2026-03-10,32.9,1.605929586164,13160329000.0,5084817388.0,400010000.0,154553720.0,45.45037568,50.31393175,5.36580741,1608.47515157842,39.14962134,21.81683138
2026-03-11,32.56,-1.033434650456,13024325600.0,5032269123.2,400010000.0,154553720.0,44.98067575,49.79397015,5.3103553,1591.85261205482,38.74503559,21.59136868
2026-03-12,31.93,-1.934889434889,12772319300.0,4934900279.6,400010000.0,154553720.0,44.11034941,48.83051188,5.2076058,1561.05202414527,37.99536199,21.17359957
2026-03-13,31.61,-1.002192295647,12644316100.0,4885443089.2,400010000.0,154553720.0,43.66827889,48.34113625,5.15541557,1545.4072811475,37.6145754,20.96139939
2026-03-16,32.02,1.297057893072,12808320200.0,4948810114.4,400010000.0,154553720.0,44.23468175,48.96814877,5.2222843,1565.45210833457,38.10245822,21.23328087
2026-03-17,31.73,-0.905683947533,12692317300.0,4903989535.6,400010000.0,154553720.0,43.83405533,48.52465211,5.17498691,1551.27405959472,37.75737037,21.04097445
2026-03-18,32.05,1.008509297195,12820320500.0,4953446726.0,400010000.0,154553720.0,44.27612586,49.01402774,5.22717713,1566.91880294637,38.13815696,21.25317464
2026-03-19,31.4,-2.028081123245,12560314000.0,4852986808.0,400010000.0,154553720.0,43.37817011,48.01998349,5.12116574,1535.14041851098,37.3646842,20.82214302
2026-03-20,29.88,-4.84076433121,11952298800.0,4618065153.6,400010000.0,154553720.0,41.27833512,45.69544926,4.87326217,1460.82788856382,35.5559479,19.81419214
2026-03-23,27.81,-6.927710843373,11124278100.0,4298138953.2,400010000.0,154553720.0,38.41869142,42.52980067,4.53565666,1359.62595645654,33.09273464,18.44152221
2026-03-24,28.26,1.618122977346,11304282600.0,4367688127.2,400010000.0,154553720.0,39.0403531,43.21798514,4.60904916,1381.62637669528,33.62821578,18.73992871
2026-03-25,28.58,1.132342533616,11432285800.0,4417145317.6,400010000.0,154553720.0,39.48242362,43.70736077,4.66123939,1397.27111969304,34.00900237,18.9521289
2026-03-26,27.92,-2.309307207838,11168279200.0,4315139862.4,400010000.0,154553720.0,38.57065316,42.69802354,4.55359705,1365.00383681778,33.22363003,18.51446602
2026-03-27,28.39,1.683381088825,11356283900.0,4387780110.8,400010000.0,154553720.0,39.21994425,43.41679399,4.63025144,1387.98205358235,33.78291033,18.82613504
2026-03-30,28.48,0.317013032758,11392284800.0,4401689945.6,400010000.0,154553720.0,39.34427658,43.55443089,4.64492994,1392.38213741776,33.89000656,18.88581634
2026-03-31,28.15,-1.158707865169,11260281500.0,4350687218.0,400010000.0,154553720.0,38.88839135,43.04976227,4.46499552,1376.24849598014,33.49732039,18.6669849
2026-04-01,28.6,1.598579040853,11440286000.0,4420236392.0,400010000.0,154553720.0,39.51005303,43.73794675,4.53637201,1398.24891621887,34.03280153,18.96539141
2026-04-02,27.82,-2.727272727273,11128278200.0,4299684490.4,400010000.0,154553720.0,38.43250613,42.54509366,4.41265277,1360.1148548964,33.10463422,18.44815346
2026-04-03,27.03,-2.839683680805,10812270300.0,4177587051.6,400010000.0,154553720.0,37.34114452,41.33694757,4.28734739,1321.49189513407,32.16456732,17.92428426
2026-04-07,29.33,8.50906400296,11732293300.0,4533060607.6,400010000.0,154553720.0,40.51852641,44.8543349,4.65216052,1433.9384864037,34.90147094,19.44947308
2026-04-08,30.69,4.636890555745,12276306900.0,4743253666.8,400010000.0,154553720.0,42.39732613,46.93418132,4.86787611,1500.42864449809,36.51981395,20.35132386
2026-04-09,29.51,-3.844900619094,11804295100.0,4560880277.2,400010000.0,154553720.0,40.76719108,45.12960869,4.68071111,1442.73865442842,35.1156634,19.56883568
2026-04-10,29.66,0.508302270417,11864296600.0,4584063335.2,400010000.0,154553720.0,40.97441164,45.35900352,4.70450328,1450.07212784133,35.29415711,19.66830452
2026-04-13,29.55,-0.370869858395,11820295500.0,4567062426.0,400010000.0,154553720.0,40.82244989,45.19078064,4.68705569,1444.69424712619,35.16326172,19.5953607
2026-04-14,29.86,1.049069373942,11944298600.0,4614974079.2,400010000.0,154553720.0,41.25070571,45.66486328,4.73622616,1459.85009203798,35.53214873,19.80092963
2026-04-15,29.53,-1.105157401206,11812295300.0,4563971351.6,400010000.0,154553720.0,40.79482049,45.16019467,4.6838834,1443.71645095425,35.13946256,19.58209819
2026-04-16,29.83,1.015916017609,11932298300.0,4610337467.6,400010000.0,154553720.0,41.2092616,45.61898432,4.73146772,1458.38339742618,35.49644999,19.78103586
2026-04-17,29.87,0.13409319477,11948298700.0,4616519616.4,400010000.0,154553720.0,47.00465073,45.68015627,4.7378123,1663.48047902048,39.5472498,19.89560485
2026-04-20,30.32,1.506528289253,12128303200.0,4686068790.4,400010000.0,154553720.0,47.71278909,46.36834075,4.80918878,1688.54128300501,40.14304031,20.19533777
2026-04-21,29.72,-1.97889182058,11888297200.0,4593336558.4,400010000.0,154553720.0,46.76860461,45.45076145,4.71402014,1655.12687769231,39.34865297,19.79569388
2026-04-22,29.54,-0.605652759085,11816295400.0,4565516888.8,400010000.0,154553720.0,46.48534927,45.17548766,4.68546955,1645.10255624006,39.11033676,19.67580071
2026-04-23,29.27,-0.914014895058,11708292700.0,4523787384.4,400010000.0,154553720.0,46.06046625,44.76257697,4.64264366,1630.06607370778,38.75286246,19.49596096
2026-04-24,28.84,-1.469080970277,11536288400.0,4457329284.8,400010000.0,154553720.0,45.38380071,44.10497847,4.57443946,1606.11908337524,38.18355153,19.20954951
2026-04-27,29.16,1.109570041609,11664291600.0,4506786475.2,400010000.0,154553720.0,45.88736576,44.5943541,4.62519607,1623.94009932968,38.60722478,19.42269292
2026-04-28,28.25,-3.120713305898,11300282500.0,4366142590.0,400010000.0,154553720.0,44.45535263,43.20269216,4.48085696,1573.26158453464,37.40240398,18.81656635
2026-04-29,28.58,1.16814159292,11432285800.0,4417145317.6,400010000.0,154553720.0,44.9746541,43.70736077,4.53319972,1591.63950766896,37.83931702,19.03637049
2026-04-30,27.42,-4.05878236529,10968274200.0,4237863002.4,400010000.0,154553720.0,43.14923077,41.93337412,4.34920701,1527.03832399363,36.30350149,18.26372564
2026-05-06,27.55,0.474106491612,11020275500.0,4257954986.0,400010000.0,154553720.0,43.35380407,42.13218297,4.36982688,1534.27811166982,36.47561875,18.35031515
2026-05-07,28.16,2.21,11264281600.0,4352232755.0,,,44.31,40.65,4.47,,,
2026-05-08,28.44,0.99,11376284400.0,4395507797.0,,,44.75,41.06,4.51,,,
2026-05-11,28.39,-0.176,,,,,,,,,,
2026-05-12,28.23,-0.808,11292282300.0,4363051515.798523,,,44.419567510548525,40.756814345991565,4.4766983122362864,,37.37592440335754,18.803244888729584
2026-05-13,28.38,0.531,11352283800.0,4386234573.799578,,,44.655590717299575,40.97337552742616,4.5004852320675095,,37.57452123865699,18.903155860508164
2026-05-14,27.07,-4.616,10828270700.0,4183769200.590365,,,42.59432137834037,39.08207454289733,4.292746132208157,,35.84010887704175,18.030600040308528
2026-05-15,27.47,1.478,10988274700.0,4245590688.5931764,,,43.22371659634318,39.65957102672293,4.356177918424753,,36.36970043784029,18.297029298384757
