数据日期,当日收盘价,当日涨跌幅,总市值,流通市值,总股本,流通股本,PE(TTM),PE(静),市净率,PEG值,市现率,市销率
2025-11-03,102.1,497.076023391813,5655319000.0,735120000.0,55390000.0,7200000.0,58.36944306,64.86229209,10.5556691,4.78019095,57.98220538,24.04943001
2025-11-04,85.0,-16.748285994123,4708150000.0,612000000.0,55390000.0,7200000.0,48.5935618,53.99896991,8.78777545,3.9795909,48.2711798,20.02156269
2025-11-05,87.61,3.070588235294,4852717900.0,630792000.0,55390000.0,7200000.0,50.08567,55.65705593,9.05761185,4.10178775,49.75338896,20.63634244
2025-11-06,83.5,-4.691245291633,4625065000.0,601200000.0,55390000.0,7200000.0,47.73602836,53.04604691,8.63269706,3.90936283,47.41933545,19.668241
2025-11-07,81.7,-2.155688622754,4525363000.0,588240000.0,55390000.0,7200000.0,46.70698823,51.90253931,8.44660299,3.82508914,46.39712223,19.24425496
2025-11-10,81.7,0.0,4525363000.0,588240000.0,55390000.0,7200000.0,46.70698823,51.90253931,8.44660299,3.82508914,46.39712223,19.24425496
2025-11-11,77.69,-4.908200734394,4303249100.0,559368000.0,55390000.0,7200000.0,44.41451549,49.3550585,8.03202676,3.63734608,44.11985833,18.2997083
2025-11-12,85.45,9.98841549749,4733075500.0,615240000.0,55390000.0,7200000.0,48.85082184,54.28484681,8.83429897,4.00065932,48.5267331,20.1275592
2025-11-13,84.79,-0.772381509655,4696518100.0,610488000.0,55390000.0,7200000.0,48.47350712,53.86556069,8.76606448,3.96975897,48.15192159,19.97209765
2025-11-14,94.79,11.793843613634,5250418100.0,682488000.0,55390000.0,7200000.0,54.19039675,60.21838068,9.79992041,4.43794613,53.83088392,22.32757562
2025-11-17,96.0,1.276505960544,5317440000.0,691200000.0,55390000.0,7200000.0,54.88214039,60.9870719,9.92501698,4.49459678,54.51803836,22.61258845
2025-11-18,89.0,-7.291666666667,4929710000.0,640800000.0,55390000.0,7200000.0,50.88031765,56.54009791,9.20131783,4.16686577,50.54276473,20.96375388
2025-11-19,86.4,-2.921348314607,4785696000.0,622080000.0,55390000.0,7200000.0,49.39392635,54.88836471,8.93251528,4.0451371,49.06623452,20.3513296
2025-11-20,83.96,-2.824074074074,4650544400.0,604512000.0,55390000.0,7200000.0,47.99900528,53.33827663,8.68025443,3.93089944,47.68056771,19.77659298
2025-11-21,83.75,-0.250119104335,4638912500.0,603000000.0,55390000.0,7200000.0,47.8789506,53.20486741,8.65854346,3.9210675,47.56130951,19.72712794
2025-11-24,87.26,4.191044776119,4833331400.0,628272000.0,55390000.0,7200000.0,49.88557886,55.43470723,9.02142689,4.0854012,49.55462528,20.55390071
2025-11-25,88.0,0.848040339216,4874320000.0,633600000.0,55390000.0,7200000.0,50.30862869,55.90481591,9.09793223,4.12004705,49.9748685,20.72820608
2025-11-26,84.45,-4.034090909091,4677685500.0,608040000.0,55390000.0,7200000.0,48.27913287,53.64956481,8.73091338,3.95384061,47.95883687,19.8920114
2025-11-27,83.6,-1.006512729426,4630604000.0,601920000.0,55390000.0,7200000.0,47.79319726,53.10957511,8.64303562,3.9140447,47.47612507,19.69179578
2025-11-28,81.75,-2.212918660287,4528132500.0,588600000.0,55390000.0,7200000.0,46.73557268,51.93430341,8.45177227,3.82743007,46.42551704,19.25603235
2025-12-01,83.28,1.871559633028,4612879200.0,599616000.0,55390000.0,7200000.0,47.61025679,52.90628487,8.60995223,3.89906271,47.29439828,19.61642048
2025-12-02,82.47,-0.972622478386,4568013300.0,593784000.0,55390000.0,7200000.0,47.14718873,52.39170645,8.5262099,3.86113955,46.83440233,19.42562677
2025-12-03,80.8,-2.024978780162,4475512000.0,581760000.0,55390000.0,7200000.0,46.19246816,51.33078551,8.35355596,3.78295229,45.88601562,19.03226195
2025-12-04,78.94,-2.30198019802,4372486600.0,568368000.0,55390000.0,7200000.0,45.12912669,50.149161,8.16125875,3.69586948,44.82972862,18.59414304
2025-12-05,79.28,0.430706865974,4391319200.0,570816000.0,55390000.0,7200000.0,45.32350094,50.36515688,8.19640986,3.71178784,45.02281334,18.67422929
2025-12-08,80.48,1.513622603431,4457787200.0,579456000.0,55390000.0,7200000.0,46.00952769,51.12749527,8.32047257,3.7679703,45.70428882,18.95688665
2025-12-09,81.0,0.646123260437,4486590000.0,583200000.0,55390000.0,7200000.0,46.30680595,51.45784191,8.37423308,3.79231603,45.99959486,19.0793715
2025-12-10,79.61,-1.716049382716,4409597900.0,573192000.0,55390000.0,7200000.0,45.5121583,50.57479994,8.2305271,3.72723802,45.2102191,18.75196007
2025-12-11,82.3,3.378972490893,4558597000.0,592560000.0,55390000.0,7200000.0,47.05000161,52.28370851,8.50863435,3.85318037,46.73785997,19.38558364
2025-12-12,79.85,-2.976913730255,4422891500.0,574920000.0,55390000.0,7200000.0,45.64936365,50.72726762,8.25533964,3.73847451,45.3465142,18.80849154
2025-12-15,79.71,-0.17532874139,4415136900.0,573912000.0,55390000.0,7200000.0,45.56932719,50.63832814,8.24086566,3.73191989,45.26700872,18.77551485
2025-12-16,80.52,1.016183665788,4460002800.0,579744000.0,55390000.0,7200000.0,46.03239525,51.15290655,8.32460799,3.76984305,45.72700467,18.96630856
2025-12-17,81.59,1.328862394436,4519270100.0,587448000.0,55390000.0,7200000.0,46.64410244,51.83265829,8.43523058,3.81993908,46.33465364,19.2183447
2025-12-18,79.85,-2.132614290967,4422891500.0,574920000.0,55390000.0,7200000.0,45.64936365,50.72726762,8.25533964,3.73847451,45.3465142,18.80849154
2025-12-19,80.4,0.688791484033,4453356000.0,578880000.0,55390000.0,7200000.0,45.96379258,51.07667271,8.31220172,3.7642248,45.65885712,18.93804283
2025-12-22,79.4,-1.243781094527,4397966000.0,571680000.0,55390000.0,7200000.0,45.39210361,50.44139072,8.20881613,3.71740609,45.09096089,18.70249503
2025-12-23,77.9,-1.889168765743,4314881000.0,560880000.0,55390000.0,7200000.0,44.53457017,49.48846772,8.05373774,3.64717801,44.23911654,18.34917334
2025-12-24,78.1,0.256739409499,4325959000.0,562320000.0,55390000.0,7200000.0,44.64890796,49.61552412,8.07441486,3.65654176,44.35269579,18.3962829
2025-12-25,78.4,0.384122919334,4342576000.0,564480000.0,55390000.0,7200000.0,44.82041465,49.80610872,8.10543053,3.67058737,44.52306466,18.46694723
2025-12-26,77.75,-0.829081632653,4306572500.0,559800000.0,55390000.0,7200000.0,44.44881683,49.39317542,8.0382299,3.64015521,44.15393211,18.31384117
2025-12-29,77.13,-0.797427652733,4272230700.0,555336000.0,55390000.0,7200000.0,44.09436967,48.99930058,7.97413083,3.6111276,43.80183644,18.16780153
2025-12-30,76.51,-0.80383767665,4237888900.0,550872000.0,55390000.0,7200000.0,43.73992251,48.60542574,7.91003176,3.5821,43.44974078,18.0217619
2025-12-31,75.89,-0.810351588028,4203547100.0,546408000.0,55390000.0,7200000.0,43.38547536,43.0061221,6.20269673,3.55307239,43.09764511,17.87572227
2026-01-05,77.98,2.753986032415,4319312200.0,561456000.0,55390000.0,7200000.0,44.58030529,44.19050469,6.37351814,3.650923507218,44.28454824,18.36801716
2026-01-06,77.51,-0.602718645807,4293278900.0,558072000.0,55390000.0,7200000.0,44.31161148,43.92416028,6.33510375,3.628918710688,44.01763701,18.2573097
2026-01-07,77.8,0.374145271578,4309342000.0,560160000.0,55390000.0,7200000.0,44.47740127,44.08850045,6.35880624,3.642496137707,44.18232692,18.32561856
2026-01-08,77.8,0.0,4309342000.0,560160000.0,55390000.0,7200000.0,44.47740127,44.08850045,6.35880624,3.642496137707,44.18232692,18.32561856
2026-01-09,79.78,2.54498714653,4419014200.0,574416000.0,55390000.0,7200000.0,45.60934542,45.21054712,6.52063705,3.735197196599,45.30676146,18.79200319
2026-01-12,87.62,9.827024316871,4853271800.0,630864000.0,55390000.0,7200000.0,50.09138689,49.65339858,7.16142163,4.102255933786,49.75906793,20.63869792
2026-01-13,84.7,-3.332572472038,4691533000.0,609840000.0,55390000.0,7200000.0,48.42205512,47.99866308,6.92276207,3.965545281833,48.10081093,19.95089835
2026-01-14,83.3,-1.652892561983,4613987000.0,599760000.0,55390000.0,7200000.0,47.62169057,47.20529675,6.80833625,3.899999078618,47.3057562,19.62113144
2026-01-15,81.28,-2.424969987995,4502099200.0,585216000.0,55390000.0,7200000.0,46.46687886,46.06058247,6.64323614,3.805425270946,46.15860581,19.14532489
2026-01-16,81.29,0.012303149606,4502653100.0,585288000.0,55390000.0,7200000.0,46.47259575,46.06624938,6.64405347,3.805893458141,46.16428477,19.14768037
2026-01-19,80.75,-0.664288350351,4472742500.0,581400000.0,55390000.0,7200000.0,46.16388371,45.76023665,6.59991779,3.780611351245,45.85762081,19.02048456
2026-01-20,79.17,-1.956656346749,4385226300.0,570024000.0,55390000.0,7200000.0,45.26061515,44.86486607,6.47078008,3.706637779337,44.96034476,18.64831904
2026-01-21,78.96,-0.26525198939,4373594400.0,568512000.0,55390000.0,7200000.0,45.14056047,44.74586112,6.45361621,3.69680584906,44.84108655,18.598854
2026-01-22,78.45,-0.645896656535,4345345500.0,564840000.0,55390000.0,7200000.0,44.8489991,44.4568491,6.41193252,3.672928303749,44.55145947,18.47872462
2026-01-23,80.18,2.205226258764,4441170200.0,577296000.0,55390000.0,7200000.0,45.83802101,45.43722321,6.55333014,3.753924683583,45.53391995,18.88622231
2026-01-26,88.95,10.937889748067,4926940500.0,640440000.0,55390000.0,7200000.0,50.85173321,50.40709659,7.27012616,4.164524826635,50.51436992,20.95197649
2026-01-27,82.66,-7.071388420461,4578537400.0,595152000.0,55390000.0,7200000.0,47.25580963,46.842615,6.7560273,3.870035099771,46.94230261,19.47038085
2026-01-28,80.46,-2.661504960077,4456679400.0,579312000.0,55390000.0,7200000.0,45.99809391,45.59589648,6.5762153,3.767033923407,45.6929309,18.95217569
2026-01-29,78.9,-1.938851603281,4370271000.0,568080000.0,55390000.0,7200000.0,45.10625913,44.71185971,6.44871225,3.693996725889,44.80701278,18.58472113
2026-01-30,78.74,-0.20278833967,4361408600.0,566928000.0,55390000.0,7200000.0,45.0147889,44.62118927,6.43563501,3.686505731587,44.71614938,18.54703348
2026-02-02,76.83,-2.42570485141,4255613700.0,553176000.0,55390000.0,7200000.0,43.92286298,43.53881092,6.2795255,3.597081983061,43.63146757,18.09713719
2026-02-03,77.45,0.806976441494,4289955500.0,557640000.0,55390000.0,7200000.0,44.27731014,43.89015887,6.33019979,3.626109587518,43.98356324,18.24317683
2026-02-04,79.49,2.633957391866,4402951100.0,572328000.0,55390000.0,7200000.0,45.44355562,45.04620695,6.49693456,3.721619768761,45.14207155,18.72369433
2026-02-05,77.29,-2.767643728771,4281093100.0,556488000.0,55390000.0,7200000.0,44.1858399,43.79948843,6.31712255,3.618618592396,43.89269984,18.20548918
2026-02-06,77.21,-0.103506275068,4276661900.0,555912000.0,55390000.0,7200000.0,44.14010479,43.75415321,6.31058394,3.614873095655,43.84726814,18.18664536
2026-02-09,78.0,1.02318352545,4320420000.0,561600000.0,55390000.0,7200000.0,44.59173907,44.2018385,6.37515279,3.651859881609,44.29590617,18.37272812
2026-02-10,77.38,-0.794871794872,4286078200.0,557136000.0,55390000.0,7200000.0,44.23729191,43.85049055,6.3244785,3.622832277152,43.9438105,18.22668848
2026-02-11,76.89,-0.633238562936,4258937100.0,553608000.0,55390000.0,7200000.0,43.95716432,43.57281233,6.28442946,3.599891106231,43.66554135,18.11127006
2026-02-12,77.15,0.338145402523,4273338500.0,555480000.0,55390000.0,7200000.0,44.10580345,43.72015179,6.30567997,3.612063972484,43.81319437,18.17251249
2026-02-13,76.66,-0.635126377187,4246197400.0,551952000.0,55390000.0,7200000.0,43.82567586,43.44247358,6.26563093,3.589122801564,43.53492521,18.05709407
2026-02-24,76.85,0.247847638925,4256721500.0,553320000.0,55390000.0,7200000.0,43.93429676,43.55014472,6.28116015,3.598018357451,43.6428255,18.10184815
2026-02-25,77.06,0.273259596617,4268353400.0,554832000.0,55390000.0,7200000.0,44.05435144,43.66914967,6.29832403,3.607850287729,43.76208371,18.15131319
2026-02-26,76.64,-0.545029846873,4245089600.0,551808000.0,55390000.0,7200000.0,43.81424208,43.43113977,6.26399628,3.588186427174,43.52356729,18.05238311
2026-02-27,76.26,-0.495824634656,4224041400.0,549072000.0,55390000.0,7200000.0,43.49296118,43.21579748,6.23293784,3.561874988017,43.30776672,17.49914343
2026-03-02,74.99,-1.665355363231,4153696100.0,539928000.0,55390000.0,7200000.0,42.76864882,42.49610088,6.12913728,3.502557112006,42.58653851,17.2077205
2026-03-03,73.19,-2.400320042672,4053994100.0,526968000.0,55390000.0,7200000.0,41.74206437,41.47605846,5.98201837,3.418484531609,41.56432529,16.79468014
2026-03-04,73.26,0.095641481077,4057871400.0,527472000.0,55390000.0,7200000.0,41.7819871,41.51572677,5.98773966,3.42175402096,41.60407802,16.81074282
2026-03-05,73.25,-0.01365001365,4057317500.0,527400000.0,55390000.0,7200000.0,41.77628385,41.51005987,5.98692233,3.421286950819,41.59839906,16.80844815
2026-03-06,74.15,1.22866894198,4107168500.0,533880000.0,55390000.0,7200000.0,42.28957607,42.02008108,6.06048179,3.463323240608,42.10950567,17.01496833
2026-03-09,72.41,-2.346594740391,4010789900.0,521352000.0,55390000.0,7200000.0,41.29721111,41.03404007,5.91826684,3.382053080239,41.12136622,16.61569598
2026-03-10,74.36,2.692998204668,4118800400.0,535392000.0,55390000.0,7200000.0,42.40934426,42.13908603,6.07764566,3.473131708662,42.22876388,17.06315638
2026-03-11,75.54,1.586874663798,4184160600.0,543888000.0,55390000.0,7200000.0,43.0823274,42.80778051,6.17409028,3.528245955858,42.89888143,17.33392728
2026-03-12,75.6,0.079428117554,4187484000.0,544320000.0,55390000.0,7200000.0,43.11654688,42.84178193,6.17899424,3.531048375068,42.93295521,17.34769529
2026-03-13,75.05,-0.727513227513,4157019500.0,540360000.0,55390000.0,7200000.0,42.8028683,42.5301023,6.13404124,3.505359531217,42.62061228,17.22148852
2026-03-16,74.06,-1.319120586276,4102183400.0,533232000.0,55390000.0,7200000.0,42.23824685,41.96907896,6.05312584,3.459119611793,42.05839501,16.99431631
2026-03-17,73.4,-0.891169322171,4065626000.0,528480000.0,55390000.0,7200000.0,41.86183255,41.59506341,5.99918224,3.428292998844,41.68358349,16.84286818
2026-03-18,73.24,-0.217983651226,4056763600.0,527328000.0,55390000.0,7200000.0,41.7705806,41.50439297,5.986105,3.420819880677,41.5927201,16.80615348
2026-03-19,70.48,-3.768432550519,3903887200.0,507456000.0,55390000.0,7200000.0,40.19648445,39.94032791,5.76052268,3.29190859128,40.02532649,16.17282492
2026-03-20,68.85,-2.312712826334,3813601500.0,495720000.0,55390000.0,7200000.0,39.26685519,39.01662283,5.62729833,3.215776198371,39.09965564,15.79879393
2026-03-23,62.2,-9.658678286129,3445258000.0,447840000.0,55390000.0,7200000.0,35.47419598,35.24813275,5.08377569,2.905174721451,35.32314569,14.27283925
2026-03-24,63.3,1.768488745981,3506187000.0,455760000.0,55390000.0,7200000.0,36.10155314,35.87149201,5.17368169,2.956552409153,35.94783154,14.5252528
2026-03-25,64.5,1.895734597156,3572655000.0,464400000.0,55390000.0,7200000.0,36.78594277,36.55152029,5.27176096,3.012600795812,36.62930702,14.80061305
2026-03-26,62.89,-2.496124031008,3483477100.0,452808000.0,55390000.0,7200000.0,35.86772002,35.63914901,5.14017127,2.937402544005,35.71499409,14.43117139
2026-03-27,66.0,4.945142311973,3655740000.0,475200000.0,55390000.0,7200000.0,37.64142982,37.40155565,5.39436005,3.082661280159,37.48115137,15.14481335
2026-03-30,64.64,-2.060606060606,3580409600.0,465408000.0,55390000.0,7200000.0,36.86578823,36.63085693,5.28320354,3.019139774515,36.70881249,14.83273841
2026-03-31,63.78,-1.330445544554,3532774200.0,459216000.0,55390000.0,7200000.0,36.37530899,36.14350332,5.07472408,2.978971763653,36.22042173,14.6353969
2026-04-01,65.34,2.44590780809,3619182600.0,470448000.0,55390000.0,7200000.0,37.26501552,37.02754009,5.19884715,3.05183466721,37.10633986,14.99336522
2026-04-02,66.89,2.372206917661,3705037100.0,481608000.0,55390000.0,7200000.0,38.14901879,37.90590996,5.32217456,3.124230499807,37.98657902,15.34903886
2026-04-03,63.7,-4.769023770369,3528343000.0,458640000.0,55390000.0,7200000.0,36.32968302,36.09816811,5.06835879,2.975235204979,36.17499004,14.61703955
2026-04-07,62.46,-1.946624803768,3459659400.0,449712000.0,55390000.0,7200000.0,35.6224804,35.39547221,4.96969686,2.917318538574,35.47079871,14.33250063
2026-04-08,65.07,4.178674351585,3604227300.0,468504000.0,55390000.0,7200000.0,36.87453373,36.87453373,5.17736431,3.019855991044,33.8162044,14.87611193
2026-04-09,65.69,0.952820039957,3638569100.0,472968000.0,55390000.0,7200000.0,37.22588168,37.22588168,5.22669528,3.048629784349,34.13841197,15.01785451
2026-04-10,67.1,2.146445425483,3716669000.0,483120000.0,55390000.0,7200000.0,38.02491491,38.02491491,5.33888344,3.114066958533,34.87117436,15.34020456
2026-04-13,65.11,-2.965722801788,3606442900.0,468792000.0,55390000.0,7200000.0,36.89720134,36.89720134,5.18054696,3.021712364832,33.83699199,14.88525661
2026-04-14,65.35,0.368606972815,3619736500.0,470520000.0,55390000.0,7200000.0,37.033207,37.033207,5.19964281,3.03285060756,33.9617175,14.94012471
2026-04-15,66.0,0.994644223412,3655740000.0,475200000.0,55390000.0,7200000.0,37.40155565,37.40155565,5.25136076,3.063016680591,34.29951576,15.08872579
2026-04-16,65.98,-0.030303030303,3654632200.0,475056000.0,55390000.0,7200000.0,37.39022185,37.39022185,5.24976944,3.062088494107,34.28912197,15.08415345
2026-04-17,67.8,2.758411639891,3755442000.0,488160000.0,55390000.0,7200000.0,38.42159808,38.42159808,5.39457969,3.146553499413,35.2349571,15.5002365
2026-04-20,68.28,0.70796460177,3782029200.0,491616000.0,55390000.0,7200000.0,38.69360939,38.69360939,5.4327714,3.168829984051,35.48440812,15.60997269
2026-04-21,67.03,-1.830697129467,3712791700.0,482616000.0,55390000.0,7200000.0,37.98524659,37.98524659,5.33331381,3.110818304199,34.83479608,15.32420136
2026-04-22,67.91,1.312844994778,3761534900.0,488952000.0,55390000.0,7200000.0,38.483934,38.483934,5.40333196,3.151658526716,35.29212296,15.52538437
2026-04-23,66.48,-2.105728169636,3682327200.0,478656000.0,55390000.0,7200000.0,37.67356696,37.67356696,5.28955247,3.085293165228,34.54896678,15.19846198
2026-04-24,65.36,-1.684717208183,3620290400.0,470592000.0,55390000.0,7200000.0,37.0388739,37.0388739,5.20043847,3.033314700802,33.9669144,14.94241088
2026-04-27,64.29,-1.637086903305,3561023100.0,462888000.0,55390000.0,7200000.0,36.43251535,36.43251535,5.11530278,2.983656703406,33.41084649,14.69779063
2026-04-28,64.09,-0.311090371753,3549945100.0,461448000.0,55390000.0,7200000.0,36.3191773,36.3191773,5.09938956,2.974374834466,33.30690856,14.65206721
2026-04-29,64.0,-0.140427523795,3544960000.0,460800000.0,55390000.0,7200000.0,39.64852079,36.26817518,5.09222862,3.24703286882,42.97085267,14.62463381
2026-04-30,62.98,-1.59375,3488462200.0,453456000.0,55390000.0,7200000.0,39.01662249,35.69015113,5.01107122,3.19528328248,42.28600471,14.39155371
2026-05-06,64.61,2.588123213719,3578747900.0,465192000.0,55390000.0,7200000.0,40.02642076,36.61385622,5.14076392,3.27798115136,43.38041861,14.76402485
2026-05-07,65.19,0.9,3610874100.0,469368000.0,,,40.39,49.27,5.19,,,
2026-05-08,68.01,4.33,3767073900.0,489672000.0,,,42.13,51.4,5.41,,,
2026-05-11,68.64,0.926,,,,,,,,,,
2026-05-13,47.57,-2.6,2634902300.0,342504000.0,,,29.468079694162626,35.952036465225696,3.784056756359359,,31.93942908648352,10.87021609835165
2026-05-14,45.61,-4.12,2526337900.0,328392000.0,,,28.253922952506983,34.47072489339802,3.628144390530805,,30.62344672344993,10.422336687950782
2026-05-15,45.87,0.57,2540739300.0,330264000.0,,,28.41498456109396,34.66722540802822,3.648826643140716,,30.79801581242377,10.481749262799877
2026-05-18,44.85,-2.224,2484241500.0,322920000.0,,,27.78312748125276,33.89633877370974,3.5676885752095293,,30.113167847987928,10.248669161468817
2026-05-19,45.74,1.984,2533538600.0,329328000.0,,,28.334453756800475,34.56897515071312,3.638485516835761,,30.71073126793685,10.452042975375331
2026-05-20,44.89,-1.858,2486457100.0,323208000.0,,,27.80790619026613,33.926569622114386,3.570870460226439,,30.14002463090697,10.257809557599446
2026-05-21,42.18,-6.037,2336350200.0,303696000.0,,,26.129148654609608,31.8784296426996,3.355297750330835,,28.320477588141145,9.638547719749267
2026-05-22,41.79,-0.925,2314748100.0,300888000.0,,,25.88755624172915,31.583678870754305,3.3242743714159686,,28.05862395468038,9.549428857475624
2026-05-25,40.49,-3.111,2242741100.0,291528000.0,,,25.08224819879429,30.601176297603303,3.2208631083664176,,27.18577850981117,9.25236598323015
2026-05-26,38.93,-3.853,2156332700.0,280296000.0,,,24.11587854727245,29.422173209822088,3.096769592706956,,26.13836397596811,8.895890534135583
2026-05-27,37.75,-3.031,2090972500.0,271800000.0,,,23.38490663137773,28.53036318188502,3.002903984708132,,25.34608887985605,8.626248848282
2026-05-28,38.41,1.748,2127529900.0,276552000.0,,,23.793755330098502,29.029172180561684,3.0554050874871344,,25.78922579802042,8.777065384437392
2026-05-29,37.75,-1.718,2090972500.0,271800000.0,,,23.384906631377728,28.530363181885026,3.002903984708132,,25.34608887985605,8.626248848282
2026-06-01,38.0,0.662,2104820000.0,273600000.0,,,23.53977356271136,28.719305984414063,3.0227907660638147,,25.51394377310013,8.683376324098436
2026-06-02,37.38,-1.632,2070478200.0,269136000.0,,,23.15570357300397,28.250727834142044,2.973471548301721,,25.09766363785481,8.541700184073672
2026-06-03,36.55,-2.22,2024504500.0,263160000.00000003,,,22.641545360976323,27.62343772974563,2.907447434200853,,24.540385392284463,8.3520369643631
2026-06-04,35.56,-2.709,1969668400.0,256032000.0000001,,,22.02827231289516,26.87522423173064,2.828695780032349,,23.87568001503791,8.12581216013001
2026-06-05,36.43,2.447,2017857700.0,262296000.0000001,,,22.567209233936182,27.53274518453169,2.897901779150126,,24.459815043527307,8.324615775971212
2026-06-08,37.24,2.223,2062723600.0,268128000.0000001,,,23.068978091457137,28.14491986472578,2.9623349507425387,,25.003664897638128,8.509708797616469
2026-06-09,36.96,-0.752,2047214400.0,266112000.0000001,,,22.895527128363472,27.93330392589325,2.940061755624173,,24.81566741720476,8.44572602470206
2026-06-10,35.54,-3.842,1968560600.0,255888000.0000001,,,22.015882958388467,26.860108807528302,2.8271048375238936,,23.862251623578384,8.121241962064696
2026-06-11,33.58,-5.515,1859996200.0,241776000.0000001,,,20.801726216732828,25.378797235700628,2.671192471695339,,22.5462692605448,7.673362551663828
2026-06-12,34.52,2.799,1912062800.0,248544000.0000001,,,21.38402587854727,26.08922217320982,2.745966769592707,,23.177403659142545,7.888161860733634
2026-06-15,33.99,-1.535,1882706100.0,244728000.0000001,,,21.05570798411998,25.68866343184825,2.703806793118659,,22.82155128546509,7.7670516120027875
2026-06-16,33.66,-0.971,1864427400.0,242352000.00000003,,,20.85128363475959,25.439258932509915,2.6775562417291567,,22.599982826382902,7.691643343925089
2026-06-17,34.7,3.09,1922033000.0000005,249840000.0000001,,,21.495530069107485,26.225260991030726,2.7602852521687984,,23.29825918227828,7.9292936433214685
2026-06-18,41.97,20.951,2324718300.0000005,302184000.00000006,,,25.99906043228937,31.719717688575205,3.33859285399206,,28.17947947781612,9.590560640063458
2026-06-19,41.97,20.951,2324718300.0000005,302184000.00000006,,,25.99906043228937,31.719717688575205,3.33859285399206,,28.17947947781612,9.590560640063458
2026-06-22,38.6,-8.03,2138054000.0,277920000.00000006,,,23.91145419791207,29.172768710483748,3.070519041317453,,25.916795516885927,8.820482266057887
2026-06-23,40.39,4.637,2237202100.0,290808000.00000006,,,25.020301426260843,30.52559917659168,3.212908395824143,,27.11863655251354,9.229514992903576
2026-06-24,41.39,2.476,2292592100.0,298008000.00000006,,,25.63976915159536,31.281370386707835,3.2924555212468745,,27.79005612548986,9.458024896169324
2026-06-25,38.25,-7.586,2118667500.0,275400000.00000006,,,23.694640494045,28.908248786943087,3.0426775474194963,,25.68179866634421,8.740503799914874
2026-06-26,35.96,-5.99,2788554160.0,362476800.0,,,31.19,38.05,4.17,,24.14424784422844,8.21721612143631
2026-06-29,37.65,4.7,2919606900.0,379512000.0,,,32.655825917686315,39.83822302558397,4.365976084538375,,25.27894692255841,8.603397857955423
2026-06-30,36.15,-3.984,2803287900.0,364392000.0,,,31.35479699666296,38.2510428253615,4.192032814238042,,24.271817563093933,8.260633003056801
2026-07-01,37.3,3.18,2892465800.0,375984000.0,,,32.35,39.47,4.33,,25.0439500720167,8.52341939181241
2026-07-02,39.8,6.702,3086330800.0,401184000.0,,,34.51823056300268,42.11544235924933,4.620214477211797,,26.722499004457497,9.094694149976782
2026-07-03,42.23,6.106,3274767580.0,425678400.00000006,,,36.62575067024129,44.68681233243968,4.902302949061663,,28.35404856678995,9.649973214912553
2026-07-06,41.6,-1.492,3225913600.0000005,419328000.0000001,,,36.07935656836462,44.02016085790885,4.82916890080429,,27.93105423581488,9.506011975855133
2026-07-07,39.4,-5.288,3055312400.0000005,397152000.00000006,,,34.17131367292225,41.69217158176944,4.5737801608579085,,26.45393117526697,9.003290188670485
2026-07-08,37.72,-4.264,2925035120.0000005,380217600.00000006,,,32.71426273458445,39.91443431635389,4.378756032171581,,25.32594629266676,8.619393551184027
2026-07-09,37.78,0.159,2929687880.0000005,380822400.00000006,,,32.766300268096515,39.97792493297588,4.385721179624665,,25.366231467045345,8.633104145379972
2026-07-10,39.15,3.626,3035925900.0000005,394632000.00000006,,,33.95449061662198,41.42762734584451,4.544758713136728,,26.2860762820229,8.946162712854047
2026-07-13,36.5,-6.769,2830429000.0000005,367920000.00000006,,,31.65616621983914,38.62345844504023,4.237131367292225,,24.506814413635656,8.340611469199814
2026-07-14,37.08,1.589,2875405680.0000005,373766400.00000006,,,32.15919571045576,39.23720107238607,4.304461126005362,,24.89623776596192,8.473147213093947
2026-07-15,40.13,8.225,3111920980.000001,404510400.0000001,,,34.80443699731904,42.464640750670256,4.658522788203753,,26.944067463539696,9.17010241805448
2026-07-16,39.21,-2.293,3040578660.0000005,395236800.0000001,,,34.006528150134045,41.4911179624665,4.551723860589812,,26.32636145640148,8.959873307049993
2026-07-17,36.74,-6.3,2849040040.0,370339200.0,,,31.87,38.88,4.26,,24.66795511114997,8.395453845983594
2026-07-20,36.28,-1.252,2813368880.0,365702400.0,,,31.470974414806747,38.39320631464344,4.206663037561241,,24.35910210758086,8.290339290481349
2026-07-21,35.0,-3.528,2714110000.0,352800000.0,,,30.36064235166031,37.03864997278171,4.058247142079478,,23.49968505417117,7.997846614301189
2026-07-22,34.35,-1.86,2663705100.0,346248000.0,,,29.79,36.35,3.98,,23.063262331736563,7.849315177178453
2026-07-23,35.01,1.921,2714885460.0,352900800.0,,,30.362384279475982,37.04842794759825,4.056471615720524,,23.506399249900934,8.000131713333845
2026-07-24,33.16,-5.284,2571425360.0,334252799.99999994,,,28.757973799126635,35.09071324599708,3.842119359534206,,22.26427303989474,7.57738839229221
2026-07-27,33.34,0.543,2585383640.0000005,336067200.00000006,,,28.91407860262009,35.28119359534207,3.8629752547307135,,22.38512856303048,7.618520174880046
2026-07-28,35.45,6.33,2749005700.0,357336000.0,,,30.75,37.51,4.11,,23.80182386201051,8.100676070770774
2026-07-29,35.08,-1.044,2720313680.0,353606400.0,,,30.429055007052185,37.11849929478138,4.067102961918194,,23.553398620009272,8.016127406562445
2026-07-30,34.77,-0.884,2696274420.0000005,350481600.00000006,,,30.16015514809592,36.79048519040903,4.031162200282087,,23.345258552386618,7.945289336550064
2026-07-31,35.49,2.071,2752107540.0000005,357739200.0,,,30.784696755994368,37.55232440056418,4.114637517630465,,23.82868064492957,8.109816466901401
2026-08-03,35.39,-0.282,2744352940.0000005,356731200.0,,,30.697954866008462,37.446513399153744,4.103043723554301,,23.761538687631937,8.086965476574827
2026-08-04,35.88,1.385,2782350480.000001,361670400.0,,,31.12299012693936,37.96498730606489,4.159853314527504,,24.090534278390336,8.198935329175043
2026-08-05,36.09,0.585,2798635140.000001,363787200.0,,,31.305148095909736,38.18719040902681,4.184200282087447,,24.23153238871536,8.24692240886085
2026-08-07,37.47,1.821,2905648620.0000005,377697600.0,,,32.502186177715096,39.64738222849084,4.344194640338505,,25.15809139942268,8.562266075367582
2026-08-10,37.02,-1.201,2870752920.000001,373161600.00000006,,,32.111847672778566,39.17123272214388,4.292022566995769,,24.85595259158334,8.459436618897996
2026-08-11,37.87,2.296,2936667020.0000005,381729600.0,,,32.849153737658675,40.07062623413259,4.390569816643159,,25.426659228613207,8.653670036673882
2026-08-12,37.46,-1.083,2904873160.000001,377596800.0,,,32.493511988716506,39.6368011283498,4.343035260930888,,25.15137720369292,8.559980976334925
2026-08-13,38.62,3.097,2994826520.0000005,389289600.0,,,33.499717912552896,40.86420874471087,4.477523272214385,,25.93022390834545,8.825052464123193
2026-08-14,36.87,-4.531,2859121020.0000005,371649600.0,,,31.981734837799724,39.01251622002822,4.274631875881522,,24.75523965563689,8.425160133408134
2026-08-17,36.37,-1.356,2820348020.0000005,366609600.0,,,31.548025387870247,38.48346121297603,4.216662905500704,,24.41952986914873,8.31090518177526
2026-08-18,36.71,0.935,2846713660.000001,370036800.0,,,31.84294781382229,38.84321861777153,4.256081805359661,,24.64781252396068,8.388598548885614
2026-08-19,35.22,-4.059,2731170120.0000005,355017600.0,,,30.55049365303244,37.266634696756014,4.083334273624822,,23.64739736022597,8.048118793019649
2026-08-20,39.73,12.805,3080902580.0000005,400478400.0,,,34.462552891396335,42.038710860366734,4.606214386459801,,26.67549963434917,9.078698456748173
2026-08-21,37.86,-4.707,2935891560.0000005,381628800.00000006,,,32.840479548660085,40.06004513399156,4.389410437235542,,25.41994503288345,8.651384937641224
2026-08-24,35.75,-5.573,2772269500.0000005,360360000.00000006,,,31.010225669957684,37.82743300423133,4.14478138222849,,24.003249733903417,8.169229041750494
2026-08-25,36.42,1.874,2824225320.0000005,367113600.00000006,,,31.591396332863187,38.53636671368126,4.222459802538786,,24.45310084779755,8.322330676938547
2026-08-26,35.88,-1.483,2782350480.0000005,361670400.00000006,,,31.12299012693936,37.964987306064906,4.159853314527503,,24.09053427839034,8.198935329175043
2026-08-27,35.89,0.0,2783125940.0,361771200.0,,,31.13166431593794,37.97556840620595,4.161012693935119,,24.0972484741201,8.2012204282077
2026-08-28,35.88,-0.028,2782350480.0000005,361670400.0,,,31.12299012693936,37.964987306064906,4.159853314527503,,24.09053427839034,8.198935329175043
2026-08-31,35.65,-0.641,2764514900.0,359352000.0,,,30.9234837799718,37.721622002820894,4.133187588152326,,23.936107776605784,8.14637805142392
2026-09-01,36.49,2.356,2829653540.0,367819200.0,,,31.652115655853333,38.610434414668575,4.230575458392101,,24.500100217905896,8.338326370167149
2026-09-02,37.25,2.083,2888588500.0,375480000.0,,,32.31135401974613,39.414598025387896,4.318688293370944,,25.01037909336789,8.511993896649116
2026-09-03,36.53,-1.933,2832755380.0,368222400.0,,,31.686812411847686,38.65275881523274,4.235212976022567,,24.52695700082494,8.347466766297778
