代码,名称,所属行业,现价,半年线,半年线乖离率,股息率,市盈率,市盈率10年分位,市净率,市净率10年分位,总市值,估值数据日期,股息数据日期,价格数据日期
000030,富奥股份,底盘与发动机系统,3.93,4.4054166666666665,-10.791639080677196,3.8167938931297702,10.17454326923076,12.682696841112683,0.8124519230769234,0.3771805752003772,6758856620.661057,2026-09-30,2026-06-26,2026-09-30
000155,川能动力,风力发电,10.88,13.325583333333332,-18.352542415278872,3.952205882352941,37.72764612954192,60.0,1.8734913112164278,31.67464114832536,20086311561.20064,2026-09-30,2026-09-22,2026-09-30
000157,中联重科,工程机械整机,5.97,7.261666666666667,-17.78746844158825,6.700167504187606,11.91624668435013,24.469589816124472,0.9105437665782496,16.784535596416784,51631755358.57171,2026-09-30,2026-07-22,2026-09-30
000521,长虹美菱,冰洗,4.35,5.227416666666667,-16.784900125938563,4.8275862068965525,14.9823347107438,35.81744656268053,0.763946280991735,32.64248704663213,4480168160.609508,2026-09-30,2026-06-23,2026-09-30
000528,柳 工,工程机械整机,7.52,8.5205,-11.742268646206211,4.321553191489361,9.833169590643275,13.518605746585022,0.8355555555555554,17.3810645313236,15324506686.8959,2026-09-30,2026-06-04,2026-09-30
000568,泸州老窖,白酒Ⅲ,72.28,85.50508333333333,-15.467014144383228,7.989930132816822,10.692455172413801,0.8007536504945831,2.0603954022988504,0.5181347150259068,106389037745.63995,2026-09-30,2026-08-28,2026-09-30
000600,建投能源,火电,7.17,8.918583333333334,-19.606065985816144,4.463040446304045,6.355608899297431,0.3045066991473812,1.0662646370023425,68.47669389716482,12929190475.886414,2026-09-30,2026-06-03,2026-09-30
000683,博源化工,纯碱,5.79,6.718166666666666,-13.815773152397714,5.181347150259067,21.036076555023932,79.87773815588385,1.8099521531100513,63.666508763619134,21520454732.215282,2026-09-30,2026-07-07,2026-09-30
000786,北新建材,其他建材,16.6,20.19375,-17.796347879913345,4.1265060240963845,9.855459624174705,5.63180312352106,1.053834433722703,0.946521533364884,28257118297.21687,2026-09-30,2026-06-12,2026-09-30
000858,五 粮 液,白酒Ⅲ,70.06,79.36958333333334,-11.72940935601905,7.361811590065659,21.57997860962566,25.671219971738108,2.3041122994652445,1.4130946773433821,271945456830.30008,2026-09-30,2026-07-16,2026-09-30
000899,赣能股份,火电,9.08,11.089666666666666,-18.12197541254621,6.244493392070484,8.725109628217353,0.28169014084507044,1.4541849380362244,58.460803059273424,8859154060.453773,2026-09-30,2026-06-15,2026-09-30
000915,华特达因,化学制剂,23.83,26.612166666666667,-10.454491366730768,10.490977759127151,12.052938123752488,4.524033930254477,2.2355489021956103,10.273327049952876,5584119287.312174,2026-09-30,2026-07-01,2026-09-30
002001,新 和 成,食品及饲料添加剂,25.95,29.791249999999998,-12.893886627785001,3.853564547206166,11.886048312170947,16.390243902439025,2.2663053576958827,23.560975609756095,79755292595.8393,2026-09-30,2026-05-28,2026-09-30
002027,分众传媒,广告媒体,4.73,5.29575,-10.683094934617376,8.245243128964058,18.97304672897198,31.84173339613754,5.375401869158884,22.468205369759776,68311604703.89163,2026-09-30,2026-09-04,2026-09-30
002085,万丰奥威,轮胎轮毂,9.32,11.592666666666666,-19.604347576053826,3.2188841201716736,20.720357142857146,37.62376237623762,2.625873015873018,48.23196605374823,19789132886.76988,2026-09-30,2026-09-22,2026-09-30
002116,中国海诚,其他专业工程,7.2,8.05475,-10.61175083025544,3.045958333333334,11.975616835994192,2.868447082096934,1.483889695210451,2.8773584905660377,4024460577.9970946,2026-09-30,2026-06-22,2026-09-30
002117,东港股份,印刷,7.79,8.694333333333333,-10.40141088065023,3.8510911424903718,27.049446589446625,53.17946302402261,3.0779021879021884,35.46867640131889,4079786239.0990987,2026-09-30,2026-05-15,2026-09-30
002152,广电运通,其他计算机设备,8.95,10.304416666666667,-13.144040176946781,4.134078212290503,26.25765253360911,26.559546313799622,1.8233195449844863,11.436672967863894,22226276937.414696,2026-09-30,2026-05-28,2026-09-30
002233,塔牌集团,水泥制造,6.86,7.695166666666666,-10.853132918931784,8.89212827988338,19.264772413793104,91.68241965973534,0.690731034482759,2.0321361058601135,8054672484.879999,2026-09-30,2026-09-24,2026-09-30
002249,大洋电机,电机Ⅲ,6.41,7.819500000000001,-18.025449197519027,4.617784711388455,14.411069900142644,0.41741204531902204,1.6367902995720398,64.91477272727273,15813387651.159765,2026-09-30,2026-05-20,2026-09-30
002283,天润工业,底盘与发动机系统,7.52,9.595083333333331,-21.626527475008896,3.590425531914894,20.654182272159808,72.85438765670203,1.4270162297128584,78.20636451301833,8568717978.7665415,2026-09-30,2026-09-10,2026-09-30
002304,洋河股份,白酒Ⅲ,37.25,42.143,-11.610469117053846,3.946308724832215,55.26221335992018,95.1012717852096,1.197719341974078,0.1413094677343382,56115079006.61143,2026-09-30,2026-06-30,2026-09-30
002318,久立特材,特钢Ⅲ,17.83,22.6965,-21.44163196968697,5.608524957936063,11.496841574167526,0.8506616257088847,2.1410393541876878,18.85633270321361,17422953937.24015,2026-09-30,2026-05-28,2026-09-30
002345,潮宏基,钟表珠宝,8.3,9.822416666666667,-15.499410362351417,7.83132530120482,12.900480307396728,12.695109261186262,1.9853025936599438,75.83608101742817,7374655468.203652,2026-09-30,2026-09-23,2026-09-30
002406,远东传动,底盘与发动机系统,6.42,7.161916666666667,-10.35919155719489,4.672897196261682,27.12349056603777,55.92734225621415,1.2012264150943397,43.69024856596558,4688045026.924529,2026-09-30,2026-07-10,2026-09-30
002416,爱施德,专业连锁Ⅲ,8.98,10.355666666666666,-13.284192229697101,5.567928730512249,29.58002185792348,79.64102564102564,2.070797814207647,58.12411179535765,11128750617.97813,2026-09-30,2026-05-28,2026-09-30
002478,常宝股份,特钢Ⅲ,6.28,7.25775,-13.471806000482234,3.1847133757961785,12.912343234323435,63.09164149043303,0.9637623762376218,32.45407442298634,5657050552.17162,2026-09-30,2026-06-26,2026-09-30
002521,齐峰新材,特种纸,6.19,7.1445,-13.359927216740141,4.361873990306947,19.58340707964599,19.240256536753826,0.8947197640117999,47.93545325106787,3466777899.5000043,2026-09-30,2026-08-28,2026-09-30
002532,天山铝业,铝,12.18,13.842583333333332,-12.010643485380246,6.9786535303776684,9.42875294117647,10.759792354884379,1.8723764705882393,49.36290703161868,56378021714.46117,2026-09-30,2026-08-19,2026-09-30
002555,三七互娱,游戏Ⅲ,17.2,19.317,-10.95925868406068,5.348837209302325,11.803921568627446,6.748466257668712,2.894771241830068,14.440773949976403,38050488113.05011,2026-09-30,2026-09-03,2026-09-30
002558,巨人网络,游戏Ⅲ,22.5,27.651500000000002,-18.630092400050636,4.3999999999999995,17.198328577252326,6.123410268487989,2.6783530370974318,43.24069712670749,42762644347.8394,2026-09-30,2026-09-22,2026-09-30
002572,索菲亚,定制家居,7.72,9.050416666666667,-14.700059849914837,10.362694300518136,8.736039360393603,1.1304757418747056,1.129987699876998,1.7899199246349504,7434724105.776139,2026-09-30,2026-05-21,2026-09-30
002588,史丹利,复合肥,7.45,8.896166666666666,-16.25606534649755,3.6241610738255035,7.898379629629628,0.14191106906338694,1.1295717592592602,12.157048249763482,8581595250.827548,2026-09-30,2026-06-11,2026-09-30
002605,姚记科技,游戏Ⅲ,16.47,18.639333333333333,-11.638470617690189,4.250151791135397,14.747074468085087,27.41403674046161,1.8689361702127674,6.7357512953367875,6877332722.361701,2026-09-30,2026-09-14,2026-09-30
002624,完美世界,游戏Ⅲ,9.71,12.883000000000001,-24.629356516339364,3.3985581874356323,35.45075225677033,54.42374854481956,2.863329989969909,23.40726757904672,18837093202.956886,2026-09-30,2026-06-04,2026-09-30
002749,国光股份,农药,8.51,9.503000000000002,-10.44933178996108,8.813160987074031,16.118151071025935,3.1132075471698113,2.667170236753102,4.10377358490566,4735572873.71026,2026-09-30,2026-08-27,2026-09-30
002772,众兴菌业,食用菌,10.58,12.763833333333332,-17.109541282007747,4.253308128544424,8.823849287169041,1.6056196688409432,1.1204887983706728,52.20066256507335,3964775999.0753584,2026-09-30,2026-05-19,2026-09-30
002823,凯中精密,电机,12.72,14.721,-13.592826574281636,3.360715408805031,17.635008000000003,1.035732780942517,2.055552,5.454545454545454,4176853031.7888002,2026-09-30,2026-09-10,2026-09-30
002847,盐津铺子,零食,43.41,50.161583333333326,-13.459669501394655,3.2250633494586505,14.64310649146891,0.4710315591144607,6.172239654834277,19.312293923692888,11728836727.322006,2026-09-30,2026-06-26,2026-09-30
002867,周大生,钟表珠宝,10.14,11.94975,-15.144668298499964,8.875739644970414,9.618939641109296,1.0057471264367817,1.8113050570962492,0.7183908045977011,11006705274.871126,2026-09-30,2026-07-17,2026-09-30
002887,绿茵生态,综合环境治理,8.73,10.979249999999999,-20.486372019946707,3.4364261168384878,19.789222689075643,58.93975903614458,1.1646113445378155,18.55421686746988,2671273615.9632363,2026-09-30,2026-06-04,2026-09-30
002961,瑞达期货,期货,13.35,20.577999999999996,-35.12489065992806,3.970037453183521,9.506818181818161,0.11743981209630064,1.589285714285716,0.11743981209630064,6367061330.665582,2026-09-30,2026-09-23,2026-09-30
002991,甘源食品,零食,38.57,43.304,-10.932015518196936,4.259787399533316,16.198280947775658,7.615230460921844,2.1355246615087045,1.3360053440213762,3595334601.5207925,2026-09-30,2026-09-23,2026-09-30
002993,奥海科技,消费电子零部件及组装,32.27,49.17250000000001,-34.37388784381514,3.71862410907964,25.875194552529234,63.769123783031986,1.90140077821012,14.047287899860919,8907810800.0,2026-09-30,2026-05-28,2026-09-30
003017,大洋生物,无机盐,22.63,25.319999999999997,-10.62401263823064,3.9770216526734425,22.495697329376846,12.867132867132867,1.992156280909992,48.53146853146853,2281104000.0000005,2026-09-30,2026-09-30,2026-09-30
300130,新国都,其他计算机设备,17.95,20.59058333333333,-12.824227903531948,3.0640668523676884,24.294833427442157,19.99057048561999,2.3413043478260893,20.414898632720416,10183132540.158092,2026-09-30,2026-09-03,2026-09-30
300144,宋城演艺,人工景区,5.62,6.4165833333333335,-12.414446940869361,4.448398576512456,18.795364238410603,0.17462165308498254,2.047019867549666,0.3771805752003772,14661876364.834429,2026-09-30,2026-06-12,2026-09-30
300219,鸿利智汇,LED,6.66,7.596666666666666,-12.329969284774013,3.003003003003003,46.48365354330711,72.19570405727923,1.8564094488188998,14.698795180722893,4714903749.855118,2026-09-30,2026-06-18,2026-09-30
300360,炬华科技,电工仪器仪表,11.04,12.84025,-14.020365647086308,5.434782608695652,11.650251256281406,7.866227037211493,1.3869346733668328,3.0617051342439945,5676625870.633165,2026-09-30,2026-06-03,2026-09-30
300415,伊之密,其它专用机械,18.81,21.446333333333335,-12.292699606770396,3.1897926634768736,12.389417475728154,7.9620853080568725,2.825825242718448,19.620853080568722,8813652800.155354,2026-09-30,2026-06-05,2026-09-30
300470,中密控股,其它通用机械,27.14,30.425333333333334,-10.798019194530873,3.6845983787767134,15.779718889269803,0.23573785950023576,1.9631607816249594,0.23573785950023576,5643348761.910183,2026-09-30,2026-06-15,2026-09-30
300481,濮阳惠成,电子化学品Ⅲ,13.31,15.045916666666669,-11.537460329768322,3.005259203606311,34.22571428571432,75.11848341232228,1.6342007722007728,5.639810426540285,3884595879.677218,2026-09-30,2026-09-10,2026-09-30
300533,冰川网络,游戏Ⅲ,13.9,18.056750000000005,-23.020477106899094,14.388489208633093,16.017699775952202,12.677725118483412,3.5502613890963435,67.92275082430524,4562629936.594476,2026-09-30,2026-05-26,2026-09-30
300573,兴齐眼药,化学制剂,36.43,40.846083333333326,-10.811522116563587,3.568487510293714,17.205604534005037,1.702127659574468,6.7170680100755655,23.26241134751773,13017270114.203524,2026-09-30,2026-09-23,2026-09-30
300641,正丹股份,其他化学制品,12.99,15.540083333333333,-16.409714662619777,3.849114703618168,17.382572254335262,15.779557230334431,2.2619869942196544,51.10692416391899,6826827081.524568,2026-09-30,2026-06-18,2026-09-30
300743,天地数码,其他计算机设备,14.41,16.012333333333334,-10.006869704602705,4.510756419153366,18.84631305637983,1.3261296660117878,3.7521587537091965,19.44990176817289,2178854294.3872385,2026-09-30,2026-06-30,2026-09-30
300773,拉卡拉,金融信息服务,14.38,19.468166666666665,-26.135828574852958,5.563282336578582,9.391418873048188,0.7096774193548387,3.426598778004072,21.892497200447927,15635818600.703314,2026-09-30,2026-09-02,2026-09-30
300815,玉禾田,固废治理,14.94,17.891666666666666,-16.497438285980436,3.654618473895583,10.618746835443039,15.298507462686567,1.3048860759493666,5.410447761194029,5954964479.999998,2026-09-30,2026-09-24,2026-09-30
300908,仲景食品,调味发酵品Ⅲ,17.23,24.060916666666667,-28.390093200937894,5.803830528148578,12.76599913494811,0.8492569002123143,1.4755795847750863,0.8492569002123143,2515580000.0000014,2026-09-30,2026-05-15,2026-09-30
300910,瑞丰新材,其他化学制品,28.02,33.82616666666667,-17.164719620412217,5.353319057815846,15.751997182106383,4.160789844851904,3.049728777738639,5.289139633286319,10732844601.510399,2026-09-30,2026-05-29,2026-09-30
301019,宁波色母,其他塑料制品,15.9,18.267833333333336,-12.961763391024306,4.088050314465408,27.583921015514825,66.13798572561458,3.0499294781382216,76.92307692307693,3147501496.6290574,2026-09-30,2026-07-08,2026-09-30
301023,奕帆传动,电机,28.81,33.550916666666666,-14.130513075897088,3.6445678583825067,39.78626497005988,72.48803827751196,3.310130988023953,57.09728867623605,2688567638.615643,2026-09-30,2026-09-30,2026-09-30
301029,怡合达,其他自动化设备,24.11,27.15908333333333,-11.22675348026596,3.0941518042306098,29.52182849936947,15.289256198347106,3.648423707440104,15.123966942148762,15328817625.833538,2026-09-30,2026-09-02,2026-09-30
301219,腾远钴业,钴,39.75,52.524750000000004,-24.321391344080656,5.031446540880504,10.024711316397218,0.3102378490175801,1.5881639722863723,39.41068139963168,15217546043.158215,2026-09-30,2026-06-04,2026-09-30
301238,瑞泰新材,电池化学品,15.95,19.250916666666665,-17.1468025332127,3.3228840125391854,36.283440102498425,56.886227544910184,1.6144138372837924,15.568862275449103,11696666135.000004,2026-09-30,2026-09-24,2026-09-30
301371,敷尔佳,品牌化妆品,20.81,25.467583333333334,-18.288281508191794,3.844305622296973,21.104388557057536,45.91104734576758,1.8448349575605159,1.1477761836441895,10823364240.000004,2026-09-30,2026-05-25,2026-09-30
600066,宇通客车,商用载客车,26.72,30.286666666666665,-11.776359233986355,7.4850299401197615,10.83441095890411,4.428571428571428,5.010508371385085,94.61904761904762,59156456038.9261,2026-09-30,2026-05-15,2026-09-30
600132,重庆啤酒,啤酒,38.03,45.80100000000001,-16.96687845243555,6.5737575598211935,15.394108301633478,0.33285782215882076,14.747368538823006,27.57964812173086,18405424660.26339,2026-09-30,2026-06-18,2026-09-30
600197,伊力特,白酒Ⅲ,9.32,10.674249999999999,-12.687074033304436,4.613733905579399,24.902305418719195,35.3440150801131,1.111054187192118,0.4241281809613572,4409988362.8532,2026-09-30,2026-08-21,2026-09-30
600258,首旅酒店,酒店,11.01,12.610833333333334,-12.69411220511466,4.087193460490464,14.676981907894747,0.7946210268948656,1.050296052631579,0.3768252472915685,12293800417.115128,2026-09-30,2026-06-18,2026-09-30
600273,嘉化能源,其他化学制品,6.2,7.1575,-13.377575969263,5.322580645161289,9.97272727272727,33.63165332077249,0.827272727272727,0.1413094677343382,8130116556.363633,2026-09-30,2026-09-28,2026-09-30
600382,广东明珠,铁矿石,5.64,7.232333333333333,-22.016868691524174,7.322695035460993,20.728831168831164,75.07598784194529,1.3092857142857122,86.04206500956023,3916461621.74026,2026-09-30,2026-05-25,2026-09-30
600389,江山股份,农药,17.89,22.034000000000002,-18.807297812471646,3.074343208496367,13.767922680412363,22.195817490494296,1.8627731958762925,13.97338403041825,7704328500.000001,2026-09-30,2026-06-05,2026-09-30
600480,凌云股份,其他汽车零部件,7.74,9.316416666666667,-16.92084760771756,3.875968992248062,12.23657142857144,4.6749059645351965,1.1978571428571432,33.69771863117871,9460039541.571424,2026-09-30,2026-06-04,2026-09-30
600502,安徽建工,基建市政工程,4.23,4.723583333333334,-10.449341072279172,6.382978723404255,4.691948608137049,1.8660287081339715,0.6068736616702359,0.3827751196172249,7260938557.323339,2026-09-30,2026-06-18,2026-09-30
600507,方大特钢,特钢Ⅲ,4.08,4.579916666666666,-10.915409669025976,4.901960784313726,11.80046838407495,59.849198868991515,0.9650585480093673,3.157398680490104,9437806590.913345,2026-09-30,2026-05-29,2026-09-30
600600,青岛啤酒,啤酒,50.02,55.77858333333334,-10.324004284798672,4.69812075169932,14.590698016164588,0.2384358607534573,2.333776634827335,2.6227944682880304,68237039952.19956,2026-09-30,2026-07-16,2026-09-30
600612,老凤祥,钟表珠宝,31.37,35.454416666666674,-11.52019141949876,4.2078418871533305,9.718125179443007,0.2826189354686764,1.2609244903818542,0.5181347150259068,16410204256.571924,2026-09-30,2026-07-15,2026-09-30
600761,安徽合力,工程机械整机,14.85,17.07341666666667,-13.02268145899329,4.713804713804714,10.878587896253613,10.369318181818182,1.2325072046109509,1.7045454545454544,13226787500.550432,2026-09-30,2026-09-29,2026-09-30
600866,星湖科技,食品及饲料添加剂,4.19,4.953,-15.40480516858469,9.069212410501192,15.203714285714293,33.29682365826944,0.9208791208791219,1.8370230805463967,6961570261.224175,2026-09-30,2026-07-23,2026-09-30
600873,梅花生物,食品及饲料添加剂,7.48,8.597416666666668,-12.997121228275944,5.728609625668449,8.81180487804879,22.279792746113987,1.3774146341463414,1.0833725859632595,20975727542.000008,2026-09-30,2026-07-22,2026-09-30
600933,爱柯迪,底盘与发动机系统,13.27,14.877750000000002,-10.806405538471896,3.0143180105501135,12.065524256651015,0.9000473709142587,1.4536776212832547,0.9474182851729039,13668356018.587635,2026-09-30,2026-06-16,2026-09-30
601021,春秋航空,航空运输,40.76,45.48650000000001,-10.390995130423331,3.1648675171736995,15.201040763226365,0.35816618911174786,2.200615784908933,3.6269430051813467,39876870321.692116,2026-09-30,2026-09-24,2026-09-30
601311,骆驼股份,蓄电池及其他电池,7.36,8.340166666666667,-11.752363062288918,4.891304347826086,11.357323037323042,0.2849002849002849,0.8809266409266413,1.282051282051282,8634355428.612616,2026-09-30,2026-07-06,2026-09-30
601567,三星电气,配电设备,13.67,16.55591666666667,-17.431331195796073,4.6086320409656185,20.1760909690178,67.12199717381064,1.6760843770599856,37.918040508714085,19209212498.000004,2026-09-30,2026-06-10,2026-09-30
601600,中国铝业,铝,8.93,10.072499999999998,-11.342764954082885,3.0235162374020157,10.446955128205131,5.89622641509434,1.8985790598290597,70.66037735849056,153193893950.3772,2026-09-30,2026-08-14,2026-09-30
601717,中创智领,能源及重型设备,13.35,16.365833333333335,-18.427618514180978,9.363295880149813,5.8141283214517205,1.507300989166274,1.0468891769280617,32.35986811116345,23835089065.586517,2026-09-30,2026-06-18,2026-09-30
603006,联明股份,其他汽车零部件,10.83,12.159916666666668,-10.936889644254698,6.463527239150507,26.511839999999975,61.327561327561334,2.1551700000000014,71.23617123617123,2753573527.5000005,2026-09-30,2026-06-02,2026-09-30
603013,亚普股份,底盘与发动机系统,14.26,17.141416666666668,-16.809676368639316,3.155680224403927,12.914549968963371,3.793103448275862,1.6287026691495967,2.167487684729064,7247210982.60459,2026-09-30,2026-09-16,2026-09-30
603018,华设集团,工程咨询服务Ⅲ,5.2,6.1081666666666665,-14.868072798712106,3.173076923076923,14.97153996101364,73.85931558935361,0.8007797270955163,1.0456273764258555,4259568180.8966894,2026-09-30,2026-09-21,2026-09-30
603062,麦加芯彩,涂料油墨,36.84,42.08158333333334,-12.455765487277692,3.664495114006515,23.382657183499276,35.115606936416185,1.9913513513513512,26.589595375722542,3978720000.0000014,2026-09-30,2026-09-28,2026-09-30
603187,海容冷链,制冷空调设备,10.7,12.397583333333335,-13.692856806770159,5.140186915887851,10.629372937293727,2.634351949420443,0.979950495049506,2.73972602739726,4134453688.77063,2026-09-30,2026-06-11,2026-09-30
603202,天有为,汽车电子电气系统,51.3,61.67933333333334,-16.82789481079563,4.873294346978558,10.154575416828228,7.4074074074074066,1.2332687088018603,6.837606837606838,8207999999.999995,2026-09-30,2026-06-17,2026-09-30
603218,日月股份,风电零部件,9.56,10.835083333333333,-11.768098999392407,3.9748953974895396,19.030839378238355,3.9678790741615497,0.9807668393782366,2.314596126594237,9845332540.0,2026-09-30,2026-07-23,2026-09-30
603279,景津装备,其他通用设备,10.94,13.82525,-20.86942369939061,7.312614259597806,13.212600454890064,26.1671469740634,1.4100075815011364,0.1729106628242075,6305520619.999995,2026-09-30,2026-06-01,2026-09-30
603281,江瀚新材,有机硅,18.02,22.627416666666665,-20.362097602834318,5.549389567147614,21.992913385826792,81.52046783625731,2.062131233595803,53.09941520467836,9345835730.991068,2026-09-30,2026-07-03,2026-09-30
603291,XD联合水,水务及水治理,8.53,9.5335,-10.526039754549753,3.2825322391559197,34.81721583652622,34.8502994011976,2.0698595146871033,3.952095808383234,3610071751.7713914,2026-09-30,2026-09-30,2026-09-30
603365,水星家纺,家纺,16.03,18.094749999999998,-11.410768316776942,6.238303181534622,9.964122137404585,4.8768939393939394,1.3897328244274816,20.97537878787879,4207815689.0000005,2026-09-30,2026-06-18,2026-09-30
603379,三美股份,氟化工及制冷剂,49.12,61.38716666666666,-19.983275548906796,4.153094462540717,13.840818449800585,0.11013215859030838,3.7987723252991104,70.37444933920705,29986730297.618862,2026-09-30,2026-09-07,2026-09-30
603416,信捷电气,机器人,46.01,51.702333333333335,-11.009819028154766,3.353618778526407,27.507477516059932,52.459016393442624,2.7684817987152073,25.843780135004824,7222454395.431478,2026-09-30,2026-07-20,2026-09-30
603515,XD欧普照,照明设备Ⅲ,14.87,17.245166666666666,-13.772941210580747,6.388702084734364,12.120552913198575,2.248803827751196,1.697407847800236,1.9617224880382775,11037699867.470882,2026-09-30,2026-09-30,2026-09-30
603520,司太立,化学原料药,8.75,9.760416666666666,-10.352187833511206,3.428571428571429,227.83096926713975,89.00621118012423,1.5514184397163124,9.94291151284491,3836086458.481085,2026-09-30,2026-09-11,2026-09-30
603556,海兴电力,电工仪器仪表,22.45,25.643416666666667,-12.45316374248102,3.5634743875278403,16.080277902285992,38.48327837965144,1.5396010757507819,43.33490343853038,10916630616.801891,2026-09-30,2026-07-07,2026-09-30
603568,伟明环保,固废治理,13.42,16.640333333333334,-19.352577071773403,4.470938897168406,14.195571428571425,15.355628827131419,1.9258571428571392,1.4130946773433821,27490298549.38572,2026-09-30,2026-05-26,2026-09-30
603585,苏利股份,农药,10.53,13.894416666666668,-24.214162763220248,3.376353276353276,16.094273684210517,61.55484558040468,1.0640842105263155,15.424528301886792,2899496690.3842115,2026-09-30,2026-07-09,2026-09-30
603611,诺力股份,工程机械整机,15.47,17.464083333333335,-11.418196393550573,5.384615384615384,10.45321824907522,12.058407913330193,1.3161898890258943,0.3297220913801225,3985084236.750926,2026-09-30,2026-05-08,2026-09-30
603699,纽威股份,金属制品,43.21,51.141,-15.508105042920551,3.725989354316131,19.89571007371006,42.12295869356388,7.973147420147423,91.5465898174832,33499974065.471504,2026-09-30,2026-06-29,2026-09-30
603706,东方环宇,燃气,17.19,19.30475,-10.954557816081522,5.2356020942408374,13.703127392017496,2.4923702950152595,1.9455057408419918,42.31943031536114,3255488853.603611,2026-09-30,2026-06-11,2026-09-30
603733,仙鹤股份,特种纸,17.74,22.052833333333336,-19.556821874740226,3.9458850056369785,14.116982220086495,7.32421875,1.4151081210956271,0.537109375,14498072299.944267,2026-09-30,2026-07-02,2026-09-30
603811,诚意药业,化学制剂,6.99,9.030083333333332,-22.59207648508226,4.291845493562231,16.545320056898994,18.134221799143265,2.3664580369843553,16.658733936220845,3203000075.0825057,2026-09-30,2026-06-26,2026-09-30
603833,欧派家居,定制家居,31.49,36.03941666666666,-12.623447012877097,7.865989202921562,10.40189601494396,4.09990574929312,1.0784246575342473,1.413760603204524,19182223781.79079,2026-09-30,2026-06-25,2026-09-30
603897,长城科技,线缆部件及其他,29.58,36.40608333333333,-18.749842631611468,5.747126436781609,20.01071253071253,29.33597621407334,2.664864864864867,82.06144697720515,6106367443.955777,2026-09-30,2026-09-23,2026-09-30
603966,法兰泰克,能源及重型设备,7.31,8.667499999999999,-15.661955581194109,3.830369357045144,14.947457180500653,11.600378787878787,1.8876943346508577,12.452651515151516,3804086690.1067214,2026-09-30,2026-05-27,2026-09-30
605117,德业股份,逆变器,78.16,95.9385,-18.531142346398997,3.7205731832139204,27.243269230769265,43.701399688958006,9.995461538461544,51.39968895800933,99515737773.57214,2026-09-30,2026-05-22,2026-09-30
605319,XD无锡振,其他汽车零部件,22.22,24.823416666666667,-10.487745106267276,3.2853285328532857,16.503445190156615,15.755627009646304,2.8035973154362406,73.55305466237942,7779170827.389704,2026-09-30,2026-09-30,2026-09-30
605338,巴比食品,预加工食品,17.97,20.051750000000002,-10.381886867729762,6.67779632721202,15.207621359223312,3.443526170798898,2.0548220064724942,25.068870523415974,4305012915.674754,2026-09-30,2026-05-19,2026-09-30
605499,东鹏饮料,软饮料,112.25,139.66966666666667,-19.63179788500963,4.8997772828507795,17.565015537141154,2.6943802925327174,4.326890352175198,3.0023094688221708,82413872547.83218,2026-09-30,2026-09-24,2026-09-30
605599,菜百股份,钟表珠宝,13.54,16.251250000000002,-16.683332051380685,5.760709010339735,8.692662871600263,0.4897959183673469,2.3637191650853877,25.142857142857146,10531111411.999987,2026-09-30,2026-06-11,2026-09-30
688013,天臣医疗,医疗耗材,24.81,27.793166666666668,-10.73345366666867,5.239822652156389,24.645404688191064,5.4945054945054945,3.92834144183989,62.15659340659341,2013470435.9999998,2026-09-30,2026-06-26,2026-09-30
688093,世华科技,其他电子,22.05,28.29625,-22.074479833900252,3.1746031746031744,15.565738161559889,1.25,2.2199164345403917,8.61111111111111,6182440541.699174,2026-09-30,2026-05-28,2026-09-30
688208,XD道通科,其他计算机设备,24.85,29.11683333333333,-14.65418057137622,4.0241448692152915,17.888576349024138,0.6253908692933083,4.726540375047841,27.329580988117574,16654067529.856485,2026-09-30,2026-09-30,2026-09-30
688410,XD山外山,医疗设备,9.38,13.133666666666667,-28.580492880891338,4.264392324093817,25.689452054794536,6.487695749440715,2.3679452054794545,20.246085011185684,4196995360.2328773,2026-09-30,2026-09-30,2026-09-30
