日期,沪深300成交占比,沪深300成交量,市场总成交量,融资余额,融资余额增长率,拥挤度,前5%成交额,全市场成交额
2026-07-03,0.38037285433140305,301067568.0,79150645103.0,2971471291053.0,-0.2977776132549903,49.98809441682157,1601966979130.0,3204697034002.0
2026-07-06,0.3801382480713921,294050543.0,77353579781.0,2960975633262.0,-0.35994942788040163,49.395282163142966,1537079658555.0,3111794469517.0
2026-07-07,0.36048829773509944,246305999.0,68325657323.0,2947938126108.0,-1.3337588087651953,50.09292766513377,1301467931987.0,2598107143362.0
2026-07-08,0.36992725667955817,243928749.0,65939652890.0,2929026172767.0,-2.2870631681287446,51.58355026772099,1331996861592.0,2582212458582.0
2026-07-09,0.39021482912626443,281627705.0,72172476282.0,2925108130823.0,-2.207519578148587,54.23168895268281,1589984014298.0,2931835694229.0
2026-07-10,0.36428020297462627,304130286.0,83488008274.0,2913769459433.0,-1.9418606463989185,53.43720327406207,1822335925761.0,3410238212533.0
2026-07-13,0.3768053503521803,278634853.0,73946628608.0,2880236492526.0,-2.726774912600427,51.366053086286456,1455884674723.0,2834332379553.0
2026-07-14,0.4162073006720637,283250986.0,68055266100.0,2869278937032.0,-2.6682781561582325,54.108620275569606,1471188279177.0,2718953600525.0
2026-07-15,0.401180150202012,278692669.0,69468209945.0,2857612701293.0,-2.438130192825727,51.639410336594274,1335824444985.0,2586831329556.0
2026-07-16,0.3747803327641157,251560977.0,67122246022.0,2829025639574.0,-3.2847500656998485,50.68401897181246,1225649103797.0,2418216093871.0
2026-07-17,0.3928854065662983,302629886.0,77027520224.0,2749144882466.0,-5.649883398772215,49.810340290981756,1330444027195.0,2671019750965.0
2026-07-20,0.42708769333355173,333116058.0,77997110008.0,2689460075224.0,-6.623637253296755,49.10840610578428,1334423056720.0,2717300687474.0
2026-07-21,0.4096041751450964,345403590.0,84326188784.0,2689522075532.0,-6.264879276113245,51.02305542361305,1517144748966.0,2973449426676.0
2026-07-22,0.41534919212275817,285556357.0,68750911863.0,2690267596509.0,-5.856115655850791,54.18599583519549,1446032048267.4001,2668645331656.2603
2026-07-23,0.3918435106452471,247331675.0,63120013036.0,2680447084597.0,-5.251933842472112,51.94920795460962,1147559551971.0,2209002980322.0
2026-07-24,0.38561145039038697,221261212.0,57379315831.0,2658251429621.0,-3.3062445498859283,50.84387815967345,988519328218.0,1944224878192.0
2026-07-27,0.3552800627487501,204786941.0,57640988750.0,2668277615316.0,-0.7876101267737079,54.1623480746497,1131094122104.0,2088340262769.0
2026-07-28,0.37285124000197656,215705045.0,57852843670.0,2638518256626.0,-1.8963896734668473,52.855418527890244,1077809662314.22,2039165883712.5503
2026-07-29,0.36441476175338633,248082357.0,68076923066.0,2612969579252.0,-2.8732464144944125,51.05584449779752,1179895116123.0,2310989324981.0
2026-07-30,0.39637456473195626,274651130.0,69290805828.0,2576311045585.0,-3.88502498745118,51.682405155422686,1218409935335.0,2357494647687.0
2026-07-31,0.3849663560897968,279243698.0,72537169439.0,2580969087282.0,-2.9072623258221464,51.38151921384867,1314886921760.0,2559065870138.0
2026-08-03,0.37181889717978645,232042584.0,62407420860.0,2572174339979.0,-3.601697019281802,48.20076604548046,969124886507.0,2010600590025.0
2026-08-04,0.36117444561403994,242073611.0,67024014002.0,2584145520359.0,-2.0607299619950004,49.93280800070286,1112510462105.0,2228015019883.0
2026-08-05,0.3750646547417151,276921919.0,73833115304.0,2596260777515.0,-0.63945642037605,52.49024328483362,1406456432373.0,2679462590297.0
2026-08-06,0.34278517011549864,247510730.0,72205787058.0,2607270020408.0,1.2016784571123207,,,
2026-08-07,0.3295935948143162,239072020.0,72535396246.0,2614261723809.0,1.2899277519848207,51.45686063016354,1380466721494.0,2682765144605.0
2026-08-10,0.3074888314299916,213075996.0,69295523681.0,2628292549534.0,2.181742064787806,50.455126404917564,1280638475512.0,2538173158530.0
2026-08-11,0.3234563472123376,209699098.0,64830725941.0,2629591926750.0,1.7586628165075835,49.2653103736027,1149909987351.0,2334117005720.0
2026-08-12,0.2933545806488848,184939148.0,63042870369.0,2638979769039.0,1.6454044945704016,48.581281264143875,1052554626688.0,2166584740664.0
2026-08-13,0.289712962362285,215499615.0,74383836071.0,2641368870557.0,1.3078373119046471,49.47092099677396,1270089795512.0,2567346170076.0
2026-08-14,0.2755461866696577,178430696.0,64755276840.0,2639528618798.0,0.9665021202309498,48.30061123611029,1041423327088.0,2156128670913.0
2026-08-17,0.2946506893689947,190569286.0,64676341470.0,2657293929018.0,1.1034304187006017,50.51997980367283,1213556431080.0,2402131663148.0
2026-08-18,0.300480856109654,204245514.0,67972887406.0,2662515847021.0,1.2520543562700936,48.94543601280856,1184172944734.0,2419373574329.0
2026-08-19,0.3473834672064995,244070090.0,70259558396.0,2632847650288.0,-0.23236702391368214,49.2057440682571,1244573637843.0,2529325917959.0
2026-08-20,0.3338795007034396,200874189.0,60163678386.0,2631159204453.0,-0.38652935672127686,47.48259189142253,994064173889.0,2093533933788.0
2026-08-21,0.31194148847769404,171075891.0,54842301303.0,2625000676305.0,-0.5503991276903042,48.223891980182884,912387965881.0,1891983264760.0
2026-08-24,0.363504878507685,206616872.0,56840192310.0,2620815643909.0,-1.3727606385824487,48.859265446056156,987400617849.0,2020907618718.0
2026-08-25,0.2934702811872954,171510168.0,58442090731.0,2620067121369.0,-1.594308845128356,45.914765334951,846524132123.0,1843686069062.0
2026-08-26,0.3168707437188291,184578169.0,58250303210.0,2616772747478.0,-0.6105519553416427,45.38652835305962,826678552659.0,1821418342968.0
2026-08-27,0.32624723128767846,202017250.0,61921521664.0,2628079858862.0,-0.11703379961913729,48.31317900930808,1034173999155.0,2140562927883.0
2026-08-28,0.2848200691370873,180989495.0,63545204363.0,2621917510148.0,-0.1174539185772705,47.89847836294099,1014157432442.0,2117306158992.0
2026-08-31,0.35728350608995413,237447640.0,66459166447.0,2627119731066.0,0.24053913031429897,45.70159138860716,980316151265.0,2145037232794.0
2026-09-01,0.311202235519609,214869581.0,69044999192.0,2628538590190.0,0.3233302212721112,43.227077676416684,886836583225.0,2051576536965.0
2026-09-02,0.3032301391520381,186991888.0,61666656396.0,2623075222140.0,0.2408491401507451,43.10822826902439,784470542744.0,1819769854257.0
2026-09-03,0.30870580542624604,182244060.0,59034866464.0,2619037842940.0,-0.34405407779029007,43.571581136286504,775550668495.0,1779946121462.0
2026-09-04,0.2880716783161882,196997428.0,68384864889.0,2600775237580.0,-0.8063668092596288,43.37210855984535,889463275290.0,2050772500633.0
2026-09-07,0.30928173474546117,183218470.0,59239990409.0,2612303540194.0,-0.563970903069122,46.96229494909549,922232837366.0,1963772933937.0
2026-09-08,0.26720006342485086,173566694.0,64957579641.0,2614217374574.0,-0.5448356615135208,45.72813466825528,904452694361.0,1977891074986.0
2026-09-09,0.2597394299039632,158004433.0,60831901055.0,2611025067608.0,-0.45939035336428624,44.76624659234575,838364068781.0,1872759350176.0
2026-09-10,0.2605608399707791,146922552.0,56387042664.0,2608820537493.0,-0.39011675507256705,44.33708517820087,736868264522.0,1661968218164.0
2026-09-11,0.31817458783936325,204230027.0,64188038519.0,2594311963185.0,-0.24851337791934602,45.902263483139116,911888362743.0,1986586920878.0
2026-09-14,0.29108344057704727,149488418.0,51355864732.0,2589336655930.0,-0.879181301507348,45.94979494538464,754865114418.0,1642804098071.0
2026-09-15,0.2667011138227364,142718095.0,53512373066.0,2590010225672.0,-0.9259807213217952,46.935455489014856,762709427402.0,1625017632098.0
2026-09-16,0.305318640199133,163494523.0,53548818013.0,2599190043080.0,-0.4532711950882229,48.42759994981473,896979762981.0,1852207757375.0
2026-09-17,0.30211425020140026,170025642.0,56278590595.0,2601526431491.0,-0.27959401182150456,49.02413675970369,900256066876.0,1836352715987.0
2026-09-18,0.31548375705620807,189924166.0,60200933250.0,2600276620261.0,0.2299128694097874,48.58932314267356,1016796140130.0,2092632855050.0
2026-09-21,0.2926845148409541,186361542.0,63673181378.0,2614447942309.0,0.9697961183027681,44.682194918041205,915048149251.0,2047903311217.0
2026-09-22,0.27327658147514494,177863876.0,65085663411.0,2617869881550.0,1.0756581422674438,46.42841337216107,999793358942.0,2153408411629.0
2026-09-23,0.2663868458738917,157143829.0,58990836610.0,2616811010134.0,0.6779406954452449,43.28067740167298,771681469135.0,1782969942853.0
2026-09-24,0.2863830169622038,151965787.0,53063826414.0,2599510585033.0,-0.07748706427113117,42.81455055417209,714537949626.0,1668913816395.0
2026-09-28,0.31444458021191934,171277373.0,54469812418.0,2573519012492.0,-1.0290292794431277,43.92824324800196,754030794131.0,1716505688320.0
2026-09-29,0.3043591185853774,148129466.0,48669304435.0,2571471286839.0,-1.6438137770700578,43.09323793101388,612517499415.0,1421377294497.0
2026-09-30,0.3268589299397388,162949626.0,49853196922.0,,,42.89651599312619,621936982658.0,1449854302288.0
