代码,名称,最新价,买入,卖出,昨收,今开,最高,最低,成交量,成交额,涨跌幅,涨跌额,现价,半年线,半年线乖离率,价格达标,价格数据日期,市盈率,市净率,市盈率10年分位,市净率10年分位,估值分位达标,估值数据日期,总市值_估值源,价格错误,估值错误,价格估值错误,数据状态,总市值,股息率,股息率达标,股息数据日期,股息错误,所属行业,行业错误
000030,富奥股份,4.61,4.61,4.62,4.75,4.74,4.76,4.58,13160329.0,61242750.0,-2.947,-0.14,4.61,5.341916666666666,-13.70138683056954,True,2026-05-27,11.935479452054796,0.929217221135029,33.07086614173229,0.09842519685039369,True,2026-05-27,7928327995.495103,,,,正常,7928327995.495103,3.2537960954446854,True,2025-06-30,,汽车零部件,
000090,天健集团,3.18,3.18,3.19,3.28,3.28,3.28,3.18,18186666.0,58310062.0,-3.049,-0.1,3.18,3.7463333333333333,-15.117003292107833,True,2026-05-27,37.18983050847458,0.5299999999999998,98.57213195470212,0.04923682914820286,True,2026-05-27,5941974479.796611,,,,正常,5941974479.796611,3.1446540880503147,True,2025-07-11,,房地产开发,
000157,中联重科,7.25,7.24,7.25,7.44,7.43,7.43,7.2,77423854.0,562162721.0,-2.554,-0.19,7.25,8.551333333333332,-15.217899742730168,True,2026-05-27,14.472043701799482,1.0716580976863757,33.12007874015748,42.273622047244096,False,2026-05-27,62701880460.925446,,,,正常,62701880460.925446,6.896551724137931,True,2026-01-09,,工程机械,
000498,山东路桥,5.18,5.18,5.19,5.24,5.23,5.27,5.13,7714900.0,40010628.0,-1.145,-0.06,5.18,5.9342500000000005,-12.710115010321454,True,2026-05-27,3.747827648114901,0.48359066427289,10.536681437715412,0.04923682914820286,True,2026-05-27,8041646768.193894,,,,正常,8041646768.193894,3.9575289575289574,True,2025-12-24,,基建市政工程,
000501,武商集团,7.73,7.72,7.73,7.66,7.64,7.8,7.39,11046315.0,83804584.0,0.914,0.07,7.73,9.3145,-17.01111170755274,True,2026-05-27,36.86544258373207,0.5362918660287083,90.36381514257621,7.571288102261553,True,2026-05-27,5944313810.482058,,,,正常,5944313810.482058,5.17464424320828,True,2026-05-22,,百货,
000513,丽珠集团,30.58,30.58,30.59,30.73,30.68,30.79,30.16,4397953.0,134079418.0,-0.488,-0.15,30.58,34.427749999999996,-11.176303998954328,True,2026-05-27,13.824489541055266,1.8712706837339987,9.84251968503937,1.9192913385826773,True,2026-05-27,27152201289.055885,,,,正常,27152201289.055885,3.597122302158274,True,2025-06-13,,化学制药,
000521,长虹美菱,5.42,5.42,5.43,5.53,5.5,5.53,5.4,5358026.0,29162701.0,-1.989,-0.11,5.42,6.265666666666666,-13.49683460126615,True,2026-05-27,18.671993127147772,0.9126460481099653,41.77831912302071,54.32645034414946,False,2026-05-27,5582186535.020619,,,,正常,5582186535.020619,6.088560885608856,True,2025-06-11,,冰洗,
000528,柳 工,9.03,9.02,9.03,9.16,9.19,9.19,9.0,25979356.0,234930370.0,-1.419,-0.13,9.03,10.893833333333333,-17.109067821244437,True,2026-05-27,11.804892086330938,0.9651798561151076,29.006882989183875,39.97050147492625,True,2026-05-27,18392719985.093536,,,,正常,18392719985.093536,3.0232513842746402,True,2025-06-26,,工程机械整机,
000563,陕国投Ａ,2.99,2.98,2.99,3.04,3.03,3.05,2.98,36103207.0,108627446.0,-1.645,-0.05,2.99,3.3815000000000004,-11.577702203164275,True,2026-05-27,11.444799999999997,0.8188000000000002,0.049212598425196846,1.9192913385826773,True,2026-05-27,15290771370.88,,,,正常,15290771370.88,4.6822742474916375,True,2026-04-28,,信托,
000568,泸州老窖,91.98,91.98,91.99,90.78,90.48,93.7,88.3,20886922.0,1891879335.0,1.322,1.2,91.98,110.44966666666666,-16.722247539603252,True,2026-05-27,13.60885266071978,2.6218025223008308,11.504424778761061,0.39331366764995085,True,2026-05-27,135389221756.37216,,,,正常,135389221756.37216,6.468797564687975,True,2026-01-30,,白酒Ⅲ,
000596,古井贡酒,93.9,93.9,93.92,92.75,92.01,95.99,90.68,5828031.0,542595895.0,1.24,1.15,93.9,122.60283333333334,-23.41123165995348,True,2026-05-27,17.559900338473113,1.8981289958631067,17.25663716814159,0.19665683382497542,True,2026-05-27,49635540000.0,,,,正常,49635540000.0,6.3897763578274756,True,2026-02-10,,白酒Ⅲ,
000625,长安汽车,8.1,8.09,8.1,8.3,8.25,8.32,8.08,103275550.0,842852950.0,-2.41,-0.2,8.1,10.756666666666666,-24.697861791137278,True,2026-05-27,26.13100107642627,1.03756727664155,68.77094972067039,20.255653883972467,True,2026-05-27,80294685306.78146,,,,正常,80294685306.78146,4.2592592592592595,True,2025-11-28,,综合乘用车,
000661,长春高新,75.81,75.8,75.81,77.76,77.4,77.4,74.5,8316059.0,627951931.0,-2.508,-1.95,75.81,91.19941666666666,-16.874468312571445,True,2026-05-27,32.24613220882899,1.3920533548908651,53.26732673267327,0.04926108374384236,True,2026-05-27,30925744073.393707,,,,正常,30925744073.393707,3.640680648990899,True,2026-05-25,,其他生物制品,
000707,双环科技,4.92,4.92,4.93,5.09,5.07,5.07,4.85,12786806.0,63030691.0,-3.34,-0.17,4.92,6.175749999999999,-20.33356272517507,True,2026-05-27,21.6901300608492,1.0428717948717947,80.24231127679403,0.05807200929152149,True,2026-05-27,2876808589.5179496,,,,正常,2876808589.5179496,3.6890243902439024,True,2025-06-17,,纯碱,
000718,苏宁环球,1.94,1.93,1.94,2.0,1.99,2.01,1.91,27072460.0,52838446.0,-3.0,-0.06,1.94,2.2536666666666667,-13.91805945865997,True,2026-05-27,316.5970833493023,0.6466666666666665,99.47534102833158,4.675196850393701,True,2026-05-27,5887194584.564815,,,,正常,5887194584.564815,3.608247422680412,True,2025-12-11,,房地产开发,
000726,鲁 泰Ａ,5.91,5.91,5.92,5.98,5.99,5.99,5.86,4286740.0,25328686.0,-1.171,-0.07,5.91,7.076583333333334,-16.48512111541587,True,2026-05-27,8.963500000000003,0.4924999999999997,15.748031496062993,1.8700787401574805,True,2026-05-27,4831576337.1909075,,,,正常,4831576337.1909075,3.3840947546531304,True,2025-10-23,,棉纺,
000731,四川美丰,6.0,6.0,6.01,6.06,6.09,6.09,5.92,7139762.0,42747107.0,-0.99,-0.06,6.0,6.978416666666667,-14.020611170155606,True,2026-05-27,43.866999294943824,0.8608695652173914,81.79969496695475,0.34516765285996054,True,2026-05-27,3292955400.0,,,,正常,3292955400.0,4.500000000000001,True,2025-10-20,,氮肥,
000786,北新建材,22.09,22.08,22.09,23.09,23.1,23.18,21.86,23201459.0,514148831.0,-4.331,-1.0,22.09,26.00716666666667,-15.061873970636308,True,2026-05-27,13.113826452599389,1.3426261467889908,29.249011857707508,0.04940711462450593,True,2026-05-27,37602394168.01643,,,,正常,37602394168.01643,3.915799004074242,True,2025-06-13,,其他建材,
000788,北大医药,5.28,5.28,5.29,5.41,5.4,5.4,5.24,13684700.0,72536335.0,-2.403,-0.13,5.28,6.242583333333333,-15.419631295804347,True,2026-05-27,48.98477419354838,2.112,23.732151649433778,3.8404726735598227,True,2026-05-27,3146813604.0000005,,,,正常,3146813604.0000005,4.3181818181818175,True,2026-03-10,,化学制剂,
000789,万年青,4.43,4.43,4.44,4.49,4.49,4.51,4.39,4256620.0,18845015.0,-1.336,-0.06,4.43,5.341833333333333,-17.069670213097876,True,2026-05-27,121.74026351265347,0.5470242914979758,92.94494922501336,3.2480314960629917,True,2026-05-27,3532518999.4676104,,,,正常,3532518999.4676104,3.3860045146726865,True,2025-07-10,,水泥制造,
000858,五 粮 液,83.89,83.89,83.9,83.36,83.0,86.25,81.7,60380066.0,5045124429.0,0.636,0.53,83.89,103.27399999999999,-18.769486995758843,True,2026-05-27,25.841725822207767,2.540465646369262,40.85545722713864,0.09832841691248771,True,2026-05-27,325628095539.7688,,,,正常,325628095539.7688,6.8506377398974845,True,2025-12-18,,白酒Ⅲ,
000888,峨眉山Ａ,10.31,10.31,10.32,10.47,10.41,10.54,10.25,6380789.0,66046569.0,-1.528,-0.16,10.31,12.837750000000002,-19.689976826157242,True,2026-05-27,24.65785900783289,1.99201044386423,31.736526946107784,58.4070796460177,False,2026-05-27,5432474081.637947,,,,正常,5432474081.637947,3.2007759456838016,True,2025-12-26,,自然景区,
000897,津滨发展,1.91,1.9,1.91,1.97,1.97,1.97,1.88,32557092.0,62105717.0,-3.046,-0.06,1.91,2.224583333333334,-14.141224948492248,True,2026-05-27,19.889732361848342,1.029815668202765,71.91689008042896,0.04930966469428008,True,2026-05-27,3088989967.13364,,,,正常,3088989967.13364,4.973821989528796,True,2025-07-28,,房地产开发,
000913,钱江摩托,11.36,11.35,11.36,11.69,11.71,11.71,11.33,5667991.0,64834148.0,-2.823,-0.33,11.36,14.98475,-24.18959275263185,True,2026-05-27,7.021464872944692,1.1207174887892375,0.049164208456243856,0.14749262536873156,True,2026-05-27,5980028959.999999,,,,正常,5980028959.999999,13.204225352112678,True,2026-05-27,,摩托车,
000915,华特达因,27.24,27.24,27.26,27.49,27.46,27.54,27.11,1751921.0,47823429.0,-0.909,-0.25,27.24,31.731166666666663,-14.153802518029057,True,2026-05-27,13.779903314917124,2.1445856353591157,19.42941465814068,3.541564190850959,True,2026-05-27,6383189651.776243,,,,正常,6383189651.776243,9.177679882525698,True,2025-10-17,,化学制剂,
000923,河钢资源,15.93,15.92,15.93,16.7,16.62,16.97,15.84,14677791.0,237913062.0,-4.611,-0.77,15.93,20.254416666666668,-21.350487342266923,True,2026-05-27,22.41313953488375,1.0320099667774085,64.60176991150442,23.05801376597837,True,2026-05-27,10397972349.029905,,,,正常,10397972349.029905,3.1387319522912747,True,2025-06-25,,铁矿石,
000928,中钢国际,5.98,5.97,5.98,6.16,6.13,6.17,5.93,18072096.0,108740645.0,-2.922,-0.18,5.98,6.699166666666667,-10.735166065431024,True,2026-05-27,18.94407132243685,0.9951857355126301,96.93524468610974,6.870983687592684,True,2026-05-27,8579174833.286776,,,,正常,8579174833.286776,5.0,True,2025-06-13,,国际工程承包,
000963,华东医药,29.39,29.39,29.4,29.2,29.05,29.62,28.72,12696001.0,370042076.0,0.651,0.19,29.39,36.519749999999995,-19.522997829941325,True,2026-05-27,14.721509320505106,2.005871918220083,6.047197640117994,0.19665683382497542,True,2026-05-27,51542325962.29586,,,,正常,51542325962.29586,3.164341612793467,True,2025-09-18,,化学制剂,
000999,华润三九,24.53,24.53,24.54,24.21,24.12,24.56,24.01,10960050.0,266400432.0,1.322,0.32,24.53,27.98625,-12.349814641118396,True,2026-05-27,12.647385035074048,1.7589711613406074,3.3939990162321694,6.0009837678307925,True,2026-05-27,40823264056.47234,,,,正常,40823264056.47234,3.1390134529147984,True,2025-10-17,,中药,
001206,依依股份,16.9,16.9,16.91,17.37,17.66,17.66,16.76,2587056.0,43807005.0,-2.706,-0.47,16.9,24.3055,-30.46841249922857,True,2026-05-27,19.949557982319288,1.6785751430057212,24.56861133935908,34.511092851273624,True,2026-05-27,3124705355.3406134,,,,正常,3124705355.3406134,6.6863905325443795,True,2026-05-18,,生活用纸,
001311,多利科技,21.2,21.19,21.2,22.06,21.9,22.15,21.03,4810338.0,103184049.0,-3.898,-0.86,21.2,32.81216666666667,-35.38981983309037,True,2026-05-27,31.77652641569125,1.4017083201518505,86.20689655172413,20.051085568326947,True,2026-05-27,6582797880.974374,,,,正常,6582797880.974374,3.160377358490566,True,2025-06-10,,其他汽车零部件,
001323,慕思股份,20.43,20.43,20.44,20.7,20.8,20.88,20.07,1231560.0,25030472.0,-1.304,-0.27,20.43,25.611583333333332,-20.231405711608353,True,2026-05-27,17.571447580645163,1.9276693548387098,55.81395348837209,0.10570824524312897,True,2026-05-27,8888700008.355244,,,,正常,8888700008.355244,7.097405775819873,True,2025-09-26,,成品家居,
002004,华邦健康,4.51,4.5,4.51,4.6,4.6,4.61,4.47,21649100.0,97976969.0,-1.957,-0.09,4.51,5.130583333333334,-12.095765588708252,True,2026-05-27,13.057700205338806,0.861252566735113,8.015695067264573,9.526159921026652,True,2026-05-27,8929435551.252567,,,,正常,8929435551.252567,4.434589800443459,True,2025-09-16,,化学制剂,
002007,华兰生物,13.5,13.5,13.51,13.6,13.54,13.63,13.31,10875012.0,146232606.0,-0.735,-0.1,13.5,15.081083333333332,-10.483884336337457,True,2026-05-27,28.764099037138934,2.1076341127922973,28.098765432098766,0.04938271604938272,True,2026-05-27,24670664991.334255,,,,正常,24670664991.334255,5.185185185185185,True,2025-10-27,,疫苗,
002027,分众传媒,5.48,5.48,5.49,5.53,5.55,5.56,5.42,144415693.0,791204327.0,-0.904,-0.05,5.48,6.833833333333333,-19.81074555520327,True,2026-05-27,21.981376000000004,5.120512,53.04818092428712,15.29006882989184,True,2026-05-27,79143254498.91841,,,,正常,79143254498.91841,6.934306569343065,True,2025-11-25,,广告媒体,
002035,华帝股份,5.11,5.1,5.11,5.22,5.17,5.22,5.08,8531280.0,43725769.0,-2.107,-0.11,5.11,6.1185833333333335,-16.48393555153017,True,2026-05-27,14.644617996604417,1.1278438030560276,53.37272279665189,0.04923682914820286,True,2026-05-27,4331509987.962649,,,,正常,4331509987.962649,7.8277886497064575,True,2026-02-04,,厨房电器,
002043,兔 宝 宝,12.96,12.95,12.96,13.43,13.4,13.49,12.76,10188240.0,132069268.0,-3.5,-0.47,12.96,14.743500000000001,-12.096856241733644,True,2026-05-27,14.352466019417475,3.1204660194174756,41.045880611741495,39.12185495806611,False,2026-05-27,10753618060.799995,,,,正常,10753618060.799995,4.62962962962963,True,2025-09-05,,其他建材,
002088,鲁阳节能,8.72,8.72,8.73,9.02,9.01,9.01,8.66,2710686.0,23787718.0,-3.326,-0.3,8.72,10.907583333333333,-20.055618797319894,True,2026-05-27,18.502897754159466,1.7665143992055607,68.21094135041893,12.930186823992134,True,2026-05-27,4474428949.902684,,,,正常,4474428949.902684,9.174311926605505,True,2025-06-13,,耐火材料,
002101,广东鸿图,9.02,9.01,9.02,9.23,9.22,9.28,8.98,6376051.0,57826695.0,-2.275,-0.21,9.02,11.526916666666667,-21.74837156510486,True,2026-05-27,19.281366336633667,0.7501782178217824,44.17077175697865,1.1799410029498525,True,2026-05-27,5978663559.130693,,,,正常,5978663559.130693,3.4700665188470072,True,2025-07-07,,其他汽车零部件,
002116,中国海诚,8.9,8.9,8.91,9.07,9.04,9.06,8.84,2617400.0,23348003.0,-1.874,-0.17,8.9,10.455250000000001,-14.875301881829706,True,2026-05-27,12.333502538071068,1.4727918781725886,1.2415933781686497,0.04923682914820286,True,2026-05-27,4145567036.4162464,,,,正常,4145567036.4162464,3.476168539325842,True,2025-06-26,,其他专业工程,
002117,东港股份,9.39,9.39,9.4,9.77,9.7,9.75,9.35,9573800.0,90706748.0,-3.889,-0.38,9.39,11.387833333333333,-17.54357720959503,True,2026-05-27,32.604412041392294,3.3213922859830682,75.31956735496559,44.49360865290069,False,2026-05-27,4917739767.759173,,,,正常,4917739767.759173,3.1948881789137378,True,2026-05-15,,印刷,
002206,海 利 得,5.27,5.27,5.28,5.43,5.43,5.45,5.24,14420749.0,76607663.0,-2.947,-0.16,5.27,6.099749999999999,-13.603016517070365,True,2026-05-27,12.302370129870129,1.4886038961038957,5.624074987666503,17.661568820917612,True,2026-05-27,6124832049.228895,,,,正常,6124832049.228895,3.7950664136622394,True,2026-05-21,,涤纶,
002215,诺 普 信,9.18,9.17,9.18,9.27,9.27,9.35,9.04,12484874.0,114232730.0,-0.971,-0.09,9.18,10.774750000000001,-14.800807443328157,True,2026-05-27,11.886142180094792,1.8882085308056864,0.09857072449482504,17.44701823558403,True,2026-05-27,9222538376.235065,,,,正常,9222538376.235065,3.812636165577342,True,2025-05-30,,其他种植业,
002223,鱼跃医疗,27.48,27.47,27.48,27.51,27.35,27.77,27.11,11084079.0,303691555.0,-0.109,-0.03,27.48,35.530833333333334,-22.658723643783564,True,2026-05-27,21.43440000000001,2.0152000000000005,52.015732546706,0.14749262536873156,True,2026-05-27,27548066008.920002,,,,正常,27548066008.920002,5.094614264919942,True,2026-05-26,,医疗设备,
002228,合兴包装,3.4,3.4,3.41,3.48,3.49,3.51,3.38,18952903.0,64691313.0,-2.299,-0.08,3.4,4.249750000000001,-19.995293840814178,True,2026-05-27,43.69597989949747,1.366834170854272,94.14945919370699,54.572271386430685,False,2026-05-27,4125511138.241206,,,,正常,4125511138.241206,8.235294117647058,True,2026-01-08,,纸包装,
002270,华明装备,23.25,23.25,23.26,23.26,23.37,24.15,23.1,18716002.0,441086445.0,-0.043,-0.01,23.25,27.881416666666667,-16.611123896741255,True,2026-05-27,29.7041396103896,6.671164772727271,87.5984251968504,93.15944881889764,False,2026-05-27,20837241270.900974,,,,正常,20837241270.900974,3.56989247311828,True,2026-04-30,,输变电设备,
002303,美盈森,3.33,3.33,3.34,3.39,3.38,3.4,3.29,13584074.0,45258051.0,-1.77,-0.06,3.33,3.841416666666667,-13.31323079593032,True,2026-05-27,21.077386363636357,1.135227272727273,46.92269817823732,37.17380600689316,False,2026-05-27,5099307870.860796,,,,正常,5099307870.860796,5.9159159159159165,True,2025-11-25,,纸包装,
002304,洋河股份,45.21,45.21,45.22,44.19,44.0,46.21,43.41,12688630.0,568525088.0,2.308,1.02,45.21,55.00808333333334,-17.812079133824277,True,2026-05-27,67.0661801242236,1.3853167701863356,99.50835791543756,0.39331366764995085,True,2026-05-27,68106381795.35279,,,,正常,68106381795.35279,5.124972351249724,True,2025-06-27,,白酒Ⅲ,
002315,焦点科技,27.3,27.29,27.3,27.28,27.2,27.84,27.07,7745160.0,212202593.0,0.073,0.02,27.3,33.69575,-18.980880378089214,True,2026-05-27,23.00216199756396,3.00931790499391,23.69714847590954,60.22615535889872,True,2026-05-27,11258700971.400728,,,,正常,11258700971.400728,4.761904761904762,True,2026-04-23,,跨境电商,
002322,理工能科,11.2,11.2,11.21,11.53,11.53,11.56,11.16,4577100.0,51576541.0,-2.862,-0.33,11.2,12.733666666666666,-12.044187324939138,True,2026-05-27,19.932514332514323,1.4401310401310394,60.38385826771654,38.188976377952756,False,2026-05-27,4093913264.275184,,,,正常,4093913264.275184,8.839285714285714,True,2026-04-30,,垂直应用软件,
002345,潮宏基,9.0,8.99,9.0,9.34,9.24,9.27,8.91,17257978.0,155582005.0,-3.64,-0.34,9.0,11.694666666666668,-23.041842435298154,True,2026-05-27,13.98474737845568,1.9904671115347952,19.039825422804146,78.85939036381514,True,2026-05-27,7996614362.631072,,,,正常,7996614362.631072,7.777777777777778,True,2026-05-21,,钟表珠宝,
002372,伟星新材,9.51,9.5,9.51,9.78,9.78,9.79,9.48,8404153.0,80261415.0,-2.761,-0.27,9.51,10.675833333333333,-10.920302864725628,True,2026-05-27,20.28014299332698,3.027969494756912,32.7084361124815,0.049333991119881605,True,2026-05-27,15140281265.771212,,,,正常,15140281265.771212,9.989484752891693,True,2026-05-08,,管材,
002393,力生制药,14.71,14.71,14.73,14.91,14.9,14.96,14.58,2116304.0,31126513.0,-1.341,-0.2,14.71,17.42008333333333,-15.557235183528572,True,2026-05-27,11.010212121212119,0.8201939393939395,2.55653883972468,11.504424778761061,True,2026-05-27,4544863603.0957575,,,,正常,4544863603.0957575,6.118286879673692,True,2026-04-28,,化学制剂,
002394,联发股份,10.37,10.37,10.39,10.51,10.51,10.74,10.28,6511050.0,67859868.0,-1.332,-0.14,10.37,14.171250000000002,-26.823674693481536,True,2026-05-27,13.869177555726369,0.7731667947732513,76.84365781710915,51.2291052114061,False,2026-05-27,3356769000.0,,,,正常,3356769000.0,4.821600771456123,True,2026-05-25,,棉纺,
002404,嘉欣丝绸,6.06,6.05,6.06,6.23,6.26,6.26,6.0,8744660.0,53043908.0,-2.729,-0.17,6.06,6.749416666666667,-10.214462978282079,True,2026-05-27,18.298657342657336,1.6357762237762237,29.545454545454547,8.646245059288537,True,2026-05-27,3393912338.332867,,,,正常,3393912338.332867,4.9504950495049505,True,2026-04-30,,非运动服装,
002410,广联达,9.78,9.78,9.79,9.94,9.9,10.04,9.75,26856555.0,264905663.0,-1.61,-0.16,9.78,12.155916666666666,-19.545351714871362,True,2026-05-27,39.45605286343612,2.66257268722467,2.0648967551622417,0.9341199606686332,True,2026-05-27,16156015665.01849,,,,正常,16156015665.01849,3.885480572597137,True,2026-05-11,,垂直应用软件,
002469,三维化学,6.3,6.3,6.31,6.5,6.51,6.52,6.25,8083879.0,51260531.0,-3.077,-0.2,6.3,8.47825,-25.692212425913365,True,2026-05-27,30.515625000000004,1.5392045454545464,65.33923303834808,21.58308751229105,True,2026-05-27,4087834568.8210225,,,,正常,4087834568.8210225,4.761904761904762,True,2026-05-22,,化学工程,
002483,润邦股份,5.8,5.79,5.8,5.87,5.88,5.92,5.74,11882153.0,68896374.0,-1.193,-0.07,5.8,7.047833333333333,-17.70520490931019,True,2026-05-27,14.32941176470588,1.1133126934984525,14.15929203539823,26.10619469026549,True,2026-05-27,5141516795.417956,,,,正常,5141516795.417956,5.172413793103448,True,2025-06-06,,能源及重型设备,
002508,老板电器,17.38,17.38,17.39,17.7,17.7,17.73,17.2,4278500.0,74349459.0,-1.808,-0.32,17.38,19.878083333333333,-12.567023145256295,True,2026-05-27,13.431717391304348,1.3885108695652173,27.277203348104383,0.14771048744460857,True,2026-05-27,16423038359.702177,,,,正常,16423038359.702177,5.753739930955121,True,2025-09-12,,厨房电器,
002540,亚太科技,5.49,5.49,5.51,5.68,5.66,5.67,5.45,12824200.0,70824158.0,-3.345,-0.19,5.49,6.849500000000001,-19.84816409956932,True,2026-05-27,18.49263157894738,1.2280263157894735,72.56637168141593,18.53490658800393,True,2026-05-27,6868779862.914476,,,,正常,6868779862.914476,5.46448087431694,True,2025-09-23,,铝,
002543,万和电气,7.56,7.56,7.57,7.78,7.78,7.79,7.53,4569659.0,34762294.0,-2.828,-0.22,7.56,9.340333333333335,-19.060704471646282,True,2026-05-27,48.47029726516052,1.1596195005945318,99.16420845624386,0.39331366764995085,True,2026-05-27,5621616000.0,,,,正常,5621616000.0,3.4391534391534395,True,2025-09-12,,卫浴电器,
002555,三七互娱,19.52,19.51,19.52,19.65,19.66,20.02,19.39,30357012.0,597839580.0,-0.662,-0.13,19.52,23.186083333333332,-15.811568002357735,True,2026-05-27,13.38888590604027,2.9782192393736024,15.911330049261082,16.699507389162562,True,2026-05-27,43182879532.814316,,,,正常,43182879532.814316,5.276639344262295,True,2026-05-22,,游戏Ⅲ,
002556,辉隆股份,5.2,5.19,5.2,5.28,5.3,5.31,5.16,8903200.0,46423915.0,-1.515,-0.08,5.2,6.1405,-15.316342317400867,True,2026-05-27,29.761333333333337,1.343333333333333,39.94082840236686,8.875739644970414,True,2026-05-27,4921894016.0,,,,正常,4921894016.0,4.8076923076923075,True,2025-12-24,,农业综合Ⅲ,
002572,索菲亚,9.38,9.37,9.38,9.66,9.66,9.68,9.29,11636597.0,109588838.0,-2.899,-0.28,9.38,13.252666666666668,-29.221791840635845,True,2026-05-27,10.615642087821044,1.227870753935378,2.6548672566371683,0.049164208456243856,True,2026-05-27,9033382397.94698,,,,正常,9033382397.94698,19.189765458422173,True,2026-05-21,,定制家居,
002588,史丹利,9.25,9.25,9.26,9.51,9.45,9.56,9.15,13367785.0,124314446.0,-2.734,-0.26,9.25,10.360916666666666,-10.722185134841666,True,2026-05-27,9.808782527881043,1.349674721189591,0.7901234567901235,60.29629629629629,True,2026-05-27,10655000815.171936,,,,正常,10655000815.171936,3.297297297297298,True,2025-09-25,,复合肥,
002601,龙佰集团,14.72,14.72,14.73,15.33,15.34,15.38,14.6,37228400.0,552115561.0,-3.979,-0.61,14.72,18.91675,-22.1853648221814,True,2026-05-27,47.08456182472991,1.5373829531812728,99.31068439192516,0.04923682914820286,True,2026-05-27,35096131384.355354,,,,正常,35096131384.355354,4.076086956521738,True,2025-12-17,,钛白粉,
002612,朗姿股份,13.77,13.76,13.77,14.83,14.84,14.92,13.72,10468508.0,146848487.0,-7.148,-1.06,13.77,18.242833333333337,-24.518303991521805,True,2026-05-27,6.402287822878224,1.820756457564576,0.05230125523012552,31.071779744346117,True,2026-05-27,6092472814.17343,,,,正常,6092472814.17343,8.714596949891067,True,2026-05-26,,非运动服装,
002677,浙江美大,7.22,7.22,7.23,7.53,7.5,7.5,7.2,7218700.0,52695257.0,-4.117,-0.31,7.22,8.396833333333333,-14.015204144419524,True,2026-05-27,700.5500363636365,3.1680484848484856,99.60532807104094,19.240256536753826,True,2026-05-27,4664492891.558788,,,,正常,4664492891.558788,4.1551246537396125,True,2025-05-28,,厨房电器,
002690,美亚光电,15.6,15.59,15.6,15.8,15.87,15.93,15.45,4739250.0,73947324.0,-1.266,-0.2,15.6,18.533333333333335,-15.827338129496415,True,2026-05-27,18.94407894736844,4.5500000000000025,2.4606299212598426,0.7381889763779528,True,2026-05-27,13762770840.000002,,,,正常,13762770840.000002,4.487179487179487,True,2026-05-14,,其它专用机械,
002705,新宝股份,12.43,12.43,12.44,12.69,12.68,12.68,12.33,9696254.0,120781533.0,-2.049,-0.26,12.43,14.557666666666668,-14.615437455636215,True,2026-05-27,12.135649526387011,1.1605818673883623,19.447186574531095,0.04935834155972359,True,2026-05-27,10091615945.063599,,,,正常,10091615945.063599,4.827031375703942,True,2025-10-17,,厨房小家电,
002714,牧原股份,37.76,37.76,37.77,38.29,38.21,38.25,37.5,41050177.0,1550980157.0,-1.384,-0.53,37.76,46.259,-18.372640999589272,True,2026-05-27,22.28629740289589,2.5254332337393706,57.28770595690747,0.04918839153959665,True,2026-05-27,217988281646.7461,,,,正常,217988281646.7461,5.108024894067798,True,2026-05-27,,生猪养殖,
002727,一心堂,11.54,11.54,11.55,11.56,11.52,11.62,11.34,5889843.0,67737246.0,-0.173,-0.02,11.54,13.048916666666667,-11.563539757451135,True,2026-05-27,24.208716744913918,0.9029733959311425,46.59427443237907,0.8884501480750246,True,2026-05-27,6757871602.951488,,,,正常,6757871602.951488,4.332755632582322,True,2025-09-25,,线下药店,
002736,国信证券,10.13,10.13,10.14,10.24,10.23,10.33,10.08,24239370.0,246242321.0,-1.074,-0.11,10.13,12.086083333333333,-16.184592472058068,True,2026-05-27,9.564604651162787,1.036558139534884,2.1140609636184857,7.128810226155359,True,2026-05-27,103748857197.8,,,,正常,103748857197.8,4.4422507403751235,True,2026-02-11,,证券,
002749,国光股份,9.23,9.22,9.23,9.51,9.42,9.47,9.06,3573071.0,32906632.0,-2.944,-0.28,9.23,13.249249999999998,-30.335679378077995,True,2026-05-27,14.65683042789224,2.303843106180666,0.04923682914820286,0.04923682914820286,True,2026-05-27,4304489416.500001,,,,正常,4304489416.500001,9.750812567713977,True,2026-05-22,,农药,
002758,浙农股份,8.3,8.3,8.31,8.38,8.38,8.4,8.2,4617402.0,38184080.0,-0.955,-0.08,8.3,9.933833333333332,-16.447158700065422,True,2026-05-27,7.960287610619471,0.8263274336283187,0.5899705014749262,0.344149459193707,True,2026-05-27,4306060741.736726,,,,正常,4306060741.736726,3.614457831325301,True,2025-05-27,,综合Ⅲ,
002772,众兴菌业,13.83,13.82,13.83,14.07,14.06,14.09,13.69,5678500.0,78651442.0,-1.706,-0.24,13.83,15.65725,-11.670312475051492,True,2026-05-27,11.533116197183102,1.4284507042253523,3.9915966386554618,81.86758893280633,True,2026-05-27,5182689231.130281,,,,正常,5182689231.130281,3.2537960954446854,True,2026-05-19,,食用菌,
002790,瑞尔特,6.43,6.43,6.45,6.62,6.61,6.65,6.4,4596900.0,29757449.0,-2.87,-0.19,6.43,8.192499999999999,-21.513579493439117,True,2026-05-27,23.106304830295638,1.2997724230254344,84.6646942800789,1.3274336283185841,True,2026-05-27,2686918889.0,,,,正常,2686918889.0,3.1104199066874028,True,2025-06-19,,卫浴制品,
002809,红墙股份,9.13,9.12,9.13,9.38,9.37,9.42,9.02,9252680.0,84740917.0,-2.665,-0.25,9.13,11.619916666666665,-21.42800794612696,True,2026-05-27,886.0095710825944,1.24154486586494,93.68524913665516,14.55260570304818,True,2026-05-27,2193575745.0869555,,,,正常,2193575745.0869555,3.285870755750273,True,2025-06-19,,其他化学制品,
002811,郑中设计,11.98,11.98,11.99,12.48,12.46,12.48,11.91,8858750.0,106849428.0,-4.006,-0.5,11.98,14.409916666666668,-16.862808598245426,True,2026-05-27,22.34481614996396,2.539379956741168,18.765743073047858,85.10848126232742,True,2026-05-27,3689480659.5976934,,,,正常,3689480659.5976934,3.7562604340567614,True,2025-09-25,,装修装饰,
002836,新宏泽,11.56,11.55,11.56,11.84,11.84,11.84,11.3,3299836.0,37950495.0,-2.365,-0.28,11.56,14.442833333333333,-19.96030326459489,True,2026-05-27,62.2237749814952,6.70839378238342,69.37069813176008,90.0196656833825,False,2026-05-27,2663424000.0,,,,正常,2663424000.0,3.8927335640138407,True,2026-05-27,,纸包装,
002852,道道全,8.05,8.04,8.05,8.24,8.21,8.22,7.96,6485800.0,52191773.0,-2.306,-0.19,8.05,10.252,-21.47873585641826,True,2026-05-27,19.105451541850222,1.223458149779736,33.51735015772871,2.753195673549656,True,2026-05-27,2768944854.895375,,,,正常,2768944854.895375,3.677018633540372,True,2026-04-21,,粮油加工,
002879,长缆科技,15.99,15.98,15.99,16.23,16.25,16.46,15.9,4904760.0,78894789.0,-1.479,-0.24,15.99,19.604333333333333,-18.43640011562069,True,2026-05-27,23.271467741935478,1.7365483870967746,38.50320039389463,33.57951747907435,False,2026-05-27,3087791163.6000004,,,,正常,3087791163.6000004,3.1269543464665412,True,2026-04-21,,线缆部件及其他,
002911,佛燃能源,11.45,11.45,11.46,11.7,11.67,11.73,11.38,5269698.0,60501752.0,-2.137,-0.25,11.45,13.069416666666665,-12.390887121970495,True,2026-05-27,14.398951342281874,3.515687919463088,3.687315634218289,75.46705998033431,True,2026-05-27,14864113253.884218,,,,正常,14864113253.884218,4.541484716157205,True,2026-04-24,,燃气,
002949,华阳国际,12.42,12.4,12.42,12.9,12.98,12.99,12.2,4391600.0,54805067.0,-3.721,-0.48,12.42,14.579166666666667,-14.809945698771088,True,2026-05-27,26.29818430034129,1.6616518771331061,59.129937034917,9.387521465369204,True,2026-05-27,2434907938.2143345,,,,正常,2434907938.2143345,4.428341384863124,True,2026-05-27,,工程咨询服务Ⅲ,
002968,新大正,10.04,10.03,10.04,10.32,10.32,10.36,9.84,5071870.0,50772600.0,-2.713,-0.28,10.04,12.13425,-17.258998289964367,True,2026-05-27,23.883155299917828,1.8232046014790468,39.052496798975675,14.404609475032009,True,2026-05-27,2271828941.229252,,,,正常,2271828941.229252,3.336653386454184,True,2025-12-24,,物业管理,
002984,森麒麟,15.83,15.82,15.83,15.89,15.78,15.96,15.57,13116311.0,206453342.0,-0.378,-0.06,15.83,19.359083333333334,-18.229599369804873,True,2026-05-27,16.858902802623728,1.2082528324388795,37.735849056603776,0.5805515239477503,True,2026-05-27,16404421168.24151,,,,正常,16404421168.24151,3.7271004421983585,True,2025-11-10,,轮胎轮毂,
002991,甘源食品,46.2,46.19,46.2,46.55,46.98,46.98,45.0,861900.0,39629997.0,-0.752,-0.35,46.2,55.21691666666666,-16.329989450696715,True,2026-05-27,19.398648648648656,2.4170270270270278,23.508522727272727,0.07102272727272728,True,2026-05-27,4306571392.378379,,,,正常,4306571392.378379,5.116883116883116,True,2025-09-12,,零食,
003010,若羽臣,25.87,25.87,25.88,26.06,26.07,26.2,25.26,5338587.0,137545317.0,-0.729,-0.19,25.87,33.00025,-21.6066544950417,True,2026-05-27,33.626681135225375,10.166607679465775,20.23217247097844,82.67543859649122,True,2026-05-27,8047108643.947243,,,,正常,8047108643.947243,3.092385001932741,True,2025-09-15,,电商服务,
003015,日久光电,13.02,13.02,13.03,13.38,13.32,13.48,12.89,5872300.0,76996026.0,-2.691,-0.36,13.02,15.598833333333335,-16.53221928990417,True,2026-05-27,42.132617007251156,3.158444297956493,34.406912804399056,50.03706449221645,False,2026-05-27,3659488004.005273,,,,正常,3659488004.005273,3.0721966205837177,True,2026-05-21,,光学元件,
300146,汤臣倍健,9.71,9.7,9.71,9.77,9.79,9.81,9.58,13203605.0,127951264.0,-0.614,-0.06,9.71,11.163333333333332,-13.018811585547907,True,2026-05-27,22.518740530303035,1.4252367424242425,32.13885778275476,0.049164208456243856,True,2026-05-27,16426183970.678978,,,,正常,16426183970.678978,4.634397528321318,True,2026-04-21,,保健品,
300224,正海磁材,12.75,12.75,12.76,13.19,13.15,13.31,12.69,21039115.0,271889056.0,-3.336,-0.44,12.75,15.236583333333332,-16.319822357374512,True,2026-05-27,41.64442013129103,2.2877461706783366,39.93307306190742,17.895771878072765,True,2026-05-27,11866430316.684898,,,,正常,11866430316.684898,3.1372549019607843,True,2026-05-12,,磁性材料,
300306,远方信息,11.2,11.2,11.21,11.6,11.61,11.78,11.1,3995260.0,44979324.0,-3.448,-0.4,11.2,13.109,-14.56251430315051,True,2026-05-27,42.69945525291828,2.013385214007782,83.09938236945537,50.518006906758764,False,2026-05-27,3012338313.338521,,,,正常,3012338313.338521,3.3214285714285716,True,2026-05-19,,仪器仪表,
300470,中密控股,31.05,31.05,31.06,31.95,31.96,32.22,30.91,3367980.0,105540217.0,-2.817,-0.9,31.05,36.57658333333334,-15.109621593050203,True,2026-05-27,18.059973521624002,2.174139452780229,0.9350393700787403,0.049212598425196846,True,2026-05-27,6457211934.187999,,,,正常,6457211934.187999,3.22061191626409,True,2025-10-20,,其它通用机械,
300532,今天国际,7.22,7.21,7.22,7.46,7.48,7.49,7.15,9174101.0,66597965.0,-3.217,-0.24,7.22,8.218833333333333,-12.152981972299393,True,2026-05-27,21.14618404907976,1.780638036809815,27.021494370522003,0.049164208456243856,True,2026-05-27,4589322966.000003,,,,正常,4589322966.000003,6.9252077562326875,True,2026-05-06,,IT服务Ⅲ,
300533,冰川网络,16.52,16.52,16.54,17.5,17.65,17.71,16.5,8298535.0,140767896.0,-5.6,-0.98,16.52,31.89316666666667,-48.2020704539635,True,2026-05-27,13.595598750433876,2.545949323151683,5.816135084427768,42.18289085545723,True,2026-05-27,3873311744.572025,,,,正常,3873311744.572025,12.106537530266344,True,2026-05-26,,游戏Ⅲ,
300573,兴齐眼药,40.19,40.19,40.2,41.9,41.79,42.08,39.41,10185012.0,414280605.0,-4.081,-1.71,40.19,47.501083333333334,-15.3914033539586,True,2026-05-27,13.093497011101618,4.530384286934244,0.04935834155972359,15.399802566633761,True,2026-05-27,9904002690.118563,,,,正常,9904002690.118563,4.229907937297836,True,2026-05-22,,化学制剂,
300627,华测导航,28.52,28.51,28.52,29.37,29.44,29.75,28.5,10455037.0,302719077.0,-2.894,-0.85,28.52,34.71033333333333,-17.834266452833447,True,2026-05-27,33.594370722999116,5.133769711395416,8.517971442639094,14.426390940423437,True,2026-05-27,22442172702.42666,,,,正常,22442172702.42666,3.3309957924263673,True,2026-05-19,,通信终端及配件,
300641,正丹股份,15.52,15.52,15.53,16.06,16.01,16.15,15.41,7577872.0,119088356.0,-3.362,-0.54,15.52,19.09483333333333,-18.72146915832379,True,2026-05-27,20.768898876404496,2.484943820224719,18.3874139626352,63.81514257620452,True,2026-05-27,8156455451.199995,,,,正常,8156455451.199995,3.865979381443299,True,2025-09-25,,其他化学制品,
300653,正海生物,16.02,16.02,16.06,16.11,16.23,16.3,15.85,1177000.0,18873683.0,-0.559,-0.09,16.02,20.042333333333332,-20.069186887754253,True,2026-05-27,40.88491856677524,3.191824104234528,33.52999016715831,0.049164208456243856,True,2026-05-27,2883599999.9999995,,,,正常,2883599999.9999995,4.619225967540574,True,2026-05-27,,医疗耗材,
300760,迈瑞医疗,154.0,153.99,154.0,153.15,152.8,155.68,150.1,10933653.0,1668289245.0,0.555,0.85,154.0,181.26933333333332,-15.043544780510764,True,2026-05-27,23.82978723404254,4.657640232108318,4.932249322493225,0.21680216802168023,True,2026-05-27,186715974675.6931,,,,正常,186715974675.6931,3.0064935064935066,True,2025-11-12,,医疗设备,
300770,新媒股份,35.0,34.99,35.0,35.5,35.5,36.03,34.9,2137978.0,75658053.0,-1.408,-0.5,35.0,41.88941666666666,-16.446676069731204,True,2026-05-27,12.410394265232974,2.1505376344086025,15.075669383003493,4.772991850989523,True,2026-05-27,7974350684.587813,,,,正常,7974350684.587813,10.17142857142857,True,2026-05-22,,电视广播Ⅲ,
300787,海能实业,10.13,10.1,10.13,10.35,10.35,10.41,10.0,6123390.0,62236569.0,-2.126,-0.22,10.13,11.923166666666667,-15.039349166189064,True,2026-05-27,48.55319892473119,2.060492831541219,87.84361637141112,8.674404398289553,True,2026-05-27,3175076492.41846,,,,正常,3175076492.41846,3.948667324777887,True,2026-05-25,,消费电子零部件及组装,
300791,仙乐健康,17.47,17.47,17.48,17.81,17.68,17.8,17.14,1577207.0,27480714.0,-1.909,-0.34,17.47,21.841083333333337,-20.013125112078555,True,2026-05-27,45.78124739039664,1.933006263048016,85.73200992555832,5.459057071960298,True,2026-05-27,5392843352.537055,,,,正常,5392843352.537055,3.7206639954207215,True,2025-05-27,,保健品,
300832,新产业,47.6,47.6,47.62,46.52,46.08,47.89,45.64,6835399.0,320692641.0,2.322,1.08,47.6,53.13941666666666,-10.42430838376408,True,2026-05-27,23.022222222222215,3.9440860215053752,3.0779753761969904,1.3679890560875512,True,2026-05-27,37400214166.45161,,,,正常,37400214166.45161,5.2521008403361344,True,2026-05-27,,体外诊断,
300888,稳健医疗,29.36,29.36,29.37,29.99,29.84,30.04,29.22,3048741.0,89901588.0,-2.101,-0.63,29.36,35.07383333333333,-16.290872112638578,True,2026-05-27,22.18126804770873,1.4560200878844958,56.94888178913738,5.604075691411936,True,2026-05-27,17097203162.990582,,,,正常,17097203162.990582,3.4059945504087197,True,2026-05-25,,生活用纸,
300908,仲景食品,24.34,24.33,24.34,25.14,25.14,25.14,24.34,2363327.0,58119820.0,-3.182,-0.8,24.34,27.192916666666665,-10.49139635015246,True,2026-05-27,18.0268125,1.918465277777777,0.3776435045317221,0.4531722054380665,True,2026-05-27,3553640000.0,,,,正常,3553640000.0,4.108463434675431,True,2026-05-15,,调味发酵品Ⅲ,
300911,亿田智能,27.33,27.33,27.35,28.86,28.8,28.92,27.08,5319550.0,147829539.0,-5.301,-1.53,27.33,34.75566666666667,-21.365340903641627,True,2026-05-27,143.17652902784846,4.623324999999999,99.26238145416228,49.54476479514416,False,2026-05-27,5010581379.63,,,,正常,5010581379.63,3.6589828027808275,True,2025-06-03,,厨房电器,
300978,东箭科技,10.13,10.13,10.14,10.44,10.44,10.49,10.1,4328860.0,44247048.0,-2.969,-0.31,10.13,11.938,-15.144915396213765,True,2026-05-27,34.328443060498216,2.5685498220640572,35.65004088307441,8.340147179067865,True,2026-05-27,4281978745.7455516,,,,正常,4281978745.7455516,3.948667324777887,True,2026-01-26,,车身附件及饰件,
300979,华利集团,34.25,34.21,34.25,34.66,34.6,34.75,33.79,2269701.0,77640965.0,-1.183,-0.41,34.25,47.79158333333333,-28.334661437944963,True,2026-05-27,14.129478398314024,2.4361169652265557,0.08130081300813008,0.08130081300813008,True,2026-05-27,39969750000.0,,,,正常,39969750000.0,6.131386861313868,True,2026-05-22,,纺织鞋类制造,
300994,久祺股份,12.63,12.63,12.69,13.0,13.04,13.05,12.57,2385880.0,30413985.0,-2.846,-0.37,12.63,15.6165,-19.124003457881088,True,2026-05-27,23.697261663286003,2.3910750507099383,36.07266435986159,18.252595155709344,True,2026-05-27,2943901440.000001,,,,正常,2943901440.000001,3.167062549485352,True,2025-10-22,,其他交运设备,
301039,中集车辆,7.96,7.95,7.96,8.06,8.0,8.09,7.88,10180530.0,81037121.0,-1.241,-0.1,7.96,9.392166666666666,-15.248522705091116,True,2026-05-27,16.915,1.0130909090909088,37.764606265876374,0.1693480101608806,True,2026-05-27,14918030383.2,,,,正常,14918030383.2,3.5175879396984926,True,2025-06-11,,商用载货车,
301043,绿岛风,46.82,46.81,46.82,48.47,46.78,49.64,46.31,1233737.0,58230569.0,-3.404,-1.65,46.82,58.181583333333336,-19.527800177318422,True,2026-05-27,45.425467042650666,3.6802467395135694,94.86062717770035,86.41114982578398,False,2026-05-27,3183760000.0,,,,正常,3183760000.0,3.1183255019222558,True,2025-09-23,,制冷空调设备,
301207,华兰疫苗,18.15,18.14,18.15,18.58,18.56,18.59,17.93,5643305.0,102550226.0,-2.314,-0.43,18.15,20.240916666666667,-10.330148091119074,True,2026-05-27,58.17593204341671,1.9015101462954223,86.20352250489238,28.57142857142857,True,2026-05-27,10908649124.999998,,,,正常,10908649124.999998,4.4077134986225905,True,2025-10-27,,疫苗,
301283,聚胶股份,28.07,28.06,28.07,29.62,29.58,29.68,27.87,1596470.0,45342582.0,-5.233,-1.55,28.07,32.23625,-12.924114932723253,True,2026-05-27,11.548146639511202,1.3148879837067216,0.11210762331838565,5.605381165919283,True,2026-05-27,2257328263.425663,,,,正常,2257328263.425663,7.837548984681154,True,2026-05-21,,胶黏剂及胶带,
301299,卓创资讯,52.89,52.88,52.89,56.18,56.25,56.25,52.0,2496174.0,133534091.0,-5.856,-3.29,52.89,60.30191666666667,-12.291345078860127,True,2026-05-27,48.84156741305384,5.249523582658409,20.441347270615566,37.746806039488966,True,2026-05-27,3208445971.4640303,,,,正常,3208445971.4640303,4.726791453961051,True,2026-05-12,,门户网站,
301301,川宁生物,8.98,8.97,8.98,9.17,9.17,9.18,8.92,9024696.0,81254588.0,-2.072,-0.19,8.98,10.396916666666668,-13.628239141412124,True,2026-05-27,33.856548323471394,2.444260355029585,74.29620563035496,0.24479804161566704,True,2026-05-27,20026163300.0,,,,正常,20026163300.0,4.929240534521159,True,2026-04-29,,原料药,
301303,真兰仪表,13.85,13.85,13.88,13.96,13.96,14.17,13.74,3217283.0,44668783.0,-0.788,-0.11,13.85,15.493333333333336,-10.606712564543908,True,2026-05-27,17.360495049504944,1.618118811881188,32.56704980842912,18.901660280970624,True,2026-05-27,5661880000.0,,,,正常,5661880000.0,4.548736462093863,True,2026-05-26,,仪器仪表,
301339,通行宝,11.87,11.86,11.87,12.26,12.25,12.36,11.81,4413410.0,52907361.0,-3.181,-0.39,11.87,14.020916666666665,-15.340770634349866,True,2026-05-27,30.46071054599853,2.4503515332834693,1.2331838565022422,3.1390134529147984,True,2026-05-27,6888556508.044877,,,,正常,6888556508.044877,3.959561920808762,True,2025-12-08,,其他计算机设备,
600019,宝钢股份,6.03,6.02,6.03,6.04,6.05,6.07,5.94,88804356.0,532317235.0,-0.166,-0.01,6.03,6.844333333333333,-11.897920420786045,True,2026-05-27,12.953681747269894,0.6302808112324493,70.45790251107829,9.945839487936976,True,2026-05-27,131345971036.38535,,,,正常,131345971036.38535,3.6484245439469323,True,2025-09-24,,板材,
600028,中国石化,4.83,4.83,4.84,4.87,4.86,4.86,4.73,372564289.0,1780949983.0,-0.821,-0.04,4.83,5.952333333333333,-18.85535084280674,True,2026-05-27,16.433103448275865,0.7032183908045975,84.95575221238938,27.53195673549656,True,2026-05-27,584070233692.4081,,,,正常,584070233692.4081,4.720496894409938,True,2025-09-12,,炼油化工,
600031,三一重工,18.47,18.47,18.48,18.88,18.88,18.88,18.15,115093946.0,2120995217.0,-2.172,-0.41,18.47,21.12033333333333,-12.548728713246316,True,2026-05-27,20.17035557720409,1.8712907939600578,44.79526393685249,6.906758756783423,True,2026-05-27,169831731951.74084,,,,正常,169831731951.74084,3.6275040606388744,True,2025-10-15,,工程机械整机,
600050,中国联通,4.38,4.37,4.38,4.45,4.44,4.45,4.32,275758524.0,1205622088.0,-1.573,-0.07,4.38,4.9045,-10.694260373126719,True,2026-05-27,15.814513274336282,0.8042920353982302,4.787759131293188,9.674234945705825,True,2026-05-27,136938182932.22127,,,,正常,136938182932.22127,3.9566210045662102,True,2025-10-24,,电信运营商,
600057,厦门象屿,6.3,6.3,6.31,6.39,6.39,6.46,6.26,16404302.0,103788110.0,-1.408,-0.09,6.3,8.03275,-21.571068438579566,True,2026-05-27,13.708085106382978,1.1348936170212762,92.18289085545722,38.54473942969518,False,2026-05-27,17895712835.744686,,,,正常,17895712835.744686,5.555555555555555,True,2025-11-25,,原材料供应链服务,
600064,南京高科,7.37,7.37,7.38,7.47,7.46,7.53,7.3,14447389.0,106752525.0,-1.339,-0.1,7.37,8.4705,-12.992149223776629,True,2026-05-27,7.228269230769229,0.6466466346153847,66.05911330049261,13.152709359605911,True,2026-05-27,12752603176.209133,,,,正常,12752603176.209133,4.070556309362279,True,2025-07-23,,住宅开发,
600067,冠城新材,3.05,3.04,3.05,3.13,3.13,3.14,3.03,19310268.0,59265680.0,-2.556,-0.08,3.05,4.073166666666667,-25.11968574818938,True,2026-05-27,220.01745810055857,0.7582402234636874,98.55907780979827,62.979351032448385,False,2026-05-27,4244589654.273745,,,,正常,4244589654.273745,7.2131147540983624,True,2025-08-26,,线缆部件及其他,
600219,南山铝业,5.34,5.33,5.34,5.68,5.6,5.66,5.31,438491253.0,2389728918.0,-5.986,-0.34,5.34,5.972583333333334,-10.5914526098422,True,2026-05-27,14.8386690647482,1.2005395683453235,49.926144756277694,87.9369768586903,False,2026-05-27,61322966325.02159,,,,正常,61322966325.02159,8.134831460674159,True,2026-05-20,,铝,
600269,赣粤高速,4.27,4.26,4.27,4.3,4.3,4.33,4.24,9317715.0,39802063.0,-0.698,-0.03,4.27,4.869083333333333,-12.303821732358934,True,2026-05-27,8.85523489932886,0.5062863534675615,42.18289085545723,24.87708947885939,True,2026-05-27,9972187950.181206,,,,正常,9972187950.181206,3.9812646370023423,True,2025-05-30,,高速公路,
600273,嘉化能源,7.31,7.31,7.32,7.46,7.46,7.5,7.26,15582829.0,114277677.0,-2.011,-0.15,7.31,9.366166666666667,-21.9531291705963,True,2026-05-27,11.754044665012406,0.9704342431761784,68.38741396263521,1.1307767944936087,True,2026-05-27,9585669681.529778,,,,正常,9585669681.529778,8.891928864569085,True,2026-05-25,,其他化学制品,
600332,白云山,21.55,21.55,21.56,21.55,21.54,21.62,21.19,8371188.0,179093499.0,0.0,0.0,21.55,24.444666666666667,-11.84171052990427,True,2026-05-27,11.89324978012314,0.8813324538258579,12.94928606597735,0.14771048744460857,True,2026-05-27,35035794950.70361,,,,正常,35035794950.70361,3.7122969837587005,True,2025-09-12,,中药,
600346,恒力石化,17.65,17.64,17.65,18.69,18.6,18.77,17.38,53944903.0,962381468.0,-5.564,-1.04,17.65,22.348666666666666,-21.02437132714853,True,2026-05-27,13.905582849486372,1.7579053148727088,39.287585123101096,20.55199605717102,True,2026-05-27,124240111223.26266,,,,正常,124240111223.26266,3.0028328611898023,True,2025-09-24,,炼油化工,
600352,浙江龙盛,11.38,11.37,11.38,11.65,11.65,11.8,11.27,32854410.0,377304847.0,-2.318,-0.27,11.38,12.832666666666666,-11.320068574990906,True,2026-05-27,18.791496815286624,1.114442675159236,91.26788357178096,44.351258016773556,False,2026-05-27,37022916567.16244,,,,正常,37022916567.16244,3.9543057996485063,True,2025-09-24,,纺织化学用品,
600371,万向德农,7.53,7.52,7.53,7.66,7.69,7.7,7.43,4886686.0,36776353.0,-1.697,-0.13,7.53,8.931999999999999,-15.696372592924302,True,2026-05-27,397.4653137920785,4.110412844036698,99.40623453735775,16.970892945239267,True,2026-05-27,2203112340.0,,,,正常,2203112340.0,3.3200531208499333,True,2026-05-26,,种子生产,
600373,中文传媒,7.61,7.6,7.61,7.7,7.68,7.77,7.53,8704621.0,66404314.0,-1.169,-0.09,7.61,9.113750000000001,-16.49979426690441,True,2026-05-27,48.12126040428061,0.5700713436385259,99.26253687315634,0.049164208456243856,True,2026-05-27,10253399851.780025,,,,正常,10253399851.780025,5.256241787122208,True,2025-06-13,,大众出版,
600420,国药现代,9.07,9.05,9.07,9.11,9.11,9.13,8.95,5569100.0,50166581.0,-0.439,-0.04,9.07,10.249416666666665,-11.507158944004924,True,2026-05-27,16.9319250780437,0.8777419354838712,59.527326440177255,0.14771048744460857,True,2026-05-27,12164436316.32675,,,,正常,12164436316.32675,3.30760749724366,True,2025-09-16,,化学制剂,
600422,昆药集团,8.54,8.54,8.55,8.43,8.43,8.58,8.35,12579900.0,106685311.0,1.305,0.11,8.54,11.71866666666667,-27.124815109796362,True,2026-05-27,54.93614814814816,1.238074074074074,99.3117010816126,0.5408062930186824,True,2026-05-27,6464572965.096294,,,,正常,6464572965.096294,3.5128805620608903,True,2025-07-30,,中药,
600551,时代出版,7.3,7.29,7.3,7.49,7.46,7.53,7.14,6906781.0,50513737.0,-2.537,-0.19,7.3,8.311666666666667,-12.171646280328863,True,2026-05-27,12.346124999999997,0.830375,23.247778874629812,18.460019743336623,True,2026-05-27,4949803244.7,,,,正常,4949803244.7,5.479452054794521,True,2025-11-06,,大众出版,
600559,老白干酒,13.06,13.06,13.07,12.75,12.7,13.51,12.27,29497899.0,379305618.0,2.431,0.31,13.06,14.981583333333333,-12.826303405848282,True,2026-05-27,26.974661764705882,2.179867647058824,29.35103244837758,0.19665683382497542,True,2026-05-27,11946601618.255888,,,,正常,11946601618.255888,4.211332312404288,True,2025-06-20,,白酒Ⅲ,
600585,海螺水泥,19.71,19.7,19.71,19.5,19.84,19.97,19.55,24771266.0,488251295.0,1.077,0.21,19.71,22.907249999999998,-13.95737157450151,True,2026-05-27,13.442894486692015,0.5433365019011408,75.8739537173806,0.2461841457410143,True,2026-05-27,104449253831.94011,,,,正常,104449253831.94011,4.819888381532217,True,2025-09-30,,水泥制造,
600612,老凤祥,36.37,36.36,36.38,36.52,36.36,36.57,35.71,1793754.0,64604037.0,-0.411,-0.15,36.37,42.90075,-15.222927338100156,True,2026-05-27,11.26775031847134,1.3899363057324843,1.1307767944936087,0.049164208456243856,True,2026-05-27,19025793076.679996,,,,正常,19025793076.679996,5.63651361011823,True,2025-09-26,,钟表珠宝,
600660,福耀玻璃,52.75,52.74,52.75,53.49,53.3,53.38,52.22,15385439.0,808981603.0,-1.383,-0.74,52.75,59.04216666666667,-10.657072770025945,True,2026-05-27,15.308843140523415,3.5172528754792456,11.538461538461538,48.42209072978304,True,2026-05-27,137663971313.28134,,,,正常,137663971313.28134,3.9810426540284363,True,2026-05-13,,车身附件及饰件,
600662,外服控股,4.49,4.49,4.5,4.58,4.59,4.62,4.47,10472216.0,47327659.0,-1.965,-0.09,4.49,5.329583333333333,-15.75326401375966,True,2026-05-27,15.123742574257422,1.893801980198019,14.47084233261339,28.064992614475624,True,2026-05-27,10252723613.97228,,,,正常,10252723613.97228,5.345211581291759,True,2025-08-15,,人力资源服务,
600681,百川能源,3.69,3.68,3.69,3.75,3.74,3.76,3.64,21113640.0,77605649.0,-1.6,-0.06,3.69,4.216083333333334,-12.47801079200681,True,2026-05-27,20.19274698795181,1.3426265060240965,98.27331031080413,11.346817957572767,True,2026-05-27,4947754249.344578,,,,正常,4947754249.344578,6.368563685636857,True,2025-09-12,,燃气,
600690,海尔智家,20.16,20.16,20.17,20.22,20.23,20.33,19.91,42872635.0,860887927.0,-0.297,-0.06,20.16,24.3375,-17.16486902927581,True,2026-05-27,10.10356241234222,1.5079943899018224,0.7866273352999017,0.049164208456243856,True,2026-05-27,189053013744.4713,,,,正常,189053013744.4713,6.122222222222222,True,2025-11-07,,冰洗,
600720,中交设计,5.97,5.97,5.98,6.12,6.1,6.12,5.94,8163469.0,48965127.0,-2.451,-0.15,5.97,7.111500000000001,-16.051465935456676,True,2026-05-27,9.559160419790105,0.8592503748125933,38.70014771048744,0.29542097488921715,True,2026-05-27,13698735523.45277,,,,正常,13698735523.45277,3.835845896147404,True,2025-08-18,,工程咨询服务Ⅲ,
600729,重百集团,19.38,19.38,19.39,19.51,19.47,19.6,19.1,2465100.0,47625616.0,-0.666,-0.13,19.38,23.828666666666663,-18.669389810592275,True,2026-05-27,10.049225715626463,1.0458470201783203,32.98918387413963,0.24582104228121926,True,2026-05-27,8535980632.378223,,,,正常,8535980632.378223,7.848606811145512,True,2026-01-16,,多业态零售,
600731,湖南海利,5.73,5.72,5.73,5.85,5.8,5.85,5.68,6060200.0,34777449.0,-2.051,-0.12,5.73,7.048333333333333,-18.704185386616214,True,2026-05-27,13.821919642857141,0.9976339285714289,43.946850393700785,5.46259842519685,True,2026-05-27,3201594044.089289,,,,正常,3201594044.089289,3.4904013961605584,True,2025-07-04,,农药,
600737,中粮糖业,13.08,13.07,13.08,13.37,13.37,13.49,13.02,22447006.0,294863695.0,-2.169,-0.29,13.08,15.939583333333333,-17.940138543981178,True,2026-05-27,28.255830115830108,2.4072586872586874,60.088801184015786,84.01578687715836,False,2026-05-27,27976134822.139004,,,,正常,27976134822.139004,3.134556574923547,True,2025-08-13,,其他农产品加工,
600741,华域汽车,16.82,16.81,16.82,16.98,16.99,16.99,16.63,20043238.0,336517591.0,-0.942,-0.16,16.82,19.333750000000002,-13.001874959591397,True,2026-05-27,7.390884279475983,0.7804039301310043,10.541871921182267,0.541871921182266,True,2026-05-27,53028817410.99017,,,,正常,53028817410.99017,4.756242568370987,True,2025-07-25,,车身附件及饰件,
600742,富维股份,8.17,8.16,8.17,8.39,8.36,8.36,8.08,9423815.0,76999258.0,-2.622,-0.22,8.17,9.840833333333334,-16.978575662630202,True,2026-05-27,13.549423868312749,0.714454732510288,67.42125984251969,4.183070866141732,True,2026-05-27,6070782879.9362135,,,,正常,6070782879.9362135,8.200734394124847,True,2026-01-23,,车身附件及饰件,
600754,锦江酒店,20.26,20.25,20.26,20.31,20.24,20.43,19.76,18328721.0,367389048.0,-0.246,-0.05,20.26,25.939416666666666,-21.894928246266133,True,2026-05-27,21.052196339434285,1.3399916805324459,10.973550928531232,0.049164208456243856,True,2026-05-27,21603206475.64226,,,,正常,21603206475.64226,4.392892398815399,True,2026-05-21,,酒店,
600755,厦门国贸,5.86,5.86,5.87,6.02,6.02,6.03,5.85,20047701.0,118504833.0,-2.658,-0.16,5.86,6.5571666666666655,-10.632132780926696,True,2026-05-27,36.64366242038217,0.6531847133757962,97.82501235788433,1.3346515076618883,True,2026-05-27,12526459628.270702,,,,正常,12526459628.270702,4.607508532423208,True,2026-02-04,,原材料供应链服务,
600757,长江传媒,7.86,7.85,7.86,7.94,7.94,7.97,7.77,6801523.0,53409738.0,-1.008,-0.08,7.86,8.897833333333335,-11.663888212486196,True,2026-05-27,10.057517401392113,0.9209512761020885,45.70582428430405,35.9822309970385,False,2026-05-27,9539291145.542925,,,,正常,9539291145.542925,5.216284987277353,True,2025-06-13,,教育出版,
600761,安徽合力,17.74,17.74,17.75,18.3,18.24,18.27,17.35,15503246.0,275129001.0,-3.06,-0.56,17.74,20.03808333333333,-11.468578581617495,True,2026-05-27,12.998899844317592,1.4177270368448365,51.65595650024716,19.179436480474543,True,2026-05-27,15800889579.707315,,,,正常,15800889579.707315,3.9458850056369785,True,2025-10-28,,工程机械整机,
600801,华新建材,18.96,18.96,18.97,19.25,19.07,19.46,18.55,15474269.0,292506181.0,-1.506,-0.29,18.96,22.767333333333333,-16.72278996222658,True,2026-05-27,12.130419847328252,1.2030916030534353,77.90354330708661,32.381889763779526,False,2026-05-27,39417757505.003815,,,,正常,39417757505.003815,4.219409282700422,True,2025-12-04,,未知,所属行业批量超时
600817,宇通重工,10.15,10.14,10.15,10.43,10.38,10.39,10.1,4736035.0,48251726.0,-2.685,-0.28,10.15,11.521916666666668,-11.907017784946083,True,2026-05-27,17.898359240069087,2.0773316062176166,22.91285801340646,8.732116428219044,True,2026-05-27,5413039112.180483,,,,正常,5413039112.180483,3.74384236453202,True,2025-10-17,,未知,所属行业批量超时
600820,隧道股份,5.62,5.61,5.62,5.68,5.67,5.69,5.58,14503942.0,81573075.0,-1.056,-0.06,5.62,6.321583333333334,-11.098221700786992,True,2026-05-27,8.103035413153458,0.5496795952782462,56.7700640078779,0.14771048744460857,True,2026-05-27,17669820047.881958,,,,正常,17669820047.881958,5.338078291814946,True,2025-10-24,,未知,所属行业批量超时
600826,兰生股份,8.61,8.61,8.62,8.89,8.86,8.86,8.54,6113143.0,53004974.0,-3.15,-0.28,8.61,10.798833333333334,-20.26916487892212,True,2026-05-27,18.788554455445542,1.457732673267327,23.610402855685876,62.223315297589764,True,2026-05-27,6332943856.975248,,,,正常,6332943856.975248,3.2520325203252036,True,2025-10-14,,未知,所属行业批量超时
600861,北京人力,14.18,14.18,14.2,14.42,14.4,14.46,14.08,3183420.0,45195759.0,-1.664,-0.24,14.18,17.244666666666664,-17.771678200023178,True,2026-05-27,9.536361355081556,1.0586072772898367,15.196998123827393,10.42793900639449,True,2026-05-27,8027478341.311163,,,,正常,8027478341.311163,4.92947813822285,True,2025-06-27,,未知,所属行业批量超时
600866,星湖科技,5.11,5.11,5.12,5.31,5.3,5.3,5.06,28147901.0,144408344.0,-3.766,-0.2,5.11,6.934333333333333,-26.308705475171845,True,2026-05-27,18.544900662251674,1.0406125827814567,42.717328727691424,3.8348082595870205,True,2026-05-27,8490125068.064567,,,,正常,8490125068.064567,7.436399217221135,True,2025-06-23,,未知,所属行业批量超时
600916,中国黄金,7.98,7.98,7.99,8.26,8.18,8.25,7.96,37924285.0,304822285.0,-3.39,-0.28,7.98,9.29975,-14.191241700045687,True,2026-05-27,44.01196506550217,1.838187772925764,94.20062695924764,2.3510971786833856,True,2026-05-27,13406400000.0,,,,正常,13406400000.0,4.385964912280701,True,2025-06-10,,未知,所属行业批量超时
600970,中材国际,8.78,8.78,8.79,8.85,8.82,8.84,8.67,18912111.0,165241559.0,-0.791,-0.07,8.78,10.208499999999999,-13.993240926678752,True,2026-05-27,8.67570194384449,0.9860907127429812,36.57817109144543,2.5073746312684366,True,2026-05-27,23019575420.49243,,,,正常,23019575420.49243,5.125284738041003,True,2025-06-12,,未知,所属行业批量超时
600983,惠而浦,8.7,8.7,8.71,8.88,8.88,8.92,8.7,2953500.0,25894986.0,-2.027,-0.18,8.7,10.451833333333331,-16.761014813987963,True,2026-05-27,13.361711229946522,2.1680213903743324,2.774922918807811,70.25565388397247,True,2026-05-27,6668019299.999998,,,,正常,6668019299.999998,3.3333333333333335,True,2025-06-27,,未知,所属行业批量超时
601186,中国铁建,6.26,6.25,6.26,6.34,6.32,6.34,6.22,63881701.0,400236181.0,-1.262,-0.08,6.26,7.261583333333333,-13.792905587624372,True,2026-05-27,4.831792592592592,0.3060444444444442,38.15854258985721,0.04923682914820286,True,2026-05-27,85007929789.99995,,,,正常,85007929789.99995,4.792332268370607,True,2025-07-22,,未知,所属行业批量超时
601318,中国平安,53.27,53.27,53.28,54.27,54.28,54.29,53.06,86201148.0,4614798491.0,-1.843,-1.0,53.27,62.282583333333335,-14.470471279424025,True,2026-05-27,7.264090909090904,0.9490326340326342,4.529788281634663,17.971442639094043,True,2026-05-27,964594089073.9164,,,,正常,964594089073.9164,4.824479068894312,True,2025-10-24,,未知,所属行业批量超时
601336,新华保险,58.72,58.71,58.72,60.16,59.58,60.23,58.04,22835508.0,1345118582.0,-2.394,-1.44,58.72,69.96475000000001,-16.07202198249834,True,2026-05-27,4.9595815384615385,1.4815507692307692,0.09842519685039369,42.125984251968504,True,2026-05-27,183179776352.0001,,,,正常,183179776352.0001,4.529972752043596,True,2025-12-12,,未知,所属行业批量超时
601369,陕鼓动力,8.74,8.73,8.74,8.82,8.82,8.88,8.68,7394118.0,64741509.0,-0.907,-0.08,8.74,10.157333333333332,-13.9537936466264,True,2026-05-27,21.770032292787942,1.6558019375672768,62.463054187192114,32.31527093596059,False,2026-05-27,15063167060.381058,,,,正常,15063167060.381058,4.919908466819222,True,2025-09-19,,未知,所属行业批量超时
601390,中国中铁,4.73,4.73,4.74,4.8,4.79,4.81,4.71,102746156.0,488067137.0,-1.458,-0.07,4.73,5.428333333333333,-12.864599324531756,True,2026-05-27,5.501296660117879,0.36241650294695477,52.01970443349754,0.04926108374384236,True,2026-05-27,116765829724.53242,,,,正常,116765829724.53242,5.496828752642706,True,2025-12-23,,未知,所属行业批量超时
601567,三星电气,16.82,16.82,16.83,17.26,17.27,17.54,16.8,23479965.0,399829946.0,-2.549,-0.44,16.82,24.31175,-30.815346488837704,True,2026-05-27,24.82464738711315,2.022496194824962,87.41396263520157,52.55653883972467,False,2026-05-27,23635622108.000004,,,,正常,23635622108.000004,8.174791914387633,True,2025-10-20,,未知,所属行业批量超时
601601,中国太保,32.63,32.62,32.63,33.22,33.1,33.26,32.43,41937194.0,1372079871.0,-1.776,-0.59,32.63,39.642916666666665,-17.690213678357825,True,2026-05-27,5.818574525745258,0.9815528455284552,0.04918839153959665,11.559272011805213,True,2026-05-27,313911741677.09216,,,,正常,313911741677.09216,3.30983757278578,True,2025-07-18,,未知,所属行业批量超时
601686,友发集团,5.18,5.18,5.19,5.27,5.25,5.28,5.16,3918851.0,20391631.0,-1.708,-0.09,5.18,5.975666666666667,-13.315111284654446,True,2026-05-27,11.26812164579607,1.1397853309481216,5.664652567975831,0.6797583081570997,True,2026-05-27,7622613667.5706625,,,,正常,7622613667.5706625,8.687258687258687,True,2026-01-21,,未知,所属行业批量超时
601717,中创智领,18.77,18.77,18.78,19.58,19.5,19.51,18.39,31146643.0,586413645.0,-4.137,-0.81,18.77,22.515416666666667,-16.634898310416936,True,2026-05-27,8.175194733955017,1.338507953922106,21.189773844641103,61.799410029498524,True,2026-05-27,33511956686.202984,,,,正常,33511956686.202984,5.966968566862013,True,2025-07-25,,未知,所属行业批量超时
601766,中国中车,5.77,5.77,5.78,5.8,5.79,5.82,5.71,186897179.0,1076794361.0,-0.517,-0.03,5.77,6.457083333333332,-10.640769181131827,True,2026-05-27,12.25634353741497,0.942040816326531,1.9694731659281144,2.0187099950763168,True,2026-05-27,165592445787.32825,,,,正常,165592445787.32825,5.545927209705373,True,2025-11-20,,未知,所属行业批量超时
601800,中国交建,6.28,6.27,6.28,6.3,6.26,6.29,6.17,50229856.0,312608085.0,-0.317,-0.02,6.28,7.855916666666667,-20.060251827179098,True,2026-05-27,7.636115942028983,0.35495652173913006,63.47099311701082,0.09832841691248771,True,2026-05-27,102204765733.4551,,,,正常,102204765733.4551,4.449203821656051,True,2026-01-09,,未知,所属行业批量超时
601801,皖新传媒,5.55,5.54,5.55,5.61,5.58,5.64,5.49,7467400.0,41443527.0,-1.07,-0.06,5.55,6.474416666666667,-14.277991582253236,True,2026-05-27,14.493688524590162,0.8916393442622949,30.398425971470733,15.592720118052139,True,2026-05-27,10866518365.622952,,,,正常,10866518365.622952,3.6036036036036037,True,2026-01-09,,未知,所属行业批量超时
601900,南方传媒,11.79,11.79,11.8,11.95,11.93,12.01,11.76,4262100.0,50489766.0,-1.339,-0.16,11.79,13.744916666666665,-14.222833896167675,True,2026-05-27,10.163148295003964,1.140666137985726,27.18780727630285,26.45034414945919,True,2026-05-27,10398427407.942112,,,,正常,10398427407.942112,4.664970313825276,True,2025-07-28,,未知,所属行业批量超时
601928,凤凰传媒,8.86,8.86,8.87,9.01,8.97,9.05,8.84,6179249.0,55151470.0,-1.665,-0.15,8.86,9.866916666666667,-10.204977914410962,True,2026-05-27,13.17878661087866,1.1028661087866107,56.25308947108255,6.228373702422145,True,2026-05-27,22547814000.0,,,,正常,22547814000.0,6.772009029345373,True,2025-10-24,,未知,所属行业批量超时
601992,金隅集团,1.58,1.57,1.58,1.65,1.65,1.65,1.57,116081325.0,184916250.0,-4.242,-0.07,1.58,1.805,-12.465373961218829,True,2026-05-27,667.8143079500509,0.43005917159763296,98.35596854896355,12.998522895125554,True,2026-05-27,16870878391.289944,,,,正常,16870878391.289944,3.1645569620253164,True,2025-07-09,,未知,所属行业批量超时
603013,亚普股份,19.54,19.53,19.54,20.19,20.44,20.44,19.45,3258500.0,64384168.0,-3.219,-0.65,19.54,21.844250000000002,-10.548542522631832,True,2026-05-27,17.698677918424753,2.1436286919831224,49.7166409067491,45.85265327150953,False,2026-05-27,9930610280.450071,,,,正常,9930610280.450071,3.8382804503582397,True,2026-05-22,,未知,所属行业批量超时
603027,千禾味业,7.62,7.61,7.62,7.72,7.73,7.73,7.45,24330837.0,183897576.0,-1.295,-0.1,7.62,9.563916666666668,-20.32552911551231,True,2026-05-27,30.308956228956244,2.890639730639733,30.8259587020649,0.09832841691248771,True,2026-05-27,10158415639.508417,,,,正常,10158415639.508417,7.874015748031496,True,2025-10-23,,未知,所属行业批量超时
603043,广州酒家,14.17,14.17,14.19,14.21,14.19,14.33,14.01,2804320.0,39698445.0,-0.281,-0.04,14.17,16.68808333333333,-15.089110493016467,True,2026-05-27,16.455483870967743,2.014957208689929,3.5889872173058017,0.19665683382497542,True,2026-05-27,8059482306.896643,,,,正常,8059482306.896643,4.093154551870148,True,2025-12-31,,未知,所属行业批量超时
603100,川仪股份,19.16,19.16,19.17,19.76,19.7,19.9,19.05,5618383.0,108268953.0,-3.036,-0.6,19.16,22.26408333333334,-13.94211154737266,True,2026-05-27,15.328000000000001,2.048792079207921,50.68829891838741,42.133726647000984,False,2026-05-27,9832398051.970299,,,,正常,9832398051.970299,4.097077244258872,True,2026-05-25,,未知,所属行业批量超时
603113,金能科技,5.13,5.13,5.14,5.32,5.26,5.29,5.11,8474756.0,43891257.0,-3.571,-0.19,5.13,6.6964999999999995,-23.392817143283796,True,2026-05-27,197.503012204188,0.5936269430051812,93.57311320754717,8.013765978367749,True,2026-05-27,4352756860.398964,,,,正常,4352756860.398964,6.920077972709551,True,2025-09-17,,未知,所属行业批量超时
603170,宝立食品,12.41,12.41,12.42,12.39,12.39,12.48,12.2,2598500.0,32050340.0,0.161,0.02,12.41,13.87425,-10.553723624700428,True,2026-05-27,18.393224334600752,3.2086692015209146,8.700322234156822,0.7518796992481203,True,2026-05-27,4964124100.0,,,,正常,4964124100.0,3.1426269137792104,True,2025-09-10,,未知,所属行业批量超时
603187,海容冷链,12.99,12.99,13.02,13.08,13.08,13.31,12.78,7252980.0,94805860.0,-0.688,-0.09,12.99,15.160916666666667,-14.319164958143471,True,2026-05-27,12.902701612903217,1.1697983870967739,8.070757324488667,15.367606412382532,True,2026-05-27,5019545229.790321,,,,正常,5019545229.790321,6.158583525789068,True,2026-01-23,,未知,所属行业批量超时
603202,天有为,65.26,65.21,65.26,66.93,66.8,66.94,65.07,1155024.0,75776755.0,-2.495,-1.67,65.26,90.09241666666667,-27.563270678534725,True,2026-05-27,12.91100364275845,1.5165305866097218,0.38167938931297707,0.38167938931297707,True,2026-05-27,10441600000.0,,,,正常,10441600000.0,5.34783941158443,True,2025-10-16,,未知,所属行业批量超时
603207,小方制药,23.3,23.29,23.3,23.75,23.7,23.8,23.15,1208300.0,28231751.0,-1.895,-0.45,23.3,28.31275,-17.70492092785053,True,2026-05-27,18.40210210210211,3.2536036036036027,2.631578947368421,2.631578947368421,True,2026-05-27,3747106000.000002,,,,正常,3747106000.000002,9.44206008583691,True,2025-10-20,,未知,所属行业批量超时
603230,内蒙新华,9.9,9.89,9.9,10.04,10.0,10.05,9.83,1828477.0,18088644.0,-1.394,-0.14,9.9,12.017666666666665,-17.621279782542352,True,2026-05-27,42.450548446069455,1.2397623400365638,98.40674789128397,0.09372071227741331,True,2026-05-27,3499877700.0000024,,,,正常,3499877700.0000024,4.848484848484848,True,2025-06-19,,未知,所属行业批量超时
603233,大参林,16.56,16.56,16.57,17.04,16.89,16.99,15.34,5531710.0,91718608.0,-2.817,-0.48,16.56,18.43675,-10.179397128018774,True,2026-05-27,14.658501347708896,2.4549865229110512,2.026693030153238,4.448838358872961,True,2026-05-27,18859323989.653904,,,,正常,18859323989.653904,3.925120772946861,True,2025-11-06,,未知,所属行业批量超时
603277,银都股份,11.99,11.98,11.99,12.35,12.31,12.31,11.87,1977285.0,23732856.0,-2.915,-0.36,11.99,15.440916666666668,-22.349169684442316,True,2026-05-27,22.407540983606562,2.58204918032787,75.36873156342183,27.18780727630285,True,2026-05-27,7358254666.860656,,,,正常,7358254666.860656,7.089241034195163,True,2025-10-20,,未知,所属行业批量超时
603279,景津装备,15.53,15.52,15.53,15.71,15.7,15.9,15.21,8128272.0,125841853.0,-1.146,-0.18,15.53,17.434666666666665,-10.924594677271326,True,2026-05-27,18.75521030494217,1.9269610935857004,46.901579586877276,3.7059538274605104,True,2026-05-27,8951072690.000002,,,,正常,8951072690.000002,5.795235028976176,True,2025-12-08,,未知,所属行业批量超时
603309,维力医疗,12.68,12.67,12.68,13.15,13.16,13.19,12.54,5942450.0,75706011.0,-3.574,-0.47,12.68,14.170250000000001,-10.516751645172118,True,2026-05-27,47.84467605633803,2.027014084507042,92.23924864063272,15.916955017301039,True,2026-05-27,3700929580.5971828,,,,正常,3700929580.5971828,5.520504731861198,True,2026-01-08,,未知,所属行业批量超时
603312,西典新能,38.79,38.78,38.82,39.27,39.23,39.92,38.6,1765036.0,69195047.0,-1.222,-0.48,38.79,45.05233333333333,-13.900130958810863,True,2026-05-27,24.951561569016885,3.370531281032773,33.85964912280702,39.29824561403509,False,2026-05-27,6206380604.999998,,,,正常,6206380604.999998,3.0162412993039442,True,2025-10-10,,未知,所属行业批量超时
603321,梅轮电梯,6.65,6.64,6.65,6.88,6.82,6.9,6.59,5836178.0,38955258.0,-3.343,-0.23,6.65,7.741833333333333,-14.103033303911639,True,2026-05-27,67.1494140625,1.6018880208333335,90.47853971386284,2.5653675382338434,True,2026-05-27,2320114968.9192715,,,,正常,2320114968.9192715,3.007518796992481,True,2025-06-23,,未知,所属行业批量超时
603326,我乐家居,7.49,7.49,7.5,7.72,7.74,7.74,7.37,4012362.0,30016205.0,-2.979,-0.23,7.49,9.11875,-17.86154900616861,True,2026-05-27,16.690245901639358,2.008442622950819,33.073496659242764,11.799410029498524,True,2026-05-27,2390635205.5245914,,,,正常,2390635205.5245914,9.345794392523365,True,2026-05-22,,未知,所属行业批量超时
603350,安乃达,31.48,31.4,31.48,32.97,33.05,33.1,31.0,1319153.0,42145134.0,-4.519,-1.49,31.48,36.51883333333333,-13.79790336493042,True,2026-05-27,33.1423102310231,2.683938393839384,35.267857142857146,10.491071428571429,True,2026-05-27,3667231120.0000005,,,,正常,3667231120.0000005,3.176620076238882,True,2026-05-20,,未知,所属行业批量超时
603357,设计总院,6.83,6.83,6.84,7.02,6.99,7.01,6.8,4769384.0,32743035.0,-2.707,-0.19,6.83,8.08275,-15.4990566329529,True,2026-05-27,12.756560846560847,0.9576455026455029,61.25061546036436,0.04923682914820286,True,2026-05-27,3828747118.4338627,,,,正常,3828747118.4338627,5.124450951683747,True,2025-10-27,,未知,所属行业批量超时
603365,水星家纺,18.42,18.41,18.42,18.87,18.87,18.88,18.32,1872200.0,34647301.0,-2.385,-0.45,18.42,20.554916666666667,-10.386403901742892,True,2026-05-27,11.455676209279368,1.491056268509378,21.008403361344538,33.36628769154721,True,2026-05-27,4835181846.0,,,,正常,4835181846.0,5.971769815418024,True,2026-01-12,,未知,所属行业批量超时
603408,建霖家居,10.63,10.63,10.69,10.79,10.86,10.87,10.61,2504540.0,26779596.0,-1.483,-0.16,10.63,12.591166666666668,-15.575734311091116,True,2026-05-27,11.558228379513007,1.3566414777497895,24.182076813655762,0.07112375533428165,True,2026-05-27,4757700990.0,,,,正常,4757700990.0,6.491063029162747,True,2026-01-05,,未知,所属行业批量超时
603444,吉比特,341.6,341.6,341.62,340.01,339.18,346.53,338.04,1374952.0,470839473.0,0.468,1.59,341.6,413.12675,-17.313512136408495,True,2026-05-27,12.135936283007966,4.093947388256576,5.467980295566503,26.502463054187192,True,2026-05-27,24609240101.59141,,,,正常,24609240101.59141,5.737704918032787,True,2026-05-21,,未知,所属行业批量超时
603456,九洲药业,12.72,12.72,12.73,12.83,12.77,12.96,12.66,12051363.0,154216422.0,-0.857,-0.11,12.72,17.028000000000002,-25.299506694855534,True,2026-05-27,17.35643535427319,1.2729291453615783,10.619469026548673,0.09832841691248771,True,2026-05-27,11313753475.862675,,,,正常,11313753475.862675,3.930817610062893,True,2025-09-08,,未知,所属行业批量超时
603508,思维列控,22.81,22.8,22.81,23.57,23.52,23.63,22.65,5303396.0,121643300.0,-3.224,-0.76,22.81,26.0415,-12.409039417852274,True,2026-05-27,14.74273446327683,2.0876949152542377,19.604612850082372,60.49382716049383,True,2026-05-27,8696868539.069302,,,,正常,8696868539.069302,16.715387987724682,True,2026-05-21,,未知,所属行业批量超时
603529,爱玛科技,21.1,21.1,21.11,21.55,21.55,21.55,20.95,7139217.0,151168444.0,-2.088,-0.45,21.1,28.546499999999998,-26.085509607132217,True,2026-05-27,11.25935760171306,1.8524625267665928,9.348914858096828,0.25041736227045075,True,2026-05-27,18312541920.471104,,,,正常,18312541920.471104,5.781990521327014,True,2025-09-11,,未知,所属行业批量超时
603551,奥普科技,10.69,10.69,10.7,10.82,10.82,10.86,10.59,1993697.0,21324015.0,-1.201,-0.13,10.69,11.93125,-10.403352540597178,True,2026-05-27,14.298553299492387,2.8307698815566833,14.341846758349705,46.56188605108055,True,2026-05-27,4112898928.4999995,,,,正常,4112898928.4999995,7.951356407857811,True,2025-10-16,,未知,所属行业批量超时
603566,普莱柯,10.6,10.6,10.61,10.81,10.78,10.8,10.52,3284800.0,34884367.0,-1.943,-0.21,10.6,12.892999999999999,-17.784844489257733,True,2026-05-27,21.227202737382378,1.387339606501283,2.0648967551622417,0.049164208456243856,True,2026-05-27,3668260093.464502,,,,正常,3668260093.464502,5.660377358490567,True,2025-10-17,,未知,所属行业批量超时
603568,伟明环保,15.34,15.33,15.34,15.55,15.56,15.64,15.25,6290351.0,97090908.0,-1.35,-0.21,15.34,24.5295,-37.46305468925172,True,2026-05-27,13.545046992481206,1.7156578947368406,9.931170108161258,0.049164208456243856,True,2026-05-27,26233364425.406013,,,,正常,26233364425.406013,7.040417209908736,True,2026-05-26,,未知,所属行业批量超时
603569,长久物流,6.08,6.08,6.09,6.23,6.25,6.25,5.99,5328300.0,32354313.0,-2.408,-0.15,6.08,7.254833333333334,-16.19380183326059,True,2026-05-27,54.861298032496315,1.3842857142857137,47.7037037037037,1.4257620452310718,True,2026-05-27,3669324086.333335,,,,正常,3669324086.333335,5.921052631578947,True,2025-10-22,,未知,所属行业批量超时
603589,口子窖,22.1,22.1,22.13,21.55,21.45,22.63,21.01,15015585.0,328513523.0,2.552,0.55,22.1,27.316500000000005,-19.096516757271253,True,2026-05-27,33.76284129692832,1.2351109215017066,99.11504424778761,0.39331366764995085,True,2026-05-27,13218440331.5017,,,,正常,13218440331.5017,5.88235294117647,True,2025-07-07,,未知,所属行业批量超时
603605,珀莱雅,59.07,59.07,59.08,57.78,57.45,59.83,57.21,6909045.0,406620498.0,2.233,1.29,59.07,66.21616666666667,-10.792178143806774,True,2026-05-27,15.868690980136758,3.6834597850862885,1.6224188790560472,1.671583087512291,True,2026-05-27,23390302792.213764,,,,正常,23390302792.213764,3.3688843744709667,True,2025-10-17,,未知,所属行业批量超时
603611,诺力股份,17.86,17.86,17.88,18.39,18.37,18.42,17.79,3319794.0,59774876.0,-2.882,-0.53,17.86,21.566166666666668,-17.18509702697899,True,2026-05-27,12.066846038863972,1.4238166417538616,22.07472959685349,1.2291052114060963,True,2026-05-27,4600750126.930741,,,,正常,4600750126.930741,9.686450167973124,True,2026-05-08,,未知,所属行业批量超时
603639,海利尔,11.04,11.04,11.1,11.38,11.41,11.41,11.04,2611700.0,29098518.0,-2.988,-0.34,11.04,13.19325,-16.320845887101363,True,2026-05-27,25.335954875100704,1.1031103948428689,93.80530973451327,1.966568338249754,True,2026-05-27,3860116525.653503,,,,正常,3860116525.653503,4.528985507246378,True,2025-07-18,,未知,所属行业批量超时
603648,畅联股份,9.01,9.0,9.01,9.32,9.32,9.34,8.9,4303700.0,38867743.0,-3.326,-0.31,9.01,10.26675,-12.240972070031898,True,2026-05-27,26.174843444227008,1.7279452054794517,47.94859120118636,17.202174987642117,True,2026-05-27,3265339328.0,,,,正常,3265339328.0,3.3296337402885685,True,2025-08-18,,未知,所属行业批量超时
603676,卫信康,9.2,9.19,9.2,9.35,9.35,9.39,9.08,2047700.0,18814244.0,-1.604,-0.15,9.2,10.779833333333332,-14.655452310641781,True,2026-05-27,18.478782112274025,2.591056137012369,14.039408866995073,5.024630541871921,True,2026-05-27,4003485800.000002,,,,正常,4003485800.000002,3.5543478260869574,True,2025-11-26,,未知,所属行业批量超时
603697,有友食品,10.45,10.45,10.46,10.51,10.45,10.63,10.03,11136820.0,115617048.0,-0.571,-0.06,10.45,11.762,-11.154565550076523,True,2026-05-27,22.232152974504242,2.4274787535410765,24.385964912280702,43.21637426900585,True,2026-05-27,4469382424.27762,,,,正常,4469382424.27762,4.019138755980861,True,2026-05-15,,未知,所属行业批量超时
603801,志邦家居,7.57,7.57,7.58,7.82,7.81,7.81,7.52,2672147.0,20344865.0,-3.197,-0.25,7.57,9.176916666666665,-17.51042016654103,True,2026-05-27,48.14872093023258,1.047476744186047,99.16256157635468,0.04926108374384236,True,2026-05-27,3288040075.113955,,,,正常,3288040075.113955,7.926023778071334,True,2025-06-18,,未知,所属行业批量超时
603833,欧派家居,39.09,39.08,39.1,39.3,39.26,39.35,37.93,3794940.0,146805772.0,-0.534,-0.21,39.09,52.57275,-25.64589069432357,True,2026-05-27,12.916695652173921,1.2850371155885472,10.132808657156911,0.14756517461878996,True,2026-05-27,23811785570.988552,,,,正常,23811785570.988552,9.516500383729854,True,2026-01-09,,未知,所属行业批量超时
603871,嘉友国际,12.31,12.3,12.31,12.1,12.24,12.56,12.04,21882459.0,270366075.0,1.736,0.21,12.31,13.717666666666666,-10.261706315456943,True,2026-05-27,13.948732171156895,2.6726941362916006,28.9198606271777,41.81184668989547,True,2026-05-27,16840186580.019007,,,,正常,16840186580.019007,4.8740861088545895,True,2025-10-15,,未知,所属行业批量超时
603886,元祖股份,10.55,10.54,10.55,10.83,10.8,10.81,10.43,2923400.0,30857909.0,-2.585,-0.28,10.55,13.06466666666667,-19.247844057763952,True,2026-05-27,26.828119935170182,1.7098865478119942,97.83251231527093,0.04926108374384236,True,2026-05-27,2532000000.0,,,,正常,2532000000.0,5.687203791469194,True,2026-05-22,,未知,所属行业批量超时
603899,晨光股份,22.76,22.75,22.76,22.49,22.28,22.84,22.16,6341104.0,142820204.0,1.201,0.27,22.76,26.315499999999997,-13.511048621534815,True,2026-05-27,15.76962515114873,2.1741717049576788,1.4763779527559056,0.39370078740157477,True,2026-05-27,20961285780.180584,,,,正常,20961285780.180584,4.393673110720562,True,2026-05-20,,未知,所属行业批量超时
603908,牧高笛,21.13,21.09,21.13,21.44,21.37,21.55,20.4,2093160.0,43635695.0,-1.446,-0.31,21.13,23.8255,-11.31350863570545,True,2026-05-27,70.32127569083049,4.054464944649446,93.80574826560951,47.87549407114625,False,2026-05-27,1967773256.1627715,,,,正常,1967773256.1627715,3.0761949834358737,True,2025-06-06,,未知,所属行业批量超时
603970,中农立华,11.63,11.63,11.66,11.82,11.79,11.85,11.49,1853926.0,21532664.0,-1.607,-0.19,11.63,13.087833333333332,-11.138843964496271,True,2026-05-27,18.018059587471353,1.919083269671505,8.300395256916996,0.04940711462450593,True,2026-05-27,3126145558.366693,,,,正常,3126145558.366693,3.869303525365434,True,2025-06-12,,未知,所属行业批量超时
603983,丸美生物,23.42,23.42,23.43,23.4,23.36,23.53,22.81,2017300.0,46749772.0,0.085,0.02,23.42,29.548333333333336,-20.7400304585707,True,2026-05-27,44.04276346604216,2.7332474629195964,37.40181268882175,2.2356495468277946,True,2026-05-27,9391420000.000002,,,,正常,9391420000.000002,3.202391118701964,True,2025-11-14,,未知,所属行业批量超时
603998,方盛制药,10.11,10.11,10.12,10.15,10.13,10.17,9.96,4548378.0,45768769.0,-0.394,-0.04,10.11,11.3555,-10.968253269340844,True,2026-05-27,14.486383561643837,2.557506849315069,5.374753451676528,36.68639053254438,True,2026-05-27,4439112549.599999,,,,正常,4439112549.599999,4.945598417408506,True,2026-01-16,,未知,所属行业批量超时
605001,威奥股份,6.55,6.54,6.55,6.74,6.79,6.79,6.5,5203840.0,34209891.0,-2.819,-0.19,6.55,7.62,-14.041994750656173,True,2026-05-27,31.521874999999998,0.9406914893617023,58.8477366255144,17.736369910282953,True,2026-05-27,2573403300.0000005,,,,正常,2573403300.0000005,3.053435114503817,True,2025-09-26,,未知,所属行业批量超时
605009,豪悦护理,25.72,25.72,25.73,25.9,25.86,26.01,25.3,1077510.0,27620361.0,-0.695,-0.18,25.72,30.048333333333336,-14.404570414332474,True,2026-05-27,24.59905284831846,1.5887439945092658,80.95930232558139,1.2354651162790697,True,2026-05-27,5530776330.846945,,,,正常,5530776330.846945,3.304821150855366,True,2025-06-12,,未知,所属行业批量超时
605028,世茂能源,23.3,23.29,23.3,24.0,24.0,24.18,23.15,1390300.0,32602818.0,-2.917,-0.7,23.3,27.496166666666667,-15.260915157870492,True,2026-05-27,26.263447521865903,2.708709912536445,89.62585034013605,61.81972789115646,False,2026-05-27,3728000000.0,,,,正常,3728000000.0,3.862660944206008,True,2026-04-24,,未知,所属行业批量超时
605050,福然德,10.94,10.94,10.95,11.32,11.31,11.31,10.88,5409828.0,59599973.0,-3.357,-0.38,10.94,13.045250000000001,-16.138057913800054,True,2026-05-27,14.521293842556501,1.2108183943881523,26.73992673992674,14.725274725274726,True,2026-05-27,5391551239.943879,,,,正常,5391551239.943879,3.19926873857404,True,2026-02-05,,未知,所属行业批量超时
605259,绿田机械,18.46,18.46,18.48,19.34,19.35,19.35,18.45,2601400.0,48614180.0,-4.55,-0.88,18.46,21.520833333333332,-14.222652468538232,True,2026-05-27,13.660586747597375,1.6900657561962575,16.4440734557596,21.285475792988315,True,2026-05-27,3183980800.000001,,,,正常,3183980800.000001,3.2502708559046587,True,2025-07-11,,未知,所属行业批量超时
605337,李子园,10.08,10.07,10.08,9.78,9.77,10.16,9.47,7200754.0,70716988.0,3.067,0.3,10.08,11.61125,-13.187641296156748,True,2026-05-27,21.411825764596852,2.354179796107507,23.924941360437842,5.003909304143862,True,2026-05-27,3932231455.8517137,,,,正常,3932231455.8517137,7.341269841269842,True,2025-10-17,,未知,所属行业批量超时
605338,巴比食品,20.7,20.7,20.76,20.61,20.61,20.99,20.21,2158400.0,44365424.0,0.437,0.09,20.7,27.114833333333333,-23.65802236168395,True,2026-05-27,17.516768027801916,2.0771937445699407,19.809244314013206,25.091709464416727,True,2026-05-27,4959029903.184187,,,,正常,4959029903.184187,5.797101449275362,True,2026-05-19,,未知,所属行业批量超时
605368,蓝天燃气,6.91,6.91,6.92,7.11,7.1,7.1,6.86,6439919.0,44568863.0,-2.813,-0.2,6.91,8.213916666666666,-15.874481317276567,True,2026-05-27,20.94537662337663,1.4896883116883108,91.80967238689549,0.078003120124805,True,2026-05-27,4938134173.0987015,,,,正常,4938134173.0987015,5.788712011577425,True,2025-09-29,,未知,所属行业批量超时
605499,东鹏饮料,139.1,139.1,139.12,141.62,141.41,142.88,137.69,6738160.0,941934244.0,-1.779,-2.52,139.1,234.48308333333335,-40.67802332577652,True,2026-05-27,16.742359235923605,3.83954395439544,0.08264462809917356,0.08264462809917356,True,2026-05-27,78559326169.99995,,,,正常,78559326169.99995,3.594536304816679,True,2026-05-18,,未知,所属行业批量超时
605599,菜百股份,15.96,15.96,15.98,16.26,16.16,16.2,15.85,5109200.0,81645099.0,-1.845,-0.3,15.96,20.110416666666666,-20.63814358230601,True,2026-05-27,10.246559485530545,2.4547266881028973,0.08802816901408451,32.65845070422535,True,2026-05-27,12413333688.000002,,,,正常,12413333688.000002,4.511278195488721,True,2025-06-16,,未知,所属行业批量超时
688009,中国通号,4.81,4.81,4.82,4.86,4.85,4.93,4.76,40423625.0,194851838.0,-1.029,-0.05,4.81,5.452083333333333,-11.776843714176543,True,2026-05-27,13.966043307086624,1.0604724409448811,11.668681983071343,1.9347037484885126,True,2026-05-27,50937029390.0,,,,正常,50937029390.0,3.5343035343035343,True,2025-07-25,,未知,所属行业批量超时
688013,天臣医疗,29.9,29.9,29.94,30.08,29.81,30.88,29.3,1470944.0,43684795.0,-0.598,-0.18,29.9,42.178000000000004,-29.109962539712654,True,2026-05-27,29.707905027932952,4.209385474860337,17.62984637893197,67.73957571324067,True,2026-05-27,2426552440.0000005,,,,正常,2426552440.0000005,3.3444816053511706,True,2025-10-16,,未知,所属行业批量超时
688289,圣湘生物,16.64,16.64,16.67,17.55,17.54,17.63,16.58,7593441.0,128998934.0,-5.185,-0.91,16.64,18.890750000000004,-11.914561359395492,True,2026-05-27,61.426578366445916,1.3499337748344369,99.70951343500363,3.340595497458242,True,2026-05-27,9641016420.09713,,,,正常,9641016420.09713,3.2271634615384617,True,2025-09-23,,未知,所属行业批量超时
688399,硕世生物,55.75,55.65,55.75,57.89,57.58,58.56,55.08,1567625.0,88248580.0,-3.697,-2.14,55.75,64.85191666666667,-14.034923151847224,True,2026-05-26,118.69997037217296,1.5834113607990017,96.88109161793372,41.91270860077022,False,2026-05-26,4675848446.028402,,,,沿用上一版：当前数据待补齐,4675848446.028402,6.098654708520179,True,2025-09-11,,未知,所属行业批量超时
688543,国科军工,46.44,46.44,46.45,47.66,47.51,47.74,45.68,4401890.0,203902345.0,-2.56,-1.22,46.44,64.91058333333334,-28.45542650338222,True,2026-05-26,40.81004745140058,3.9665574774223176,4.57796852646638,53.79113018597997,True,2026-05-26,9698623780.149397,,,,沿用上一版：当前数据待补齐,9698623780.149397,3.875968992248062,True,2026-05-22,,未知,所属行业批量超时
688606,奥泰生物,48.61,48.61,48.68,49.46,49.15,49.96,48.12,549254.0,26753802.0,-1.719,-0.85,48.61,63.17175,-23.05104734315576,True,2026-05-26,21.60919894366196,0.9927394366197186,78.57142857142857,1.6,True,2026-05-26,3853842361.55,,,,沿用上一版：当前数据待补齐,3853842361.55,5.142974696564493,True,2025-10-16,,未知,所属行业批量超时
688739,成大生物,21.89,21.89,21.91,22.19,22.15,22.15,21.75,2125674.0,46669203.0,-1.352,-0.3,21.89,25.307666666666663,-13.504471635736204,True,2026-05-26,158.0883102143758,0.9753425809163512,98.91304347826086,0.0905797101449275,True,2026-05-26,9116090500.0,,,,沿用上一版：当前数据待补齐,9116090500.0,3.654636820465966,True,2025-06-10,,未知,所属行业批量超时
