代码,名称,最新价,涨跌幅,涨跌额,成交量,成交额,振幅,换手率,市盈率-动态,量比,最高,最低,今开,昨收,总市值,流通市值,市净率_x,60日涨跌幅,年初至今涨跌幅,市盈率TTM,现价,半年线,半年线乖离率,价格达标,价格数据日期,市盈率,市净率_y,市盈率10年分位,市净率10年分位,估值分位达标,估值数据日期,总市值_估值源,价格估值错误,股息率,股息率达标,股息数据日期,股息错误,所属行业,行业错误
000501,武商集团,8.35,0.48,0.04,58410.0,48659877.3,1.68,0.76,13.01,0.95,8.42,8.28,8.33,8.31,6421089304.0,6414643396.0,0.58,-21.23,-17.49,39.83,8.35,9.540999999999999,-12.4829682423226,True,2026-05-08,39.83,0.58,92.63105835806132,9.940652818991099,True,2026-05-08,6421089304.0,,3.592814371257485,True,2025-10-22,,一般零售,
000521,长虹美菱,5.72,0.53,0.03,98812.0,56473800.44,0.88,1.13,20.97,1.46,5.73,5.68,5.68,5.69,5891163650.0,5007978084.0,0.96,-13.73,-12.67,19.7,5.72,6.411833333333333,-10.789945673364354,True,2026-05-08,19.7,0.96,44.29447852760736,58.40751730959446,False,2026-05-08,5891163650.0,,5.769230769230769,True,2025-06-11,,白色家电,
000568,泸州老窖,99.05,0.73,0.72,110761.0,1100361984.97,2.39,0.75,9.83,1.02,100.35,98.0,98.28,98.33,145795851435.0,145727946123.0,2.83,-19.39,-13.76,14.66,99.05,115.92908333333334,-14.559835071584715,True,2026-05-08,14.66,2.83,17.903066271018794,0.1483679525222552,True,2026-05-08,145795851435.0,,6.007067137809187,True,2026-01-30,,白酒Ⅱ,
000596,古井贡酒,108.22,2.07,2.19,26497.0,286236887.04,2.77,0.65,8.9,0.96,108.95,106.01,106.01,106.03,57205092000.0,44218692000.0,2.19,-21.34,-17.77,20.24,108.22,130.08616666666666,-16.808986863835116,True,2026-05-08,20.24,2.19,24.530168150346192,1.0880316518298714,True,2026-05-08,57205092000.0,,5.544261689151727,True,2026-02-10,,白酒Ⅱ,
000625,长安汽车,9.36,-0.95,-0.09,888611.0,833967038.36,1.48,1.07,66.18,1.23,9.49,9.35,9.43,9.45,92784969688.0,77380176894.0,1.2,-17.75,-21.08,30.19,9.36,11.136166666666668,-15.949533801278138,True,2026-05-08,30.19,1.2,78.34645669291339,27.992087042532148,True,2026-05-08,92784969688.0,,3.6858974358974366,True,2025-11-28,,乘用车,
000858,五 粮 液,92.6,0.37,0.34,536278.0,4986385438.04,1.54,1.38,11.14,1.51,93.85,92.43,92.43,92.26,359436901263.0,359428140007.0,2.81,-16.4,-12.59,28.53,92.6,107.23208333333332,-13.645247652094172,True,2026-05-08,28.53,2.81,52.868447082096935,0.1483679525222552,True,2026-05-08,359436901263.0,,6.206263498920086,True,2025-12-18,,白酒Ⅱ,
000913,钱江摩托,13.44,-0.07,-0.01,51834.0,69433334.35,0.97,1.0,-45.45,0.92,13.48,13.35,13.47,13.45,7074963840.0,6990179952.0,1.33,-14.18,-12.84,8.31,13.44,15.356333333333334,-12.479107425817803,True,2026-05-08,8.31,1.33,0.09891196834817012,0.9396636993076163,True,2026-05-08,7074963840.0,,6.696428571428571,True,2025-09-12,,摩托车及其他,
000915,华特达因,28.81,0.1,0.03,34182.0,97921372.51,1.11,1.46,15.26,0.73,28.84,28.52,28.77,28.78,6751090083.0,6746795952.0,2.27,-9.54,-12.8,14.57,28.81,32.45733333333333,-11.237316682413834,True,2026-05-08,14.57,2.27,27.942631058358064,11.671612265084075,True,2026-05-08,6751090083.0,,8.677542519958347,True,2025-10-17,,化学制药,
001206,依依股份,18.95,-0.37,-0.07,23548.0,44712787.11,1.21,2.2,31.64,0.93,19.14,18.91,19.04,19.02,3503737662.0,2025081479.0,1.88,-24.11,-35.74,22.37,18.95,25.900333333333332,-26.834918469517767,True,2026-05-08,22.37,1.88,45.3941908713693,49.54356846473029,False,2026-05-08,3503737662.0,,4.379947229551451,True,2026-02-04,,个护用品,
001207,联科科技,18.19,-1.2,-0.22,78316.0,143674848.6,3.8,2.68,21.14,1.24,18.85,18.15,18.85,18.41,5514075563.0,5322795853.0,1.63,-4.61,2.42,20.06,18.19,24.87066666666667,-26.861630836862705,True,2026-05-08,20.06,1.63,46.61016949152542,6.864406779661017,True,2026-05-08,5514075563.0,,4.398020890599231,True,2026-04-08,,橡胶,
001299,美能能源,11.0,-0.99,-0.11,75777.0,83372112.35,1.89,2.68,31.21,0.62,11.1,10.89,11.0,11.11,3456367057.0,3111628036.0,2.15,12.59,0.18,33.34,11.0,13.158083333333336,-16.401198249491767,True,2026-05-08,33.34,2.15,63.14553990610329,40.962441314553985,False,2026-05-08,3456367057.0,,5.909090909090909,True,2026-04-29,,燃气Ⅱ,
002088,鲁阳节能,9.93,-1.29,-0.13,34829.0,34677821.68,1.99,0.69,436.93,0.67,10.11,9.91,10.1,10.06,5095307279.0,5021942374.0,2.01,-24.14,-5.16,-358.27,9.93,11.201666666666666,-11.352477309924113,True,2026-05-08,-358.27,2.01,,21.8595450049456,True,2026-05-08,5095307279.0,,8.056394763343404,True,2025-06-13,,装修建材,
002101,广东鸿图,10.0,-0.4,-0.04,61926.0,62139764.33,0.9,0.94,-235.37,1.03,10.09,10.0,10.05,10.04,6628230110.0,6622121990.0,0.83,-17.7,-18.83,21.37,10.0,11.911249999999999,-16.045755063490386,True,2026-05-08,21.37,0.83,58.56749311294765,10.336300692383778,True,2026-05-08,6628230110.0,,3.1300000000000003,True,2025-07-07,,汽车零部件,
002258,利尔化学,12.48,-1.27,-0.16,170582.0,212510389.53,3.24,2.13,21.7,0.79,12.71,12.3,12.64,12.64,9989456605.0,9973373218.0,1.25,-29.69,-4.37,22.66,12.48,14.5055,-13.963668953155695,True,2026-05-08,22.66,1.25,65.5291790306627,19.930761622156282,True,2026-05-08,9989456605.0,,3.2051282051282057,True,2025-09-23,,农化制品,
002270,华明装备,24.51,-0.65,-0.16,352769.0,854807767.87,5.63,3.94,33.69,1.34,24.77,23.38,24.61,24.67,21966485314.0,21966133301.0,7.04,-19.9,-1.29,31.32,24.51,28.285249999999998,-13.34706251491501,True,2026-05-08,31.32,7.04,90.85064292779427,94.46092977250248,False,2026-05-08,21966485314.0,,3.386372909016728,True,2026-04-30,,电网设备,
002303,美盈森,3.45,1.17,0.04,241613.0,82781265.0,2.05,2.5,21.52,1.25,3.47,3.4,3.42,3.41,5283066713.0,3335739647.0,1.18,-16.87,-14.39,21.84,3.45,3.9245000000000005,-12.09071219263601,True,2026-05-08,21.84,1.18,51.48367952522255,47.675568743818005,False,2026-05-08,5283066713.0,,5.710144927536232,True,2025-11-25,,包装印刷,
002304,洋河股份,48.63,-0.1,-0.05,64183.0,312796331.33,1.11,0.43,7.49,1.2,49.1,48.56,48.8,48.68,73258423949.0,73256695152.0,1.49,-18.71,-19.94,72.14,48.63,57.56816666666667,-15.526231221537367,True,2026-05-08,72.14,1.49,99.80217606330366,0.1483679525222552,True,2026-05-08,73258423949.0,,4.764548632531359,True,2025-06-27,,白酒Ⅱ,
002315,焦点科技,32.35,2.6,0.82,94513.0,301768045.66,3.43,3.59,34.06,1.13,32.44,31.36,31.59,31.53,13341354448.0,8505244187.0,3.57,-19.19,-6.66,27.25,32.35,44.280750000000005,-26.943423496666163,True,2026-05-08,27.25,3.57,38.22947576656775,66.81503461918892,False,2026-05-08,13341354448.0,,4.01854714064915,True,2026-04-23,,互联网电商,
002345,潮宏基,10.56,0.96,0.1,241685.0,258036278.96,3.63,2.79,8.9,1.04,10.85,10.47,10.64,10.46,9382694186.0,9157942094.0,2.33,-20.96,-15.52,16.41,10.56,11.982666666666667,-11.872705018359852,True,2026-05-08,16.41,2.33,34.04722679846238,83.13550939663699,False,2026-05-08,9382694186.0,,3.3143939393939394,True,2025-10-15,,饰品,
002367,康力电梯,6.13,-0.65,-0.04,112297.0,68938621.6,1.3,1.41,33.21,0.92,6.19,6.11,6.19,6.17,4890179645.0,4870749231.0,1.34,-22.89,-23.95,16.42,6.13,7.4235,-17.42439550077457,True,2026-05-08,16.42,1.34,39.26805143422354,7.319485657764589,True,2026-05-08,4890179645.0,,4.893964110929852,True,2025-05-23,,专用设备,
002393,力生制药,16.59,-0.78,-0.13,30421.0,50557926.74,1.44,1.01,24.7,0.83,16.79,16.55,16.73,16.72,5125716327.0,4980607396.0,0.93,-5.2,-4.38,12.41,16.59,21.663583333333335,-23.419871289375806,True,2026-05-08,12.41,0.93,6.528189910979229,35.410484668644905,True,2026-05-08,5125716327.0,,5.424954792043399,True,2026-04-28,,化学制药,
002540,亚太科技,6.03,0.33,0.02,114577.0,68870427.0,1.5,1.34,47.57,1.01,6.05,5.96,6.02,6.01,7544397554.0,5174953049.0,1.35,-23.67,-14.83,20.31,6.03,6.988083333333333,-13.710244821541428,True,2026-05-08,20.31,1.35,83.67952522255193,50.19782393669634,False,2026-05-08,7544397554.0,,4.975124378109452,True,2025-09-23,,工业金属,
002543,万和电气,8.3,-0.95,-0.08,36376.0,30264592.06,1.55,0.55,19.38,0.69,8.4,8.27,8.38,8.38,6171880000.0,5491430238.0,1.28,-17.82,-18.71,53.22,8.3,9.699833333333334,-14.431519441914809,True,2026-05-08,53.22,1.28,99.95054401582591,5.934718100890208,True,2026-05-08,6171880000.0,,3.132530120481927,True,2025-09-12,,厨卫电器,
002572,索菲亚,11.88,1.8,0.21,101860.0,120054790.24,2.91,1.56,-74.43,0.76,11.99,11.65,11.71,11.67,11441000308.0,7739387806.0,1.55,-21.32,-12.71,13.45,11.88,13.520166666666666,-12.131260709310776,True,2026-05-08,13.45,1.55,31.05835806132542,0.1483679525222552,True,2026-05-08,11441000308.0,,8.417508417508417,True,2025-05-29,,家居用品,
002601,龙佰集团,16.51,-2.65,-0.45,448189.0,743880253.63,4.95,2.25,52.63,1.24,17.17,16.33,17.15,16.96,39363935405.0,32815321997.0,1.72,-27.04,-15.68,52.81,16.51,19.138416666666664,-13.73372057075427,True,2026-05-08,52.81,1.72,99.80217606330366,6.577645895153314,True,2026-05-08,39363935405.0,,3.6341611144760746,True,2025-12-17,,化学原料,
002736,国信证券,10.81,0.0,0.0,339009.0,366358844.02,1.94,0.35,13.15,0.66,10.96,10.75,10.86,10.81,110713242479.0,103910361565.0,1.1,-14.81,-16.97,10.21,10.81,12.4955,-13.488855988155734,True,2026-05-08,10.21,1.1,7.71513353115727,11.22650840751731,True,2026-05-08,110713242479.0,,4.162812210915819,True,2026-02-11,,证券Ⅱ,
002758,浙农股份,9.0,-1.32,-0.12,105268.0,94997743.99,1.97,2.03,21.55,0.67,9.16,8.98,9.11,9.12,4669222491.0,4663847916.0,0.9,-15.97,-10.63,8.63,9.0,10.05775,-10.516765678208351,True,2026-05-08,8.63,0.9,1.9287833827893175,2.571711177052423,True,2026-05-08,4669222491.0,,3.3333333333333335,True,2025-05-27,,综合Ⅱ,
002852,道道全,9.0,-0.77,-0.07,63870.0,57442943.22,2.32,2.23,54.77,0.58,9.14,8.93,9.07,9.07,3095714745.0,2572208640.0,1.37,-20.42,-13.71,21.36,9.0,10.594583333333333,-15.050930113658701,True,2026-05-08,21.36,1.37,43.07324840764331,8.061325420375866,True,2026-05-08,3095714745.0,,3.2888888888888883,True,2026-04-21,,农产品加工,
002911,佛燃能源,12.01,-0.74,-0.09,56185.0,67379724.11,1.49,0.44,47.09,0.47,12.11,11.93,12.1,12.1,15591091718.0,15217126392.0,3.69,-13.53,3.53,15.11,12.01,13.463333333333333,-10.794751176033667,True,2026-05-08,15.11,3.69,8.209693372898121,81.25618199802176,True,2026-05-08,15591091718.0,,4.329725228975854,True,2026-04-24,,燃气Ⅱ,
002984,森麒麟,16.75,-1.0,-0.17,144795.0,242792436.2,2.48,2.03,20.69,0.9,17.08,16.66,16.97,16.92,17357805089.0,11958307802.0,1.28,-18.33,-20.88,17.83,16.75,19.876833333333334,-15.731043677312783,True,2026-05-08,17.83,1.28,41.65446559297219,0.14641288433382138,True,2026-05-08,17357805089.0,,3.522388059701493,True,2025-11-10,,汽车零部件,
003012,东鹏控股,5.61,-1.75,-0.1,143955.0,81088161.18,2.1,1.27,-32.46,0.99,5.71,5.59,5.71,5.71,6490664296.0,6364622014.0,0.86,-23.47,-14.35,19.53,5.61,6.753166666666667,-16.927861003479848,True,2026-05-08,19.53,0.86,43.765903307888046,2.3031203566121845,True,2026-05-08,6490664296.0,,4.45632798573975,True,2025-05-23,,家居用品,
300019,硅宝科技,18.24,0.83,0.15,50904.0,92606619.33,1.66,1.38,38.97,0.89,18.3,18.0,18.03,18.09,7170448608.0,6723444685.0,2.6,-16.71,-10.37,28.27,18.24,21.207083333333333,-13.991001434269212,True,2026-05-08,28.27,2.6,50.14836795252226,14.638971315529178,True,2026-05-08,7170448608.0,,3.289473684210526,True,2026-04-30,,化学制品,
300146,汤臣倍健,10.51,-1.22,-0.13,159801.0,168055005.96,1.5,1.43,11.07,1.04,10.64,10.48,10.64,10.64,17779525596.0,11778395766.0,1.54,-12.64,-9.08,24.38,10.51,11.813416666666663,-11.033358963325579,True,2026-05-08,24.38,1.54,43.291995490417136,0.1483679525222552,True,2026-05-08,17779525596.0,,4.28163653663178,True,2026-04-21,,食品加工,
300232,洲明科技,6.49,1.25,0.08,254043.0,164551899.21,1.72,2.87,-21.27,1.11,6.52,6.41,6.44,6.41,7057532010.0,5747817151.0,1.56,-21.05,-8.46,-94.9,6.49,7.322666666666667,-11.371085214857967,True,2026-05-08,-94.9,1.56,,23.491592482690404,True,2026-05-08,7057532010.0,,3.697996918335901,True,2025-05-22,,光学光电子,
300360,炬华科技,14.99,1.9,0.28,97025.0,145204389.2,3.47,1.94,20.23,1.02,15.16,14.65,14.75,14.71,7707665019.0,7499146789.0,1.81,-13.1,-13.8,15.82,14.99,17.04866666666667,-12.075235600046941,True,2026-05-08,15.82,1.81,45.00494559841741,28.18991097922849,True,2026-05-08,7707665019.0,,4.66977985323549,True,2025-12-19,,电网设备,
300396,ST迪瑞,8.34,-10.03,-0.93,256251.0,213428024.64,4.1,9.41,-499.8,9.2,8.54,8.16,8.3,9.27,2274319343.0,2270675297.0,1.48,-38.22,-35.35,-8.65,8.34,12.728000000000002,-34.47517284726588,True,2026-05-08,-8.65,1.48,,0.09891196834817012,True,2026-05-08,2274319343.0,,3.117505995203837,True,2025-05-20,,医疗器械,
300501,海顺新材,13.7,-2.63,-0.37,117802.0,163731817.34,6.18,8.26,-87.97,1.0,14.36,13.49,14.16,14.07,3811102935.0,1954642171.0,1.91,30.1,33.53,-74.2,13.7,16.309916666666666,-16.002023308927594,True,2026-05-08,-74.2,1.91,,31.899109792284868,False,2026-05-08,3811102935.0,,7.8102189781021885,True,2026-04-28,,包装印刷,
300532,今天国际,7.95,-1.12,-0.09,152382.0,121099223.24,2.36,2.52,24.41,1.53,8.08,7.89,8.04,8.04,5053340385.0,4807535997.0,1.96,-8.2,-3.87,23.29,7.95,11.758333333333333,-32.38837703756201,True,2026-05-08,23.29,1.96,34.9124613800206,0.44510385756676557,True,2026-05-08,5053340385.0,,6.289308176100629,True,2026-05-06,,IT服务Ⅱ,
300533,冰川网络,27.94,3.02,0.82,100094.0,274547929.28,5.6,6.07,-167.75,0.98,28.28,26.76,27.3,27.12,6550867442.0,4609364563.0,4.31,-25.39,-19.55,22.99,27.94,33.014,-15.369237293269522,True,2026-05-08,22.99,4.31,23.692501575299307,81.4540059347181,True,2026-05-08,6550867442.0,,3.579098067287043,True,2025-10-28,,游戏Ⅱ,
300791,仙乐健康,19.12,-0.93,-0.18,16801.0,32241401.27,1.5,0.65,29.57,1.02,19.4,19.11,19.4,19.3,5902184597.0,4907782650.0,2.11,-19.7,-26.06,50.11,19.12,22.504416666666664,-15.038899771526316,True,2026-05-08,50.11,2.11,88.5,11.875,True,2026-05-08,5902184597.0,,3.3995815899581587,True,2025-05-27,,食品加工,
300795,米奥会展,11.05,0.73,0.08,32872.0,36264761.52,1.91,1.89,-33.45,0.63,11.1,10.89,11.08,10.97,3302777264.0,1922536029.0,5.27,-19.64,-17.66,22.19,11.05,13.335083333333333,-17.135875916285983,True,2026-05-08,22.19,5.27,7.559395248380129,27.86885245901639,True,2026-05-08,3302777264.0,,5.583710407239819,True,2026-04-30,,专业服务,
300979,华利集团,38.06,-0.78,-0.3,26595.0,101263561.46,1.54,0.23,28.91,1.02,38.49,37.9,38.38,38.36,44416020000.0,44415728841.0,2.71,-22.26,-24.2,15.7,38.06,50.213499999999996,-24.2036504127376,True,2026-05-08,15.7,2.71,2.4630541871921183,0.16420361247947454,True,2026-05-08,44416020000.0,,8.670520231213871,True,2025-09-17,,纺织制造,
301004,嘉益股份,43.58,0.02,0.01,4020.0,17519592.99,0.85,0.3,25.87,0.47,43.8,43.43,43.57,43.57,6354235852.0,5931558357.0,3.54,-9.62,-16.27,18.32,43.58,52.186,-16.491012915341287,True,2026-05-08,18.32,3.54,67.06281833616299,11.884550084889643,True,2026-05-08,6354235852.0,,9.178522257916475,True,2025-10-20,,家居用品,
600000,浦发银行,9.09,-0.98,-0.09,719725.0,657929069.0,1.2,0.22,4.24,0.96,9.2,9.09,9.18,9.18,302750070147.0,302750070147.0,0.4,-10.44,-26.93,6.02,9.09,10.660333333333336,-14.730621306400693,True,2026-05-08,6.02,0.4,69.73293768545994,25.71711177052423,True,2026-05-08,302750070147.0,,4.51045104510451,True,2025-07-16,,银行Ⅱ,
600028,中国石化,5.27,-1.86,-0.1,3556190.0,1884326538.0,1.49,0.38,9.37,0.89,5.35,5.27,5.34,5.37,637277459950.0,499345545226.0,0.76,-18.17,-14.72,17.93,5.27,6.029749999999999,-12.60002487665326,True,2026-05-08,17.93,0.76,86.05341246290801,35.06429277942631,False,2026-05-08,637277459950.0,,4.326375711574952,True,2025-09-12,,炼化及贸易,
600039,四川路桥,8.06,0.5,0.04,466835.0,376136413.0,2.37,0.54,11.72,0.83,8.13,7.94,8.02,8.02,70086460599.0,70086460599.0,1.32,-16.65,-18.99,9.99,8.06,9.7205,-17.082454606244525,True,2026-05-08,9.99,1.32,58.30860534124629,44.609297725024724,False,2026-05-08,70086460599.0,,5.074441687344913,True,2025-10-23,,基础建设,
600050,中国联通,4.49,0.9,0.04,1909777.0,853627770.0,1.35,0.62,16.42,1.18,4.5,4.44,4.46,4.45,140377269718.0,139146937092.0,0.82,-12.82,-12.13,16.21,4.49,4.991666666666666,-10.050083472454075,True,2026-05-08,16.21,0.82,7.962413452027696,12.01780415430267,True,2026-05-08,140377269718.0,,3.8596881959910916,True,2025-10-24,,通信服务,
600057,厦门象屿,6.98,-0.85,-0.06,271540.0,189599837.0,1.99,1.3,9.51,0.54,7.07,6.93,7.02,7.04,19827313586.0,14605720945.0,1.26,-16.51,-18.08,15.19,6.98,8.253666666666668,-15.431525382658219,True,2026-05-08,15.19,1.26,94.46092977250248,58.160237388724035,False,2026-05-08,19827313586.0,,5.014326647564469,True,2025-11-25,,物流,
600067,冠城新材,3.55,0.28,0.01,279517.0,99113026.0,1.41,2.01,-60.0,0.73,3.57,3.52,3.55,3.54,4940424023.0,4940424023.0,0.88,-18.76,-14.46,256.09,3.55,4.19825,-15.440957541832912,True,2026-05-08,256.09,0.88,99.9028182701652,83.18496538081108,False,2026-05-08,4940424023.0,,6.197183098591551,True,2025-08-26,,电网设备,
600269,赣粤高速,4.44,0.0,0.0,102431.0,45511325.0,0.68,0.44,9.43,0.76,4.46,4.43,4.44,4.44,10369207142.0,10369207142.0,0.53,-10.48,-14.45,9.2,4.44,4.9855833333333335,-10.943219616561084,True,2026-05-08,9.2,0.53,50.0,36.20178041543027,False,2026-05-08,10369207142.0,,3.828828828828828,True,2025-05-30,,铁路公路,
600273,嘉化能源,8.06,-1.71,-0.14,222826.0,179947851.0,2.32,1.7,25.56,0.8,8.21,8.02,8.2,8.2,10569151523.0,10569151523.0,1.07,-33.72,-7.78,12.96,8.06,9.473833333333335,-14.923561388385565,True,2026-05-08,12.96,1.07,82.59149357072205,5.934718100890208,True,2026-05-08,10569151523.0,,4.962779156327543,True,2025-09-15,,化学制品,
600325,华发股份,3.56,-0.84,-0.03,514236.0,182865044.0,2.51,1.87,-2.59,0.69,3.61,3.52,3.59,3.59,9797661533.0,9797661533.0,1.14,-19.46,-15.64,-0.92,3.56,4.170916666666667,-14.647059998801225,True,2026-05-08,-0.92,1.14,,66.02373887240356,False,2026-05-08,9797661533.0,,3.48314606741573,True,2025-09-11,,房地产开发,
600373,中文传媒,8.46,-0.94,-0.08,142468.0,120091920.0,1.29,1.06,26.22,1.29,8.49,8.38,8.49,8.54,11398654763.0,11398654763.0,0.64,-11.41,-9.42,53.5,8.46,9.468250000000001,-10.648747128561242,True,2026-05-08,53.5,0.64,99.95054401582591,0.9891196834817012,True,2026-05-08,11398654763.0,,4.7281323877068555,True,2025-06-13,,出版,
600422,昆药集团,9.33,-2.0,-0.19,99085.0,93273933.0,2.63,1.31,-12.45,0.75,9.56,9.31,9.5,9.52,7062583813.0,7062583813.0,1.35,-25.12,-25.72,60.02,9.33,12.242166666666666,-23.78800049010932,True,2026-05-08,60.02,1.35,99.75272007912957,3.5113748763600396,True,2026-05-08,7062583813.0,,3.215434083601286,True,2025-07-30,,中药Ⅱ,
600559,老白干酒,13.51,0.07,0.01,94797.0,128514486.0,1.11,1.04,18.67,0.81,13.65,13.5,13.56,13.5,12358237968.0,12287472588.0,2.26,-21.27,-15.77,27.91,13.51,15.364333333333331,-12.069077734146171,True,2026-05-08,27.91,2.26,33.13550939663699,0.5934718100890208,True,2026-05-08,12358237968.0,,4.071058475203553,True,2025-06-20,,白酒Ⅱ,
600612,老凤祥,39.39,0.23,0.09,18125.0,71098678.0,1.32,0.57,9.42,1.22,39.52,39.0,39.44,39.3,20605608724.0,12490948326.0,1.5,-20.42,-11.42,12.2,39.39,43.81358333333333,-10.096374221845183,True,2026-05-08,12.2,1.5,7.665677546983185,0.2472799208704253,True,2026-05-08,20605608724.0,,5.204366590505203,True,2025-09-26,,饰品,
600690,海尔智家,21.44,-0.65,-0.14,488350.0,1053850392.0,2.04,0.78,10.81,0.67,21.85,21.41,21.71,21.58,201056379696.0,134064929132.0,1.61,-15.79,-17.82,10.74,21.44,24.989916666666666,-14.20539617645783,True,2026-05-08,10.74,1.61,2.0276953511374876,1.0385756676557862,True,2026-05-08,201056379696.0,,5.7567164179104475,True,2025-11-07,,白色家电,
600729,重庆百货,21.38,-0.09,-0.02,24398.0,52348120.0,1.64,1.27,8.44,0.77,21.7,21.35,21.69,21.4,9416886786.0,4115283205.0,1.16,-12.52,-17.26,11.09,21.38,24.730916666666666,-13.54950450010277,True,2026-05-08,11.09,1.16,48.61523244312561,0.9891196834817012,True,2026-05-08,9416886786.0,,7.114405986903649,True,2026-01-16,,一般零售,
600866,星湖科技,5.81,0.17,0.01,231764.0,134477497.0,1.38,1.85,-51.47,0.6,5.84,5.76,5.81,5.8,9653155899.0,7296019772.0,1.18,-22.12,-16.4,21.08,5.81,7.100833333333332,-18.178617533153375,True,2026-05-08,21.08,1.18,49.913043478260875,7.91295746785361,True,2026-05-08,9653155899.0,,6.540447504302927,True,2025-06-23,,化学制品,
600873,梅花生物,9.48,-2.47,-0.24,505779.0,480887220.0,3.19,1.8,56.36,1.19,9.74,9.43,9.73,9.72,26584210842.0,26584210842.0,1.62,-14.13,-6.42,11.17,9.48,10.788166666666665,-12.125940459454021,True,2026-05-08,11.17,1.62,51.33531157270029,20.969337289812067,True,2026-05-08,26584210842.0,,4.493354430379746,True,2025-05-23,,化学制品,
600983,惠而浦,9.33,0.21,0.02,38552.0,35945417.0,1.07,0.5,18.78,0.59,9.39,9.29,9.31,9.31,7150875870.0,7150875870.0,2.33,-14.09,-2.41,14.33,9.33,10.604666666666667,-12.019865468032942,True,2026-05-08,14.33,2.33,8.116545265348595,75.1730959446093,True,2026-05-08,7150875870.0,,3.108252947481243,True,2025-06-27,,白色家电,
601010,ST文峰,2.0,-4.76,-0.1,17516.0,3503200.0,0.0,0.09,20.21,0.08,2.0,2.0,2.0,2.1,3696000000.0,3696000000.0,0.9,-26.2,-26.74,-34.71,2.0,2.6109166666666668,-23.398550955922246,True,2026-05-08,-34.71,0.9,,8.011869436201781,True,2026-05-08,3696000000.0,,5.250000000000001,True,2025-09-12,,一般零售,
601019,山东出版,7.56,0.27,0.02,108252.0,81626042.0,0.93,0.52,12.01,0.9,7.57,7.5,7.52,7.54,15776964000.0,15776964000.0,1.0,-18.62,-12.5,13.38,7.56,8.669416666666667,-12.79690098334183,True,2026-05-08,13.38,1.0,86.89416419386747,6.973293768545995,True,2026-05-08,15776964000.0,,4.894179894179895,True,2025-10-13,,出版,
601567,三星电气,20.27,0.45,0.09,278353.0,565842596.0,2.38,1.98,42.56,0.83,20.59,20.11,20.23,20.18,28483594538.0,28483594538.0,2.44,-17.23,-11.95,29.92,20.27,25.126249999999995,-19.32739664693297,True,2026-05-08,29.92,2.44,98.07121661721068,66.17210682492582,False,2026-05-08,28483594538.0,,6.78342377898372,True,2025-10-20,,电网设备,
601717,中创智领,18.25,-0.05,-0.01,242851.0,443325826.0,1.2,1.57,9.13,0.72,18.38,18.16,18.26,18.26,32583548723.0,28144524573.0,1.3,-26.85,-25.66,7.95,18.25,23.005916666666668,-20.672580604264844,True,2026-05-08,7.95,1.3,18.15034619188922,57.467853610286845,True,2026-05-08,32583548723.0,,6.136986301369863,True,2025-07-25,,专用设备,
601766,中国中车,5.94,0.0,0.0,2648539.0,1578171321.0,1.52,1.09,12.62,1.24,6.02,5.93,5.95,5.94,170471252683.0,144507120405.0,0.97,-6.6,-12.9,12.62,5.94,6.653583333333333,-10.72479741492678,True,2026-05-08,12.62,0.97,2.6706231454005933,5.786350148367952,True,2026-05-08,170471252683.0,,5.387205387205387,True,2025-11-20,,轨交设备Ⅱ,
601800,中国交建,6.94,-0.14,-0.01,1109660.0,772413633.0,1.44,0.94,6.88,2.96,7.03,6.93,6.97,6.95,112946030922.0,81779093314.0,0.39,-15.67,-14.53,8.44,6.94,8.12125,-14.545174696013541,True,2026-05-08,8.44,0.39,74.43125618199802,0.1483679525222552,True,2026-05-08,112946030922.0,,4.026080691642651,True,2026-01-09,,基础建设,
603008,ST喜临门,9.31,-5.0,-0.49,3743.0,3484733.0,0.0,0.1,-23.9,0.08,9.31,9.31,9.31,9.8,3428802570.0,3428802570.0,0.98,-55.77,-54.54,25.5,9.31,18.762166666666666,-50.37886526964724,True,2026-05-08,25.5,0.98,72.81935846933033,0.09891196834817012,True,2026-05-08,3428802570.0,,8.592910848549947,True,2025-11-26,,家居用品,
603113,金能科技,5.82,-3.8,-0.23,469382.0,275468508.0,3.64,5.53,-2.09,1.96,6.02,5.8,6.01,6.05,4938215385.0,4938215385.0,0.68,-18.14,-4.75,-7.66,5.82,6.795083333333333,-14.349836278681883,True,2026-05-08,-7.66,0.68,,15.82591493570722,True,2026-05-08,4938215385.0,,6.099656357388315,True,2025-09-17,,化学原料,
603202,天有为,79.54,-0.03,-0.02,12615.0,99835804.0,1.03,2.51,25.07,0.74,79.6,78.78,79.41,79.56,12726400000.0,3993987517.0,1.85,-14.66,-13.36,15.74,79.54,92.62325000000001,-14.125233135308902,True,2026-05-08,15.74,1.85,98.0,1.6,True,2026-05-08,12726400000.0,,4.387729444304752,True,2025-10-16,,汽车零部件,
603230,内蒙新华,10.87,0.28,0.03,21758.0,23651141.0,0.83,0.62,15.45,0.68,10.9,10.81,10.84,10.84,3842795010.0,3842795010.0,1.36,-15.93,-11.98,46.61,10.87,12.265999999999998,-11.381053318115109,True,2026-05-08,46.61,1.36,100.0,0.8530805687203791,True,2026-05-08,3842795010.0,,4.415823367065317,True,2025-06-19,,出版,
603277,银都股份,13.33,1.14,0.15,20890.0,27575877.0,2.12,0.34,49.41,1.08,13.35,13.07,13.2,13.18,8180611736.0,8127914513.0,2.87,-17.15,-20.8,24.91,13.33,15.936,-16.352911646586342,True,2026-05-08,24.91,2.87,90.25717111770524,33.7784371909001,False,2026-05-08,8180611736.0,,6.3765941485371345,True,2025-10-20,,通用设备,
603369,今世缘,27.55,-0.07,-0.02,98550.0,272466167.0,2.43,0.79,6.2,0.7,28.08,27.41,27.62,27.57,34349341019.0,34349341019.0,1.91,-22.26,-20.79,14.65,27.55,32.379999999999995,-14.916615194564532,True,2026-05-08,14.65,1.91,6.627101879327399,1.0880316518298714,True,2026-05-08,34349341019.0,,4.3557168784029034,True,2025-06-06,,白酒Ⅱ,
603456,九洲药业,13.64,0.29,0.04,150967.0,205697512.0,0.96,1.7,17.63,0.6,13.71,13.58,13.65,13.6,12132043822.0,12132043822.0,1.36,-25.99,-23.8,18.61,13.64,17.783749999999998,-23.300766148871855,True,2026-05-08,18.61,1.36,13.501483679525222,1.533135509396637,True,2026-05-08,12132043822.0,,3.6656891495601167,True,2025-09-08,,医疗服务,
603529,爱玛科技,23.19,-0.3,-0.07,82616.0,191274576.0,0.95,0.97,25.66,0.65,23.29,23.07,23.29,23.26,20126438253.0,19654927021.0,2.04,-22.96,-21.92,12.38,23.19,29.63633333333333,-21.75145373359276,True,2026-05-08,12.38,2.04,21.585160202360875,0.16863406408094433,True,2026-05-08,20126438253.0,,5.260888313928417,True,2025-09-11,,摩托车及其他,
603566,普莱柯,11.67,-0.17,-0.02,51629.0,60028944.0,1.63,1.49,24.79,0.93,11.75,11.56,11.73,11.69,4038546726.0,4038546726.0,1.53,-15.37,-6.11,23.37,11.67,13.198583333333334,-11.581419723076348,True,2026-05-08,23.37,1.53,4.648862512363996,0.741839762611276,True,2026-05-08,4038546726.0,,5.141388174807198,True,2025-10-17,,动物保健Ⅱ,
603569,长久物流,6.66,1.22,0.08,44811.0,29804176.0,1.22,0.74,1057.47,0.77,6.68,6.6,6.62,6.58,4019358292.0,4019358292.0,1.52,-9.39,-12.94,-44.46,6.66,7.464583333333334,-10.778677086240585,True,2026-05-08,-44.46,1.52,,7.072205736894165,True,2026-05-08,4019358292.0,,5.405405405405405,True,2025-10-22,,物流,
603589,口子窖,23.44,-0.42,-0.1,37209.0,87608267.0,1.23,0.62,10.66,0.89,23.73,23.44,23.54,23.54,14019920424.0,14019920424.0,1.31,-25.21,-22.0,35.81,23.44,28.393500000000003,-17.445894306795573,True,2026-05-08,35.81,1.31,99.55489614243324,0.09891196834817012,True,2026-05-08,14019920424.0,,5.546075085324232,True,2025-07-07,,白酒Ⅱ,
603833,欧派家居,46.5,-0.9,-0.42,20336.0,94627408.0,2.3,0.33,45.75,0.55,47.32,46.24,47.32,46.92,28325608316.0,28325608316.0,1.53,-25.41,-8.57,15.36,46.5,53.940749999999994,-13.794302081450471,True,2026-05-08,15.36,1.53,26.95351137487636,0.5934718100890208,True,2026-05-08,28325608316.0,,8.0,True,2026-01-09,,家居用品,
603919,金徽酒,17.65,0.63,0.11,34448.0,60914330.0,1.48,0.68,10.94,0.75,17.83,17.57,17.65,17.54,8953138947.0,8953138947.0,2.53,-17.29,-12.71,27.54,17.65,19.881416666666663,-11.223630106841808,True,2026-05-08,27.54,2.53,45.20276953511375,10.682492581602373,True,2026-05-08,8953138947.0,,3.9660056657223794,True,2026-02-10,,白酒Ⅱ,
605338,巴比食品,22.92,-0.13,-0.03,15942.0,36560513.0,1.48,0.67,29.08,0.71,23.12,22.78,22.92,22.95,5490867893.0,5490867893.0,2.3,-24.46,-26.82,19.4,22.92,27.890916666666666,-17.8227081098685,True,2026-05-08,19.4,2.3,26.498889711324946,28.497409326424872,True,2026-05-08,5490867893.0,,3.4904013961605584,True,2025-05-14,,食品加工,
688606,奥泰生物,54.44,-1.34,-0.74,8276.0,45044849.0,1.3,1.04,55.64,1.41,54.92,54.2,54.2,55.18,4316049746.0,4316049746.0,1.11,-20.87,-14.79,24.2,54.44,64.74275000000002,-15.913364816910025,True,2026-05-08,24.2,1.11,90.47195013357079,10.008071025020177,True,2026-05-08,4316049746.0,,4.592211609110948,True,2025-10-16,,医疗器械,
689009,九号公司-WD,42.68,-0.21,-0.09,112365.0,483102680.0,2.43,2.02,37.92,0.72,43.58,42.54,42.95,42.77,30843002937.0,23715469441.0,4.17,-21.62,-23.22,20.49,42.68,52.08141666666666,-18.051384290941897,True,2026-05-08,20.49,4.17,4.932378679395385,5.23168908819133,True,2026-05-08,30843002937.0,,3.6357310215557637,True,2025-10-31,,摩托车及其他,
